{"type":"FeatureCollection","features":[{"type":"Feature","id":1,"properties":{"adm1_name":"Amazonas","adm1_pcode":"VE02","source_id":1},"geometry":{"type":"Polygon","coordinates":[[[-67.435,6.187],[-67.44,6.197],[-67.448,6.194],[-67.456,6.191],[-67.462,6.185],[-67.468,6.179],[-67.475,6.174],[-67.481,6.168],[-67.487,6.162],[-67.49,6.154],[-67.492,6.146],[-67.494,6.138],[-67.494,6.13],[-67.491,6.122],[-67.487,6.114],[-67.482,6.107],[-67.476,6.1],[-67.474,6.092],[-67.473,6.084],[-67.469,6.077],[-67.465,6.07],[-67.46,6.063],[-67.454,6.057],[-67.447,6.052],[-67.441,6.046],[-67.433,6.042],[-67.427,6.036],[-67.428,6.028],[-67.424,6.021],[-67.417,6.016],[-67.411,6.01],[-67.41,6.002],[-67.41,5.994],[-67.414,5.987],[-67.421,5.982],[-67.429,5.979],[-67.437,5.976],[-67.444,5.972],[-67.451,5.967],[-67.458,5.963],[-67.464,5.957],[-67.47,5.951],[-67.473,5.943],[-67.478,5.936],[-67.485,5.932],[-67.492,5.928],[-67.499,5.923],[-67.507,5.919],[-67.515,5.916],[-67.522,5.912],[-67.529,5.907],[-67.536,5.901],[-67.542,5.894],[-67.547,5.887],[-67.551,5.88],[-67.557,5.874],[-67.561,5.866],[-67.565,5.858],[-67.572,5.853],[-67.579,5.848],[-67.585,5.842],[-67.591,5.836],[-67.596,5.829],[-67.599,5.821],[-67.6,5.813],[-67.602,5.805],[-67.607,5.798],[-67.61,5.79],[-67.61,5.782],[-67.612,5.774],[-67.615,5.766],[-67.616,5.758],[-67.619,5.75],[-67.623,5.743],[-67.628,5.736],[-67.632,5.729],[-67.633,5.721],[-67.633,5.713],[-67.633,5.705],[-67.634,5.697],[-67.634,5.689],[-67.636,5.681],[-67.638,5.673],[-67.638,5.665],[-67.638,5.657],[-67.638,5.649],[-67.635,5.641],[-67.631,5.634],[-67.631,5.626],[-67.629,5.618],[-67.628,5.61],[-67.626,5.602],[-67.622,5.595],[-67.62,5.587],[-67.62,5.579],[-67.621,5.571],[-67.619,5.563],[-67.612,5.558],[-67.605,5.553],[-67.6,5.546],[-67.6,5.538],[-67.602,5.53],[-67.607,5.523],[-67.614,5.519],[-67.619,5.512],[-67.621,5.504],[-67.623,5.496],[-67.623,5.488],[-67.624,5.48],[-67.628,5.473],[-67.634,5.467],[-67.641,5.462],[-67.648,5.457],[-67.654,5.451],[-67.661,5.445],[-67.667,5.439],[-67.674,5.434],[-67.68,5.428],[-67.688,5.426],[-67.696,5.424],[-67.704,5.422],[-67.711,5.416],[-67.718,5.41],[-67.722,5.403],[-67.728,5.397],[-67.736,5.394],[-67.743,5.39],[-67.751,5.387],[-67.758,5.383],[-67.764,5.377],[-67.771,5.372],[-67.778,5.368],[-67.786,5.364],[-67.794,5.362],[-67.801,5.358],[-67.807,5.352],[-67.812,5.345],[-67.818,5.337],[-67.826,5.329],[-67.833,5.325],[-67.839,5.319],[-67.844,5.312],[-67.85,5.304],[-67.85,5.288],[-67.851,5.28],[-67.847,5.27],[-67.84,5.265],[-67.831,5.262],[-67.826,5.255],[-67.824,5.247],[-67.827,5.236],[-67.83,5.227],[-67.83,5.215],[-67.827,5.205],[-67.824,5.196],[-67.831,5.187],[-67.838,5.178],[-67.842,5.165],[-67.847,5.155],[-67.85,5.147],[-67.855,5.138],[-67.852,5.128],[-67.846,5.121],[-67.839,5.113],[-67.835,5.105],[-67.83,5.095],[-67.824,5.087],[-67.823,5.079],[-67.822,5.066],[-67.812,5.06],[-67.806,5.054],[-67.81,5.042],[-67.82,5.029],[-67.821,5.014],[-67.821,5.005],[-67.821,4.996],[-67.822,4.988],[-67.823,4.977],[-67.826,4.966],[-67.83,4.958],[-67.836,4.95],[-67.839,4.942],[-67.837,4.93],[-67.837,4.921],[-67.836,4.913],[-67.836,4.899],[-67.836,4.89],[-67.836,4.882],[-67.833,4.874],[-67.829,4.866],[-67.826,4.858],[-67.823,4.84],[-67.823,4.83],[-67.823,4.82],[-67.822,4.806],[-67.824,4.798],[-67.826,4.787],[-67.826,4.777],[-67.826,4.768],[-67.825,4.757],[-67.824,4.74],[-67.823,4.729],[-67.819,4.722],[-67.818,4.714],[-67.82,4.7],[-67.823,4.692],[-67.828,4.682],[-67.837,4.666],[-67.842,4.655],[-67.845,4.645],[-67.845,4.636],[-67.845,4.625],[-67.844,4.615],[-67.846,4.601],[-67.843,4.586],[-67.842,4.578],[-67.84,4.569],[-67.839,4.557],[-67.846,4.549],[-67.855,4.539],[-67.858,4.531],[-67.854,4.518],[-67.846,4.511],[-67.84,4.505],[-67.832,4.502],[-67.823,4.499],[-67.813,4.493],[-67.805,4.486],[-67.799,4.48],[-67.793,4.471],[-67.792,4.463],[-67.796,4.45],[-67.798,4.441],[-67.795,4.433],[-67.787,4.425],[-67.776,4.421],[-67.772,4.412],[-67.778,4.404],[-67.781,4.392],[-67.78,4.384],[-67.775,4.377],[-67.766,4.367],[-67.762,4.355],[-67.762,4.347],[-67.768,4.339],[-67.782,4.34],[-67.791,4.34],[-67.799,4.335],[-67.804,4.327],[-67.806,4.315],[-67.802,4.303],[-67.797,4.292],[-67.791,4.277],[-67.793,4.269],[-67.795,4.261],[-67.796,4.25],[-67.798,4.242],[-67.798,4.234],[-67.795,4.226],[-67.789,4.219],[-67.781,4.211],[-67.777,4.204],[-67.776,4.19],[-67.774,4.176],[-67.77,4.167],[-67.765,4.16],[-67.757,4.152],[-67.749,4.147],[-67.742,4.139],[-67.736,4.128],[-67.731,4.115],[-67.729,4.104],[-67.726,4.095],[-67.723,4.086],[-67.721,4.075],[-67.719,4.065],[-67.716,4.056],[-67.711,4.049],[-67.703,4.04],[-67.7,4.026],[-67.699,4.018],[-67.698,4.007],[-67.698,3.994],[-67.697,3.977],[-67.696,3.969],[-67.693,3.958],[-67.691,3.95],[-67.692,3.939],[-67.69,3.93],[-67.684,3.921],[-67.681,3.913],[-67.673,3.909],[-67.665,3.899],[-67.661,3.89],[-67.659,3.882],[-67.653,3.874],[-67.649,3.862],[-67.645,3.852],[-67.645,3.842],[-67.645,3.831],[-67.645,3.82],[-67.644,3.811],[-67.64,3.804],[-67.636,3.793],[-67.632,3.784],[-67.625,3.78],[-67.621,3.772],[-67.616,3.763],[-67.61,3.754],[-67.598,3.752],[-67.588,3.752],[-67.577,3.753],[-67.566,3.755],[-67.558,3.757],[-67.548,3.755],[-67.54,3.757],[-67.532,3.765],[-67.527,3.772],[-67.519,3.775],[-67.509,3.771],[-67.501,3.767],[-67.497,3.759],[-67.492,3.751],[-67.487,3.743],[-67.486,3.731],[-67.485,3.722],[-67.483,3.712],[-67.479,3.705],[-67.474,3.698],[-67.468,3.69],[-67.464,3.683],[-67.454,3.683],[-67.448,3.676],[-67.449,3.668],[-67.453,3.659],[-67.447,3.65],[-67.439,3.643],[-67.44,3.635],[-67.445,3.614],[-67.447,3.604],[-67.445,3.593],[-67.444,3.585],[-67.435,3.58],[-67.431,3.571],[-67.431,3.562],[-67.426,3.555],[-67.418,3.548],[-67.414,3.541],[-67.41,3.534],[-67.41,3.525],[-67.408,3.517],[-67.408,3.506],[-67.406,3.496],[-67.404,3.486],[-67.399,3.476],[-67.391,3.47],[-67.381,3.47],[-67.373,3.468],[-67.362,3.462],[-67.353,3.457],[-67.344,3.454],[-67.336,3.447],[-67.333,3.437],[-67.33,3.426],[-67.326,3.419],[-67.32,3.41],[-67.317,3.401],[-67.312,3.391],[-67.312,3.382],[-67.314,3.372],[-67.323,3.366],[-67.325,3.357],[-67.329,3.35],[-67.333,3.342],[-67.336,3.332],[-67.343,3.325],[-67.35,3.319],[-67.357,3.309],[-67.366,3.304],[-67.375,3.301],[-67.382,3.293],[-67.381,3.285],[-67.383,3.272],[-67.384,3.261],[-67.381,3.252],[-67.424,3.248],[-67.433,3.248],[-67.446,3.238],[-67.465,3.221],[-67.479,3.209],[-67.516,3.175],[-67.538,3.156],[-67.545,3.149],[-67.664,3.043],[-67.731,2.983],[-67.825,2.899],[-67.84,2.885],[-67.863,2.865],[-67.864,2.793],[-67.857,2.788],[-67.85,2.792],[-67.842,2.793],[-67.835,2.799],[-67.832,2.807],[-67.83,2.816],[-67.826,2.823],[-67.817,2.83],[-67.809,2.831],[-67.8,2.828],[-67.792,2.827],[-67.783,2.827],[-67.775,2.829],[-67.766,2.831],[-67.758,2.835],[-67.75,2.838],[-67.74,2.838],[-67.735,2.831],[-67.738,2.823],[-67.734,2.816],[-67.725,2.813],[-67.716,2.811],[-67.706,2.808],[-67.697,2.806],[-67.689,2.803],[-67.678,2.801],[-67.669,2.8],[-67.661,2.797],[-67.652,2.797],[-67.645,2.804],[-67.638,2.81],[-67.63,2.812],[-67.621,2.814],[-67.612,2.81],[-67.608,2.802],[-67.601,2.796],[-67.595,2.79],[-67.589,2.783],[-67.585,2.775],[-67.584,2.767],[-67.586,2.758],[-67.586,2.75],[-67.582,2.741],[-67.574,2.736],[-67.567,2.729],[-67.563,2.721],[-67.564,2.713],[-67.565,2.705],[-67.565,2.697],[-67.568,2.689],[-67.569,2.681],[-67.569,2.67],[-67.566,2.662],[-67.56,2.655],[-67.552,2.656],[-67.545,2.664],[-67.538,2.669],[-67.53,2.671],[-67.522,2.673],[-67.514,2.67],[-67.506,2.666],[-67.497,2.667],[-67.487,2.667],[-67.483,2.66],[-67.48,2.651],[-67.477,2.643],[-67.474,2.634],[-67.471,2.626],[-67.466,2.619],[-67.457,2.621],[-67.449,2.618],[-67.443,2.612],[-67.435,2.604],[-67.43,2.597],[-67.423,2.591],[-67.416,2.585],[-67.407,2.579],[-67.399,2.577],[-67.391,2.572],[-67.386,2.563],[-67.387,2.554],[-67.384,2.545],[-67.376,2.541],[-67.369,2.536],[-67.361,2.533],[-67.353,2.53],[-67.345,2.525],[-67.339,2.519],[-67.335,2.509],[-67.337,2.501],[-67.332,2.492],[-67.327,2.485],[-67.319,2.48],[-67.314,2.473],[-67.31,2.466],[-67.303,2.461],[-67.302,2.452],[-67.299,2.444],[-67.292,2.439],[-67.285,2.435],[-67.277,2.43],[-67.268,2.43],[-67.259,2.428],[-67.254,2.421],[-67.248,2.415],[-67.241,2.41],[-67.234,2.406],[-67.226,2.402],[-67.219,2.396],[-67.214,2.389],[-67.213,2.381],[-67.205,2.371],[-67.201,2.364],[-67.194,2.358],[-67.188,2.35],[-67.186,2.342],[-67.191,2.335],[-67.195,2.327],[-67.2,2.319],[-67.207,2.314],[-67.214,2.31],[-67.218,2.3],[-67.218,2.292],[-67.214,2.285],[-67.215,2.277],[-67.216,2.269],[-67.221,2.262],[-67.222,2.254],[-67.218,2.246],[-67.214,2.239],[-67.208,2.231],[-67.203,2.224],[-67.202,2.216],[-67.2,2.208],[-67.196,2.2],[-67.195,2.192],[-67.192,2.181],[-67.188,2.174],[-67.184,2.166],[-67.179,2.159],[-67.175,2.151],[-67.169,2.143],[-67.164,2.136],[-67.158,2.129],[-67.15,2.126],[-67.142,2.129],[-67.134,2.134],[-67.125,2.137],[-67.117,2.135],[-67.112,2.127],[-67.108,2.119],[-67.106,2.11],[-67.106,2.101],[-67.105,2.092],[-67.103,2.084],[-67.1,2.076],[-67.098,2.064],[-67.097,2.055],[-67.101,2.045],[-67.105,2.038],[-67.108,2.03],[-67.114,2.023],[-67.115,2.014],[-67.116,2.006],[-67.12,1.998],[-67.122,1.989],[-67.123,1.981],[-67.115,1.976],[-67.109,1.969],[-67.105,1.962],[-67.098,1.955],[-67.091,1.951],[-67.087,1.943],[-67.076,1.939],[-67.07,1.931],[-67.067,1.923],[-67.064,1.915],[-67.06,1.906],[-67.059,1.898],[-67.057,1.888],[-67.053,1.878],[-67.05,1.869],[-67.047,1.861],[-67.042,1.853],[-67.035,1.845],[-67.036,1.835],[-67.037,1.825],[-67.038,1.814],[-67.037,1.805],[-67.035,1.797],[-67.034,1.789],[-67.031,1.781],[-67.023,1.774],[-67.018,1.767],[-67.014,1.759],[-67.013,1.751],[-67.013,1.742],[-67.008,1.733],[-67.002,1.725],[-66.999,1.717],[-66.996,1.709],[-66.992,1.702],[-66.99,1.691],[-66.983,1.686],[-66.975,1.683],[-66.967,1.677],[-66.962,1.669],[-66.963,1.66],[-66.964,1.645],[-66.961,1.634],[-66.959,1.624],[-66.96,1.616],[-66.961,1.602],[-66.963,1.594],[-66.959,1.586],[-66.948,1.581],[-66.942,1.575],[-66.938,1.567],[-66.934,1.559],[-66.931,1.55],[-66.926,1.543],[-66.922,1.535],[-66.92,1.525],[-66.919,1.515],[-66.915,1.507],[-66.91,1.496],[-66.909,1.486],[-66.909,1.473],[-66.911,1.464],[-66.911,1.456],[-66.911,1.448],[-66.911,1.44],[-66.912,1.432],[-66.911,1.423],[-66.906,1.413],[-66.896,1.407],[-66.888,1.404],[-66.879,1.401],[-66.872,1.395],[-66.866,1.384],[-66.859,1.374],[-66.855,1.365],[-66.852,1.356],[-66.851,1.346],[-66.849,1.338],[-66.848,1.329],[-66.848,1.319],[-66.854,1.312],[-66.862,1.311],[-66.87,1.308],[-66.876,1.3],[-66.881,1.29],[-66.881,1.282],[-66.879,1.274],[-66.876,1.263],[-66.869,1.255],[-66.861,1.249],[-66.855,1.242],[-66.852,1.233],[-66.842,1.206],[-66.835,1.2],[-66.81,1.178],[-66.569,0.959],[-66.497,0.894],[-66.321,0.734],[-66.213,0.765],[-66.2,0.76],[-66.179,0.748],[-66.153,0.737],[-66.143,0.735],[-66.131,0.735],[-66.122,0.737],[-66.08,0.773],[-66.066,0.788],[-66.054,0.785],[-66.011,0.787],[-65.989,0.788],[-65.96,0.797],[-65.949,0.811],[-65.941,0.822],[-65.928,0.855],[-65.921,0.86],[-65.906,0.865],[-65.896,0.871],[-65.89,0.883],[-65.888,0.894],[-65.886,0.905],[-65.882,0.919],[-65.87,0.923],[-65.808,0.935],[-65.785,0.943],[-65.764,0.953],[-65.749,0.966],[-65.746,0.975],[-65.74,0.981],[-65.723,0.989],[-65.714,0.988],[-65.694,0.982],[-65.673,0.98],[-65.654,0.99],[-65.641,0.986],[-65.634,0.98],[-65.627,0.976],[-65.62,0.981],[-65.612,0.994],[-65.604,0.992],[-65.591,0.983],[-65.57,0.977],[-65.556,0.971],[-65.545,0.946],[-65.521,0.894],[-65.511,0.873],[-65.505,0.848],[-65.507,0.82],[-65.529,0.79],[-65.541,0.776],[-65.552,0.762],[-65.58,0.732],[-65.584,0.722],[-65.591,0.701],[-65.588,0.681],[-65.573,0.658],[-65.563,0.646],[-65.556,0.639],[-65.546,0.635],[-65.53,0.646],[-65.521,0.652],[-65.503,0.653],[-65.472,0.663],[-65.447,0.668],[-65.432,0.682],[-65.422,0.703],[-65.416,0.725],[-65.408,0.736],[-65.401,0.75],[-65.406,0.771],[-65.406,0.81],[-65.393,0.831],[-65.367,0.853],[-65.358,0.863],[-65.344,0.886],[-65.338,0.894],[-65.324,0.912],[-65.299,0.921],[-65.27,0.92],[-65.254,0.91],[-65.239,0.902],[-65.225,0.908],[-65.198,0.902],[-65.184,0.916],[-65.173,0.938],[-65.166,0.978],[-65.165,1.024],[-65.161,1.055],[-65.161,1.074],[-65.138,1.114],[-65.128,1.119],[-65.102,1.131],[-65.067,1.111],[-65.062,1.094],[-65.044,1.082],[-65.014,1.09],[-65.014,1.109],[-65.015,1.13],[-64.999,1.15],[-64.988,1.153],[-64.976,1.164],[-64.964,1.176],[-64.96,1.188],[-64.948,1.193],[-64.921,1.207],[-64.911,1.215],[-64.9,1.216],[-64.891,1.216],[-64.877,1.211],[-64.867,1.219],[-64.856,1.243],[-64.84,1.273],[-64.83,1.28],[-64.821,1.283],[-64.8,1.284],[-64.785,1.277],[-64.786,1.26],[-64.787,1.235],[-64.778,1.22],[-64.755,1.207],[-64.738,1.207],[-64.721,1.218],[-64.713,1.235],[-64.709,1.252],[-64.706,1.261],[-64.698,1.265],[-64.665,1.277],[-64.642,1.284],[-64.625,1.299],[-64.616,1.308],[-64.6,1.317],[-64.584,1.325],[-64.576,1.336],[-64.571,1.349],[-64.563,1.373],[-64.557,1.391],[-64.539,1.4],[-64.532,1.41],[-64.527,1.423],[-64.513,1.437],[-64.504,1.443],[-64.461,1.452],[-64.427,1.474],[-64.403,1.497],[-64.387,1.508],[-64.375,1.509],[-64.359,1.506],[-64.347,1.5],[-64.341,1.488],[-64.348,1.469],[-64.357,1.447],[-64.369,1.425],[-64.391,1.41],[-64.398,1.392],[-64.394,1.377],[-64.38,1.371],[-64.365,1.364],[-64.355,1.359],[-64.347,1.347],[-64.34,1.343],[-64.33,1.345],[-64.322,1.358],[-64.32,1.387],[-64.312,1.413],[-64.303,1.435],[-64.284,1.455],[-64.276,1.462],[-64.248,1.476],[-64.223,1.487],[-64.196,1.505],[-64.186,1.515],[-64.182,1.532],[-64.176,1.541],[-64.164,1.545],[-64.143,1.554],[-64.099,1.57],[-64.072,1.613],[-64.068,1.642],[-64.066,1.65],[-64.06,1.68],[-64.06,1.717],[-64.061,1.767],[-64.056,1.781],[-64.052,1.808],[-64.056,1.829],[-64.057,1.852],[-64.05,1.871],[-64.046,1.886],[-64.046,1.902],[-64.045,1.92],[-64.019,1.946],[-63.994,1.966],[-63.985,1.97],[-63.967,1.977],[-63.945,1.974],[-63.889,1.977],[-63.879,1.977],[-63.864,1.973],[-63.85,1.963],[-63.842,1.956],[-63.817,1.972],[-63.802,1.979],[-63.784,1.978],[-63.756,1.976],[-63.746,1.983],[-63.726,2.003],[-63.717,2.016],[-63.702,2.027],[-63.689,2.026],[-63.669,2.014],[-63.659,2.01],[-63.652,2.039],[-63.628,2.053],[-63.619,2.068],[-63.608,2.092],[-63.582,2.1],[-63.57,2.107],[-63.558,2.115],[-63.545,2.117],[-63.51,2.109],[-63.494,2.107],[-63.483,2.114],[-63.476,2.119],[-63.464,2.13],[-63.451,2.128],[-63.403,2.123],[-63.39,2.137],[-63.388,2.163],[-63.39,2.178],[-63.391,2.188],[-63.37,2.212],[-63.361,2.235],[-63.356,2.296],[-63.368,2.325],[-63.372,2.346],[-63.363,2.362],[-63.352,2.376],[-63.349,2.392],[-63.373,2.4],[-63.405,2.396],[-63.434,2.4],[-63.471,2.415],[-63.501,2.41],[-63.536,2.41],[-63.559,2.419],[-63.579,2.423],[-63.606,2.436],[-63.632,2.443],[-63.659,2.445],[-63.678,2.44],[-63.709,2.417],[-63.724,2.415],[-63.757,2.41],[-63.808,2.402],[-63.825,2.399],[-63.838,2.403],[-63.861,2.414],[-63.876,2.423],[-63.895,2.43],[-63.916,2.438],[-63.936,2.453],[-63.953,2.46],[-63.971,2.458],[-64.002,2.455],[-64.023,2.465],[-64.038,2.485],[-64.045,2.495],[-64.043,2.505],[-64.037,2.522],[-64.033,2.536],[-64.032,2.55],[-64.02,2.57],[-64.002,2.593],[-63.984,2.631],[-63.991,2.655],[-63.993,2.679],[-63.989,2.718],[-63.992,2.732],[-63.993,2.75],[-64.003,2.781],[-64.018,2.798],[-64.05,2.824],[-64.059,2.838],[-64.069,2.852],[-64.073,2.893],[-64.079,2.912],[-64.089,2.925],[-64.113,2.943],[-64.144,3.02],[-64.164,3.047],[-64.2,3.073],[-64.22,3.093],[-64.227,3.117],[-64.227,3.133],[-64.223,3.142],[-64.218,3.153],[-64.208,3.186],[-64.208,3.204],[-64.214,3.221],[-64.215,3.233],[-64.213,3.25],[-64.216,3.272],[-64.223,3.294],[-64.23,3.322],[-64.229,3.337],[-64.228,3.379],[-64.236,3.401],[-64.238,3.417],[-64.23,3.438],[-64.221,3.452],[-64.214,3.463],[-64.194,3.495],[-64.188,3.518],[-64.182,3.535],[-64.18,3.548],[-64.216,3.603],[-64.23,3.627],[-64.245,3.645],[-64.257,3.651],[-64.268,3.66],[-64.273,3.672],[-64.279,3.686],[-64.293,3.7],[-64.302,3.706],[-64.325,3.72],[-64.342,3.731],[-64.364,3.746],[-64.384,3.754],[-64.402,3.765],[-64.42,3.769],[-64.43,3.777],[-64.438,3.78],[-64.458,3.783],[-64.478,3.79],[-64.488,3.804],[-64.506,3.823],[-64.523,3.836],[-64.548,3.853],[-64.555,3.878],[-64.574,3.915],[-64.588,3.927],[-64.608,3.942],[-64.613,3.954],[-64.622,3.971],[-64.622,3.99],[-64.626,3.997],[-64.636,4.002],[-64.645,4.001],[-64.656,3.999],[-64.665,4.0],[-64.676,4.011],[-64.688,4.015],[-64.694,4.024],[-64.691,4.033],[-64.679,4.035],[-64.675,4.044],[-64.678,4.056],[-64.683,4.064],[-64.693,4.057],[-64.697,4.049],[-64.707,4.047],[-64.717,4.042],[-64.728,4.045],[-64.737,4.048],[-64.749,4.054],[-64.753,4.065],[-64.759,4.074],[-64.762,4.082],[-64.758,4.09],[-64.754,4.097],[-64.749,4.104],[-64.75,4.112],[-64.744,4.122],[-64.734,4.132],[-64.741,4.136],[-64.755,4.139],[-64.766,4.148],[-64.776,4.157],[-64.786,4.158],[-64.793,4.166],[-64.793,4.176],[-64.789,4.183],[-64.79,4.194],[-64.787,4.206],[-64.784,4.214],[-64.784,4.224],[-64.782,4.234],[-64.772,4.239],[-64.779,4.249],[-64.786,4.254],[-64.793,4.26],[-64.802,4.269],[-64.806,4.277],[-64.806,4.286],[-64.8,4.295],[-64.793,4.304],[-64.785,4.307],[-64.775,4.299],[-64.77,4.292],[-64.762,4.284],[-64.753,4.28],[-64.744,4.273],[-64.737,4.268],[-64.726,4.264],[-64.718,4.256],[-64.711,4.249],[-64.702,4.236],[-64.697,4.221],[-64.692,4.211],[-64.681,4.208],[-64.673,4.209],[-64.647,4.214],[-64.647,4.223],[-64.647,4.234],[-64.643,4.242],[-64.635,4.254],[-64.622,4.292],[-64.636,4.338],[-64.659,4.36],[-64.696,4.416],[-64.678,4.451],[-64.654,4.453],[-64.609,4.457],[-64.604,4.467],[-64.595,4.526],[-64.603,4.565],[-64.565,4.615],[-64.549,4.637],[-64.563,4.678],[-64.602,4.688],[-64.628,4.671],[-64.644,4.66],[-64.696,4.652],[-64.718,4.673],[-64.744,4.668],[-64.757,4.653],[-64.767,4.643],[-64.773,4.636],[-64.789,4.597],[-64.85,4.57],[-64.903,4.585],[-64.934,4.636],[-64.963,4.677],[-65.015,4.706],[-65.061,4.773],[-65.103,4.821],[-65.125,4.866],[-65.125,4.929],[-65.126,4.962],[-65.102,5.002],[-65.087,5.03],[-65.098,5.03],[-65.115,5.028],[-65.126,5.03],[-65.134,5.044],[-65.136,5.056],[-65.14,5.067],[-65.141,5.077],[-65.138,5.091],[-65.135,5.1],[-65.132,5.11],[-65.134,5.133],[-65.154,5.176],[-65.169,5.185],[-65.186,5.172],[-65.194,5.165],[-65.2,5.159],[-65.209,5.149],[-65.222,5.143],[-65.231,5.154],[-65.234,5.165],[-65.254,5.209],[-65.283,5.268],[-65.269,5.294],[-65.221,5.3],[-65.177,5.331],[-65.126,5.347],[-65.114,5.359],[-65.108,5.365],[-65.107,5.375],[-65.107,5.383],[-65.12,5.395],[-65.141,5.406],[-65.155,5.444],[-65.144,5.495],[-65.149,5.538],[-65.194,5.57],[-65.224,5.626],[-65.242,5.64],[-65.253,5.662],[-65.238,5.684],[-65.21,5.722],[-65.206,5.751],[-65.222,5.764],[-65.261,5.767],[-65.284,5.768],[-65.303,5.762],[-65.325,5.752],[-65.345,5.74],[-65.356,5.713],[-65.364,5.71],[-65.379,5.706],[-65.386,5.71],[-65.388,5.725],[-65.392,5.733],[-65.376,5.737],[-65.397,5.74],[-65.432,5.734],[-65.44,5.733],[-65.469,5.712],[-65.478,5.705],[-65.497,5.679],[-65.505,5.681],[-65.513,5.697],[-65.521,5.695],[-65.531,5.678],[-65.54,5.68],[-65.549,5.688],[-65.563,5.715],[-65.564,5.731],[-65.569,5.741],[-65.575,5.753],[-65.59,5.775],[-65.59,5.784],[-65.601,5.812],[-65.603,5.826],[-65.595,5.845],[-65.595,5.855],[-65.603,5.863],[-65.618,5.874],[-65.626,5.88],[-65.633,5.892],[-65.625,5.902],[-65.617,5.912],[-65.611,5.924],[-65.608,5.935],[-65.608,5.945],[-65.604,5.953],[-65.599,5.962],[-65.598,5.971],[-65.601,5.987],[-65.602,5.998],[-65.601,6.008],[-65.596,6.018],[-65.587,6.033],[-65.583,6.044],[-65.58,6.055],[-65.57,6.07],[-65.565,6.078],[-65.562,6.091],[-65.562,6.103],[-65.565,6.113],[-65.57,6.126],[-65.576,6.14],[-65.586,6.145],[-65.596,6.15],[-65.608,6.154],[-65.622,6.154],[-65.63,6.152],[-65.637,6.144],[-65.649,6.132],[-65.676,6.124],[-65.686,6.125],[-65.695,6.12],[-65.706,6.117],[-65.715,6.113],[-65.733,6.113],[-65.745,6.113],[-65.754,6.114],[-65.765,6.114],[-65.776,6.117],[-65.788,6.114],[-65.798,6.109],[-65.813,6.105],[-65.824,6.105],[-65.834,6.098],[-65.84,6.09],[-65.845,6.073],[-65.846,6.061],[-65.849,6.052],[-65.852,6.039],[-65.853,6.026],[-65.854,6.016],[-65.856,6.004],[-65.873,5.977],[-65.899,5.948],[-65.903,5.938],[-65.905,5.928],[-65.909,5.917],[-65.913,5.908],[-65.92,5.9],[-65.935,5.89],[-65.94,5.882],[-65.947,5.866],[-65.949,5.858],[-65.957,5.853],[-65.965,5.85],[-65.977,5.845],[-65.985,5.838],[-65.987,5.828],[-65.984,5.818],[-65.986,5.805],[-65.993,5.801],[-66.008,5.798],[-66.021,5.788],[-66.029,5.778],[-66.029,5.764],[-66.029,5.755],[-66.03,5.743],[-66.031,5.734],[-66.034,5.72],[-66.047,5.716],[-66.063,5.717],[-66.105,5.73],[-66.174,5.747],[-66.224,5.759],[-66.237,5.762],[-66.29,5.775],[-66.311,5.785],[-66.316,5.792],[-66.327,5.809],[-66.342,5.822],[-66.358,5.812],[-66.367,5.799],[-66.38,5.786],[-66.405,5.769],[-66.423,5.778],[-66.439,5.784],[-66.451,5.787],[-66.464,5.789],[-66.483,5.787],[-66.483,5.779],[-66.499,5.774],[-66.533,5.763],[-66.585,5.735],[-66.599,5.738],[-66.607,5.741],[-66.636,5.744],[-66.702,5.718],[-66.718,5.714],[-66.738,5.71],[-66.857,5.684],[-66.871,5.677],[-66.914,5.657],[-66.915,5.665],[-66.923,5.671],[-66.925,5.679],[-66.932,5.683],[-66.932,5.692],[-66.941,5.689],[-66.949,5.681],[-66.954,5.673],[-66.957,5.664],[-66.95,5.657],[-66.945,5.649],[-66.954,5.642],[-66.999,5.636],[-67.009,5.646],[-67.041,5.679],[-67.06,5.717],[-67.096,5.734],[-67.1,5.745],[-67.11,5.752],[-67.119,5.752],[-67.129,5.749],[-67.129,5.739],[-67.127,5.73],[-67.132,5.723],[-67.14,5.724],[-67.147,5.72],[-67.158,5.718],[-67.168,5.714],[-67.176,5.716],[-67.191,5.706],[-67.201,5.706],[-67.216,5.726],[-67.209,5.79],[-67.206,5.8],[-67.202,5.808],[-67.192,5.848],[-67.188,5.855],[-67.186,5.863],[-67.188,5.877],[-67.187,5.885],[-67.18,5.891],[-67.16,5.898],[-67.152,5.925],[-67.148,5.934],[-67.135,5.982],[-67.131,6.015],[-67.12,6.03],[-67.126,6.05],[-67.143,6.065],[-67.169,6.101],[-67.174,6.108],[-67.183,6.114],[-67.194,6.119],[-67.202,6.121],[-67.213,6.118],[-67.221,6.119],[-67.231,6.116],[-67.239,6.113],[-67.247,6.11],[-67.255,6.108],[-67.263,6.109],[-67.273,6.109],[-67.277,6.116],[-67.285,6.121],[-67.291,6.127],[-67.295,6.135],[-67.299,6.142],[-67.306,6.148],[-67.314,6.147],[-67.322,6.15],[-67.331,6.15],[-67.34,6.15],[-67.347,6.146],[-67.355,6.142],[-67.357,6.134],[-67.364,6.129],[-67.371,6.125],[-67.379,6.124],[-67.387,6.127],[-67.395,6.129],[-67.402,6.133],[-67.408,6.14],[-67.406,6.148],[-67.409,6.156],[-67.415,6.163],[-67.42,6.17],[-67.428,6.173],[-67.432,6.181],[-67.434,6.186],[-67.435,6.187]]]}},{"type":"Feature","id":2,"properties":{"adm1_name":"Anzoátegui","adm1_pcode":"VE03","source_id":2},"geometry":{"type":"MultiPolygon","coordinates":[[[[-64.598,10.254],[-64.606,10.255],[-64.614,10.253],[-64.622,10.255],[-64.629,10.25],[-64.621,10.25],[-64.613,10.252],[-64.613,10.244],[-64.621,10.241],[-64.629,10.242],[-64.633,10.235],[-64.635,10.227],[-64.641,10.221],[-64.646,10.214],[-64.654,10.211],[-64.662,10.209],[-64.669,10.205],[-64.677,10.204],[-64.692,10.203],[-64.703,10.206],[-64.706,10.223],[-64.71,10.216],[-64.714,10.209],[-64.708,10.203],[-64.7,10.202],[-64.696,10.195],[-64.698,10.187],[-64.701,10.179],[-64.707,10.172],[-64.711,10.165],[-64.708,10.157],[-64.711,10.149],[-64.715,10.142],[-64.716,10.134],[-64.727,10.121],[-64.734,10.115],[-64.743,10.11],[-64.761,10.1],[-64.77,10.098],[-64.785,10.094],[-64.797,10.091],[-64.807,10.088],[-64.815,10.086],[-64.829,10.085],[-64.838,10.085],[-64.852,10.085],[-64.864,10.085],[-64.873,10.085],[-64.882,10.086],[-64.896,10.088],[-64.907,10.09],[-64.916,10.092],[-64.928,10.094],[-64.94,10.098],[-64.949,10.098],[-64.957,10.095],[-64.968,10.089],[-64.975,10.085],[-64.984,10.081],[-64.992,10.077],[-65.002,10.076],[-65.011,10.074],[-65.022,10.072],[-65.03,10.07],[-65.04,10.068],[-65.047,10.064],[-65.06,10.061],[-65.073,10.062],[-65.084,10.063],[-65.095,10.066],[-65.104,10.067],[-65.113,10.069],[-65.121,10.071],[-65.137,10.076],[-65.145,10.079],[-65.153,10.082],[-65.161,10.084],[-65.171,10.089],[-65.182,10.093],[-65.191,10.097],[-65.202,10.1],[-65.211,10.102],[-65.221,10.104],[-65.229,10.105],[-65.238,10.107],[-65.25,10.108],[-65.265,10.11],[-65.273,10.111],[-65.286,10.113],[-65.295,10.115],[-65.304,10.116],[-65.319,10.118],[-65.331,10.119],[-65.343,10.121],[-65.351,10.123],[-65.363,10.125],[-65.373,10.127],[-65.382,10.128],[-65.394,10.13],[-65.406,10.133],[-65.414,10.136],[-65.422,10.138],[-65.431,10.141],[-65.429,10.132],[-65.434,10.125],[-65.441,10.121],[-65.447,10.115],[-65.453,10.108],[-65.456,10.099],[-65.46,10.092],[-65.468,10.091],[-65.474,10.085],[-65.483,10.084],[-65.49,10.08],[-65.49,10.072],[-65.496,10.066],[-65.504,10.066],[-65.51,10.06],[-65.518,10.056],[-65.527,10.054],[-65.533,10.047],[-65.536,10.039],[-65.54,10.032],[-65.542,10.023],[-65.55,10.018],[-65.552,10.01],[-65.554,10.002],[-65.562,10.005],[-65.571,10.005],[-65.58,10.008],[-65.588,10.005],[-65.596,10.002],[-65.605,10.0],[-65.602,9.992],[-65.602,9.983],[-65.605,9.975],[-65.614,9.971],[-65.623,9.969],[-65.628,9.961],[-65.632,9.954],[-65.642,9.951],[-65.656,9.952],[-65.666,9.954],[-65.669,9.963],[-65.675,9.971],[-65.684,9.976],[-65.692,9.98],[-65.7,9.979],[-65.708,9.976],[-65.715,9.967],[-65.717,9.936],[-65.717,9.924],[-65.713,9.915],[-65.718,9.907],[-65.723,9.89],[-65.722,9.877],[-65.717,9.864],[-65.707,9.859],[-65.706,9.846],[-65.713,9.84],[-65.709,9.833],[-65.704,9.826],[-65.699,9.817],[-65.693,9.811],[-65.688,9.804],[-65.678,9.799],[-65.677,9.791],[-65.677,9.782],[-65.672,9.774],[-65.689,9.715],[-65.698,9.687],[-65.648,9.633],[-65.647,9.56],[-65.502,9.558],[-65.495,9.565],[-65.43,9.654],[-65.425,9.646],[-65.423,9.638],[-65.417,9.631],[-65.41,9.623],[-65.409,9.614],[-65.41,9.605],[-65.404,9.599],[-65.396,9.593],[-65.39,9.586],[-65.381,9.581],[-65.376,9.573],[-65.371,9.565],[-65.365,9.558],[-65.356,9.554],[-65.347,9.549],[-65.34,9.542],[-65.337,9.534],[-65.329,9.533],[-65.322,9.526],[-65.316,9.518],[-65.309,9.514],[-65.3,9.518],[-65.292,9.514],[-65.282,9.514],[-65.274,9.516],[-65.266,9.514],[-65.258,9.514],[-65.249,9.512],[-65.242,9.504],[-65.236,9.498],[-65.228,9.501],[-65.223,9.494],[-65.217,9.488],[-65.214,9.48],[-65.213,9.472],[-65.204,9.476],[-65.207,9.468],[-65.212,9.46],[-65.204,9.458],[-65.204,9.447],[-65.201,9.438],[-65.212,9.439],[-65.209,9.43],[-65.216,9.425],[-65.224,9.429],[-65.228,9.42],[-65.236,9.416],[-65.233,9.408],[-65.237,9.401],[-65.247,9.402],[-65.247,9.393],[-65.256,9.394],[-65.265,9.392],[-65.27,9.382],[-65.279,9.38],[-65.286,9.375],[-65.295,9.375],[-65.303,9.373],[-65.31,9.369],[-65.3,9.369],[-65.294,9.361],[-65.289,9.354],[-65.297,9.352],[-65.307,9.352],[-65.314,9.346],[-65.306,9.342],[-65.298,9.341],[-65.297,9.332],[-65.289,9.333],[-65.282,9.328],[-65.278,9.321],[-65.276,9.312],[-65.275,9.304],[-65.267,9.303],[-65.266,9.295],[-65.269,9.287],[-65.27,9.279],[-65.263,9.273],[-65.259,9.266],[-65.251,9.264],[-65.243,9.264],[-65.239,9.257],[-65.238,9.249],[-65.237,9.241],[-65.236,9.233],[-65.228,9.234],[-65.22,9.236],[-65.221,9.228],[-65.213,9.224],[-65.21,9.216],[-65.201,9.211],[-65.205,9.204],[-65.206,9.195],[-65.199,9.19],[-65.192,9.183],[-65.191,9.175],[-65.181,9.172],[-65.175,9.166],[-65.167,9.169],[-65.159,9.165],[-65.151,9.168],[-65.144,9.173],[-65.139,9.166],[-65.132,9.171],[-65.124,9.169],[-65.116,9.167],[-65.107,9.166],[-65.102,9.173],[-65.093,9.172],[-65.085,9.169],[-65.08,9.162],[-65.077,9.154],[-65.07,9.15],[-65.062,9.147],[-65.055,9.141],[-65.048,9.137],[-65.039,9.136],[-65.031,9.135],[-65.025,9.129],[-65.021,9.12],[-65.013,9.123],[-65.009,9.116],[-65.001,9.114],[-64.993,9.114],[-64.985,9.115],[-64.979,9.108],[-64.976,9.1],[-64.969,9.096],[-64.967,9.088],[-64.971,9.081],[-64.967,9.073],[-64.96,9.068],[-64.958,9.06],[-64.95,9.059],[-64.946,9.052],[-64.941,9.045],[-64.948,9.039],[-64.949,9.029],[-64.953,9.021],[-64.958,9.013],[-64.95,9.009],[-64.942,9.004],[-64.936,8.998],[-64.934,8.99],[-64.926,8.987],[-64.918,8.988],[-64.91,8.985],[-64.902,8.981],[-64.897,8.974],[-64.89,8.969],[-64.886,8.962],[-64.88,8.954],[-64.876,8.946],[-64.871,8.938],[-64.863,8.939],[-64.856,8.935],[-64.849,8.93],[-64.841,8.923],[-64.833,8.921],[-64.827,8.914],[-64.819,8.912],[-64.812,8.908],[-64.808,8.9],[-64.8,8.897],[-64.796,8.89],[-64.793,8.881],[-64.786,8.877],[-64.779,8.873],[-64.781,8.864],[-64.779,8.856],[-64.776,8.848],[-64.775,8.839],[-64.777,8.83],[-64.779,8.822],[-64.781,8.814],[-64.848,8.698],[-64.856,8.697],[-64.865,8.7],[-64.873,8.705],[-64.879,8.711],[-64.888,8.714],[-64.896,8.715],[-64.901,8.722],[-64.906,8.729],[-64.912,8.736],[-64.913,8.744],[-64.922,8.747],[-64.931,8.746],[-64.939,8.743],[-64.947,8.745],[-64.956,8.745],[-64.963,8.75],[-64.972,8.75],[-64.98,8.75],[-64.988,8.749],[-64.997,8.745],[-65.005,8.746],[-65.012,8.742],[-65.02,8.738],[-65.027,8.742],[-65.035,8.741],[-65.043,8.744],[-65.051,8.747],[-65.058,8.753],[-65.064,8.759],[-65.072,8.761],[-65.08,8.764],[-65.088,8.761],[-65.095,8.757],[-65.102,8.751],[-65.11,8.749],[-65.117,8.745],[-65.124,8.749],[-65.132,8.748],[-65.139,8.744],[-65.145,8.738],[-65.148,8.73],[-65.15,8.722],[-65.157,8.718],[-65.159,8.71],[-65.167,8.707],[-65.168,8.699],[-65.171,8.691],[-65.167,8.684],[-65.165,8.676],[-65.167,8.668],[-65.171,8.661],[-65.17,8.653],[-65.17,8.645],[-65.166,8.638],[-65.163,8.63],[-65.158,8.623],[-65.152,8.617],[-65.148,8.61],[-65.153,8.603],[-65.146,8.599],[-65.15,8.592],[-65.148,8.584],[-65.144,8.577],[-65.15,8.571],[-65.148,8.563],[-65.151,8.555],[-65.148,8.547],[-65.155,8.543],[-65.154,8.535],[-65.16,8.529],[-65.163,8.521],[-65.158,8.513],[-65.165,8.508],[-65.17,8.501],[-65.169,8.493],[-65.175,8.487],[-65.178,8.479],[-65.183,8.472],[-65.176,8.468],[-65.179,8.46],[-65.178,8.452],[-65.182,8.445],[-65.184,8.437],[-65.187,8.429],[-65.194,8.423],[-65.194,8.415],[-65.201,8.411],[-65.203,8.403],[-65.204,8.394],[-65.196,8.39],[-65.201,8.382],[-65.203,8.374],[-65.207,8.366],[-65.215,8.367],[-65.217,8.359],[-65.226,8.358],[-65.227,8.35],[-65.228,8.341],[-65.236,8.339],[-65.238,8.331],[-65.246,8.328],[-65.255,8.33],[-65.262,8.325],[-65.268,8.318],[-65.274,8.312],[-65.27,8.305],[-65.277,8.3],[-65.28,8.292],[-65.283,8.284],[-65.281,8.276],[-65.29,8.275],[-65.292,8.267],[-65.298,8.261],[-65.303,8.254],[-65.31,8.25],[-65.31,8.24],[-65.313,8.232],[-65.321,8.234],[-65.329,8.232],[-65.324,8.225],[-65.333,8.225],[-65.337,8.218],[-65.344,8.214],[-65.348,8.207],[-65.353,8.2],[-65.359,8.207],[-65.366,8.201],[-65.363,8.193],[-65.37,8.189],[-65.377,8.184],[-65.369,8.183],[-65.371,8.175],[-65.377,8.169],[-65.385,8.173],[-65.385,8.165],[-65.378,8.16],[-65.381,8.151],[-65.386,8.142],[-65.393,8.135],[-65.399,8.127],[-65.399,8.119],[-65.405,8.113],[-65.412,8.107],[-65.421,8.106],[-65.423,8.098],[-65.427,8.09],[-65.434,8.083],[-65.438,8.073],[-65.442,8.064],[-65.447,8.056],[-65.454,8.05],[-65.463,8.053],[-65.472,8.049],[-65.48,8.044],[-65.478,8.035],[-65.483,8.028],[-65.489,8.021],[-65.483,8.015],[-65.486,8.006],[-65.491,7.999],[-65.497,7.993],[-65.494,7.984],[-65.494,7.976],[-65.49,7.968],[-65.497,7.963],[-65.5,7.955],[-65.5,7.947],[-65.504,7.94],[-65.504,7.931],[-65.497,7.927],[-65.495,7.919],[-65.486,7.917],[-65.478,7.921],[-65.47,7.923],[-65.463,7.918],[-65.453,7.918],[-65.444,7.917],[-65.432,7.916],[-65.422,7.916],[-65.414,7.912],[-65.408,7.905],[-65.399,7.903],[-65.39,7.897],[-65.385,7.89],[-65.378,7.883],[-65.372,7.874],[-65.367,7.857],[-65.356,7.859],[-65.341,7.854],[-65.326,7.854],[-65.311,7.852],[-65.301,7.846],[-65.283,7.832],[-65.247,7.832],[-65.236,7.828],[-65.228,7.825],[-65.212,7.822],[-65.19,7.82],[-65.159,7.81],[-65.122,7.797],[-65.111,7.793],[-65.102,7.789],[-65.092,7.784],[-65.078,7.78],[-65.063,7.777],[-65.047,7.774],[-65.019,7.768],[-65.001,7.756],[-64.998,7.741],[-64.995,7.732],[-64.965,7.706],[-64.954,7.7],[-64.945,7.697],[-64.934,7.687],[-64.909,7.673],[-64.895,7.669],[-64.877,7.661],[-64.864,7.658],[-64.848,7.664],[-64.836,7.666],[-64.827,7.669],[-64.811,7.67],[-64.792,7.671],[-64.784,7.674],[-64.776,7.678],[-64.748,7.69],[-64.73,7.702],[-64.72,7.709],[-64.709,7.718],[-64.676,7.743],[-64.649,7.752],[-64.636,7.756],[-64.594,7.765],[-64.548,7.761],[-64.522,7.765],[-64.513,7.768],[-64.496,7.784],[-64.485,7.79],[-64.477,7.794],[-64.463,7.805],[-64.455,7.817],[-64.454,7.828],[-64.465,7.838],[-64.502,7.857],[-64.518,7.86],[-64.528,7.864],[-64.537,7.869],[-64.554,7.872],[-64.567,7.875],[-64.573,7.882],[-64.578,7.895],[-64.58,7.904],[-64.572,7.935],[-64.569,7.956],[-64.562,7.971],[-64.546,7.989],[-64.537,7.994],[-64.527,7.999],[-64.507,8.012],[-64.492,8.017],[-64.478,8.028],[-64.468,8.032],[-64.449,8.033],[-64.437,8.026],[-64.43,8.016],[-64.422,8.008],[-64.411,7.999],[-64.398,7.996],[-64.386,8.001],[-64.376,8.004],[-64.365,8.011],[-64.359,8.02],[-64.355,8.029],[-64.347,8.042],[-64.341,8.058],[-64.337,8.066],[-64.327,8.076],[-64.318,8.084],[-64.299,8.093],[-64.286,8.095],[-64.264,8.091],[-64.253,8.093],[-64.245,8.094],[-64.23,8.085],[-64.217,8.069],[-64.213,8.06],[-64.205,8.055],[-64.195,8.044],[-64.19,8.037],[-64.175,8.027],[-64.163,8.011],[-64.148,8.005],[-64.14,7.999],[-64.13,8.001],[-64.119,7.995],[-64.106,7.992],[-64.099,7.985],[-64.091,7.977],[-64.088,7.969],[-64.071,7.966],[-64.063,7.961],[-64.054,7.95],[-64.045,7.947],[-64.034,7.945],[-64.026,7.943],[-64.011,7.944],[-64.001,7.943],[-63.988,7.954],[-63.977,7.959],[-63.963,7.964],[-63.955,7.968],[-63.942,7.971],[-63.932,7.976],[-63.927,7.983],[-63.924,7.993],[-63.916,8.0],[-63.905,8.011],[-63.896,8.022],[-63.882,8.038],[-63.879,8.054],[-63.87,8.06],[-63.856,8.075],[-63.852,8.083],[-63.848,8.094],[-63.845,8.102],[-63.834,8.115],[-63.828,8.123],[-63.824,8.134],[-63.81,8.137],[-63.798,8.139],[-63.785,8.14],[-63.773,8.14],[-63.759,8.141],[-63.745,8.138],[-63.724,8.144],[-63.712,8.146],[-63.705,8.15],[-63.697,8.158],[-63.688,8.164],[-63.678,8.169],[-63.667,8.166],[-63.654,8.161],[-63.637,8.167],[-63.629,8.161],[-63.616,8.156],[-63.606,8.156],[-63.594,8.153],[-63.584,8.15],[-63.572,8.149],[-63.558,8.153],[-63.543,8.157],[-63.536,8.161],[-63.526,8.16],[-63.518,8.163],[-63.507,8.167],[-63.5,8.161],[-63.486,8.16],[-63.476,8.161],[-63.469,8.167],[-63.462,8.173],[-63.45,8.173],[-63.44,8.174],[-63.432,8.179],[-63.422,8.19],[-63.415,8.198],[-63.405,8.202],[-63.398,8.209],[-63.394,8.218],[-63.386,8.227],[-63.372,8.233],[-63.363,8.234],[-63.344,8.238],[-63.334,8.235],[-63.327,8.24],[-63.32,8.244],[-63.312,8.248],[-63.303,8.255],[-63.293,8.26],[-63.284,8.26],[-63.275,8.265],[-63.268,8.272],[-63.256,8.292],[-63.239,8.301],[-63.23,8.306],[-63.184,8.316],[-63.171,8.316],[-63.151,8.316],[-63.121,8.316],[-63.101,8.316],[-63.068,8.317],[-63.052,8.317],[-63.031,8.321],[-63.012,8.32],[-63.001,8.319],[-62.992,8.319],[-62.984,8.318],[-62.966,8.315],[-62.949,8.311],[-62.936,8.302],[-62.93,8.293],[-62.9,8.281],[-62.885,8.283],[-62.868,8.29],[-62.843,8.299],[-62.817,8.322],[-62.812,8.331],[-62.801,8.35],[-62.782,8.374],[-62.77,8.387],[-62.752,8.395],[-62.739,8.388],[-62.728,8.384],[-62.72,8.384],[-62.71,8.385],[-62.702,8.382],[-62.693,8.381],[-62.68,8.382],[-62.686,8.39],[-62.693,8.399],[-62.7,8.411],[-62.721,8.423],[-62.727,8.451],[-62.722,8.461],[-62.715,8.471],[-62.729,8.475],[-62.77,8.49],[-62.836,8.506],[-63.001,8.547],[-63.039,8.599],[-63.046,8.645],[-63.043,8.663],[-63.046,8.703],[-63.042,8.711],[-63.038,8.72],[-63.035,8.728],[-63.031,8.735],[-63.028,8.743],[-63.024,8.75],[-63.016,8.752],[-63.008,8.751],[-63.002,8.774],[-63.099,8.769],[-63.206,8.764],[-63.215,8.762],[-63.223,8.768],[-63.23,8.772],[-63.239,8.768],[-63.247,8.765],[-63.263,8.761],[-63.278,8.76],[-63.288,8.765],[-63.296,8.768],[-63.299,8.776],[-63.307,8.777],[-63.315,8.783],[-63.324,8.779],[-63.331,8.77],[-63.339,8.765],[-63.365,8.948],[-63.371,8.956],[-63.376,8.963],[-63.382,8.969],[-63.381,8.977],[-63.386,8.985],[-63.393,8.989],[-63.394,8.997],[-63.401,9.002],[-63.409,9.001],[-63.417,9.004],[-63.425,9.005],[-63.428,9.013],[-63.435,9.008],[-63.442,9.004],[-63.449,9.012],[-63.45,9.021],[-63.459,9.018],[-63.467,9.022],[-63.474,9.018],[-63.475,9.029],[-63.482,9.035],[-63.49,9.035],[-63.487,9.044],[-63.483,9.051],[-63.489,9.06],[-63.495,9.052],[-63.503,9.05],[-63.509,9.058],[-63.513,9.066],[-63.516,9.074],[-63.521,9.066],[-63.523,9.075],[-63.531,9.078],[-63.539,9.085],[-63.543,9.092],[-63.551,9.089],[-63.558,9.093],[-63.566,9.092],[-63.567,9.1],[-63.575,9.104],[-63.584,9.105],[-63.593,9.104],[-63.597,9.097],[-63.601,9.105],[-63.606,9.112],[-63.608,9.12],[-63.602,9.127],[-63.607,9.134],[-63.606,9.142],[-63.613,9.147],[-63.62,9.151],[-63.628,9.153],[-63.635,9.149],[-63.641,9.156],[-63.649,9.158],[-63.658,9.159],[-63.666,9.158],[-63.675,9.159],[-63.679,9.166],[-63.687,9.162],[-63.689,9.17],[-63.696,9.176],[-63.7,9.184],[-63.708,9.187],[-63.712,9.194],[-63.719,9.198],[-63.727,9.2],[-63.737,9.198],[-63.744,9.202],[-63.747,9.21],[-63.754,9.219],[-63.761,9.223],[-63.771,9.225],[-63.781,9.226],[-63.791,9.217],[-63.807,9.217],[-63.817,9.22],[-63.827,9.229],[-63.835,9.229],[-63.844,9.225],[-63.851,9.22],[-63.859,9.215],[-63.868,9.215],[-63.875,9.208],[-63.883,9.207],[-63.89,9.202],[-63.903,9.198],[-63.909,9.189],[-63.918,9.252],[-63.923,9.26],[-63.929,9.273],[-63.935,9.279],[-63.939,9.287],[-63.947,9.292],[-63.957,9.299],[-63.963,9.312],[-63.964,9.33],[-63.97,9.337],[-63.972,9.357],[-63.973,9.415],[-63.825,9.543],[-63.845,9.569],[-63.902,9.641],[-63.936,9.687],[-63.948,9.705],[-63.952,9.716],[-63.951,9.724],[-63.954,9.732],[-63.96,9.741],[-63.961,9.749],[-63.96,9.759],[-63.961,9.767],[-63.957,9.776],[-63.95,9.783],[-63.946,9.792],[-63.945,9.803],[-63.949,9.812],[-63.954,9.821],[-63.949,9.831],[-63.945,9.838],[-63.937,9.844],[-63.929,9.843],[-63.919,9.846],[-63.911,9.849],[-63.918,9.859],[-63.926,9.867],[-63.933,9.871],[-63.941,9.877],[-63.944,9.885],[-63.952,9.891],[-63.961,9.897],[-63.969,9.898],[-63.977,9.9],[-63.983,9.908],[-63.985,9.916],[-63.988,9.925],[-63.985,9.936],[-63.997,9.933],[-64.007,9.93],[-64.012,9.937],[-64.021,9.932],[-64.032,9.932],[-64.038,9.939],[-64.044,9.948],[-64.044,9.959],[-64.046,9.967],[-64.047,9.979],[-64.051,9.988],[-64.057,9.995],[-64.063,10.006],[-64.06,10.015],[-64.057,10.023],[-64.057,10.037],[-64.063,10.045],[-64.056,10.053],[-64.046,10.052],[-64.037,10.047],[-64.022,10.041],[-64.012,10.04],[-64.004,10.041],[-63.996,10.046],[-63.988,10.047],[-63.98,10.049],[-63.972,10.051],[-63.959,10.054],[-63.958,10.062],[-63.958,10.072],[-63.959,10.08],[-63.962,10.092],[-63.96,10.101],[-63.981,10.107],[-63.99,10.11],[-64.002,10.109],[-64.011,10.11],[-64.016,10.117],[-64.024,10.12],[-64.036,10.12],[-64.044,10.117],[-64.051,10.109],[-64.053,10.099],[-64.061,10.096],[-64.073,10.095],[-64.081,10.097],[-64.09,10.097],[-64.098,10.092],[-64.107,10.09],[-64.117,10.085],[-64.126,10.084],[-64.135,10.082],[-64.143,10.08],[-64.151,10.078],[-64.16,10.076],[-64.17,10.071],[-64.178,10.068],[-64.188,10.07],[-64.198,10.067],[-64.206,10.066],[-64.217,10.066],[-64.228,10.064],[-64.236,10.063],[-64.246,10.063],[-64.254,10.062],[-64.263,10.062],[-64.272,10.063],[-64.273,10.079],[-64.282,10.086],[-64.286,10.093],[-64.295,10.095],[-64.306,10.095],[-64.315,10.093],[-64.325,10.09],[-64.33,10.083],[-64.338,10.081],[-64.35,10.08],[-64.357,10.086],[-64.368,10.087],[-64.365,10.095],[-64.376,10.097],[-64.384,10.098],[-64.39,10.105],[-64.386,10.112],[-64.395,10.114],[-64.399,10.124],[-64.399,10.133],[-64.407,10.135],[-64.417,10.137],[-64.425,10.135],[-64.438,10.128],[-64.442,10.189],[-64.45,10.191],[-64.461,10.193],[-64.471,10.192],[-64.48,10.195],[-64.488,10.196],[-64.493,10.208],[-64.499,10.215],[-64.508,10.217],[-64.515,10.221],[-64.512,10.229],[-64.515,10.238],[-64.521,10.244],[-64.529,10.251],[-64.535,10.243],[-64.541,10.237],[-64.547,10.244],[-64.546,10.252],[-64.554,10.251],[-64.557,10.243],[-64.566,10.241],[-64.574,10.239],[-64.582,10.24],[-64.579,10.248],[-64.581,10.256],[-64.59,10.254],[-64.588,10.246],[-64.596,10.246],[-64.604,10.247],[-64.599,10.251],[-64.598,10.254]]],[[[-64.932,10.156],[-64.94,10.155],[-64.933,10.151],[-64.929,10.144],[-64.919,10.144],[-64.923,10.151],[-64.93,10.156],[-64.932,10.156]]],[[[-64.964,10.169],[-64.973,10.168],[-64.97,10.16],[-64.962,10.162],[-64.954,10.161],[-64.945,10.162],[-64.952,10.169],[-64.96,10.168],[-64.961,10.168],[-64.964,10.169]]],[[[-64.761,10.247],[-64.761,10.248],[-64.762,10.25],[-64.761,10.247]]],[[[-64.745,10.263],[-64.743,10.264],[-64.741,10.264],[-64.745,10.263]]],[[[-64.544,10.271],[-64.552,10.272],[-64.553,10.264],[-64.547,10.257],[-64.541,10.263],[-64.543,10.269],[-64.544,10.271]]],[[[-64.615,10.274],[-64.623,10.274],[-64.631,10.273],[-64.639,10.269],[-64.637,10.261],[-64.631,10.267],[-64.622,10.268],[-64.615,10.273],[-64.615,10.274]]],[[[-64.583,10.291],[-64.583,10.291],[-64.583,10.291]]],[[[-64.575,10.293],[-64.575,10.293],[-64.575,10.293]]],[[[-64.553,10.293],[-64.551,10.293],[-64.549,10.294],[-64.553,10.293]]],[[[-64.597,10.294],[-64.607,10.294],[-64.596,10.287],[-64.588,10.29],[-64.596,10.293],[-64.597,10.294]]],[[[-64.675,10.296],[-64.679,10.304],[-64.683,10.296],[-64.676,10.296],[-64.675,10.296]]],[[[-64.685,10.301],[-64.684,10.302],[-64.683,10.303],[-64.685,10.301]]],[[[-64.633,10.302],[-64.642,10.301],[-64.65,10.302],[-64.659,10.302],[-64.667,10.3],[-64.666,10.292],[-64.673,10.288],[-64.664,10.286],[-64.655,10.291],[-64.648,10.286],[-64.64,10.287],[-64.632,10.285],[-64.625,10.279],[-64.616,10.28],[-64.609,10.285],[-64.617,10.287],[-64.625,10.29],[-64.629,10.297],[-64.633,10.3],[-64.633,10.302]]],[[[-64.563,10.304],[-64.563,10.305],[-64.562,10.305],[-64.563,10.304]]],[[[-64.73,10.308],[-64.737,10.312],[-64.745,10.307],[-64.75,10.3],[-64.757,10.295],[-64.763,10.289],[-64.754,10.286],[-64.746,10.278],[-64.736,10.277],[-64.733,10.287],[-64.73,10.296],[-64.728,10.304],[-64.728,10.306],[-64.73,10.308]]]]}},{"type":"Feature","id":3,"properties":{"adm1_name":"Apure","adm1_pcode":"VE04","source_id":3},"geometry":{"type":"Polygon","coordinates":[[[-69.416,8.067],[-69.426,8.067],[-69.435,8.066],[-69.443,8.059],[-69.448,8.052],[-69.455,8.046],[-69.462,8.039],[-69.469,8.034],[-69.479,8.024],[-69.486,8.014],[-69.491,8.004],[-69.499,7.999],[-69.507,7.997],[-69.519,7.999],[-69.527,7.997],[-69.535,7.991],[-69.54,7.983],[-69.545,7.975],[-69.545,7.967],[-69.548,7.959],[-69.555,7.954],[-69.561,7.947],[-69.563,7.938],[-69.57,7.931],[-69.578,7.934],[-69.586,7.932],[-69.594,7.931],[-69.601,7.924],[-69.602,7.916],[-69.605,7.907],[-69.612,7.902],[-69.621,7.899],[-69.63,7.897],[-69.638,7.892],[-69.646,7.886],[-69.653,7.88],[-69.661,7.874],[-69.671,7.87],[-69.678,7.866],[-69.686,7.861],[-69.692,7.854],[-69.701,7.851],[-69.708,7.847],[-69.714,7.839],[-69.721,7.834],[-69.726,7.826],[-69.735,7.823],[-69.744,7.823],[-69.752,7.824],[-69.76,7.822],[-69.768,7.817],[-69.776,7.814],[-69.784,7.813],[-69.792,7.812],[-69.801,7.809],[-69.805,7.802],[-69.81,7.795],[-69.817,7.791],[-69.827,7.795],[-69.833,7.802],[-69.841,7.806],[-69.849,7.805],[-69.86,7.802],[-69.869,7.799],[-69.88,7.798],[-69.889,7.798],[-69.897,7.795],[-69.903,7.788],[-69.905,7.78],[-69.912,7.773],[-69.92,7.766],[-69.924,7.758],[-69.93,7.751],[-69.939,7.749],[-69.945,7.743],[-69.95,7.736],[-69.958,7.737],[-69.962,7.745],[-69.968,7.751],[-69.977,7.75],[-69.983,7.744],[-69.994,7.743],[-70.002,7.744],[-70.01,7.746],[-70.02,7.747],[-70.028,7.746],[-70.036,7.745],[-70.043,7.74],[-70.049,7.732],[-70.056,7.728],[-70.066,7.723],[-70.077,7.723],[-70.086,7.723],[-70.095,7.718],[-70.099,7.711],[-70.106,7.707],[-70.113,7.699],[-70.117,7.692],[-70.124,7.688],[-70.133,7.687],[-70.142,7.685],[-70.147,7.677],[-70.151,7.67],[-70.155,7.662],[-70.152,7.654],[-70.152,7.646],[-70.157,7.639],[-70.16,7.631],[-70.165,7.623],[-70.169,7.616],[-70.178,7.615],[-70.188,7.616],[-70.196,7.613],[-70.203,7.607],[-70.208,7.6],[-70.212,7.591],[-70.223,7.593],[-70.231,7.598],[-70.239,7.603],[-70.25,7.607],[-70.257,7.613],[-70.265,7.611],[-70.273,7.608],[-70.283,7.607],[-70.293,7.608],[-70.301,7.607],[-70.305,7.6],[-70.314,7.602],[-70.323,7.601],[-70.327,7.594],[-70.327,7.585],[-70.322,7.578],[-70.325,7.57],[-70.335,7.566],[-70.343,7.564],[-70.345,7.554],[-70.347,7.544],[-70.352,7.536],[-70.358,7.529],[-70.359,7.521],[-70.362,7.512],[-70.361,7.504],[-70.36,7.496],[-70.359,7.488],[-70.366,7.482],[-70.373,7.477],[-70.379,7.469],[-70.381,7.46],[-70.385,7.453],[-70.393,7.446],[-70.4,7.441],[-70.408,7.44],[-70.416,7.439],[-70.424,7.433],[-70.431,7.428],[-70.441,7.422],[-70.45,7.42],[-70.461,7.42],[-70.47,7.42],[-70.48,7.42],[-70.492,7.419],[-70.501,7.415],[-70.511,7.411],[-70.516,7.404],[-70.511,7.395],[-70.509,7.385],[-70.509,7.374],[-70.517,7.367],[-70.525,7.372],[-70.533,7.376],[-70.541,7.374],[-70.55,7.373],[-70.553,7.365],[-70.557,7.356],[-70.564,7.352],[-70.572,7.346],[-70.581,7.34],[-70.589,7.338],[-70.596,7.334],[-70.603,7.328],[-70.61,7.324],[-70.618,7.326],[-70.626,7.33],[-70.636,7.332],[-70.644,7.332],[-70.651,7.327],[-70.659,7.323],[-70.668,7.321],[-70.677,7.321],[-70.685,7.316],[-70.686,7.308],[-70.69,7.301],[-70.694,7.294],[-70.702,7.293],[-70.71,7.295],[-70.717,7.3],[-70.725,7.301],[-70.732,7.306],[-70.734,7.298],[-70.742,7.299],[-70.745,7.29],[-70.753,7.293],[-70.761,7.297],[-70.768,7.302],[-70.776,7.301],[-70.784,7.299],[-70.793,7.301],[-70.801,7.304],[-70.803,7.313],[-70.811,7.315],[-70.819,7.313],[-70.826,7.317],[-70.835,7.317],[-70.843,7.313],[-70.839,7.32],[-70.847,7.324],[-70.855,7.324],[-70.861,7.331],[-70.871,7.332],[-70.879,7.333],[-70.876,7.324],[-70.884,7.318],[-70.892,7.319],[-70.899,7.315],[-70.907,7.311],[-70.914,7.315],[-70.922,7.311],[-70.931,7.309],[-70.94,7.309],[-70.948,7.307],[-70.956,7.307],[-70.963,7.311],[-70.965,7.319],[-70.972,7.326],[-70.98,7.327],[-70.989,7.327],[-70.994,7.334],[-71.002,7.339],[-71.01,7.34],[-71.014,7.333],[-71.02,7.339],[-71.03,7.343],[-71.038,7.345],[-71.043,7.352],[-71.055,7.349],[-71.063,7.348],[-71.071,7.351],[-71.075,7.358],[-71.083,7.36],[-71.087,7.368],[-71.095,7.366],[-71.102,7.371],[-71.108,7.364],[-71.116,7.367],[-71.124,7.366],[-71.132,7.366],[-71.141,7.366],[-71.149,7.365],[-71.158,7.367],[-71.166,7.371],[-71.174,7.376],[-71.176,7.385],[-71.184,7.388],[-71.192,7.392],[-71.199,7.386],[-71.201,7.394],[-71.208,7.4],[-71.215,7.404],[-71.22,7.413],[-71.214,7.419],[-71.222,7.42],[-71.23,7.422],[-71.238,7.419],[-71.243,7.426],[-71.25,7.43],[-71.258,7.426],[-71.266,7.429],[-71.274,7.427],[-71.282,7.426],[-71.28,7.434],[-71.288,7.432],[-71.296,7.44],[-71.304,7.444],[-71.313,7.443],[-71.32,7.439],[-71.326,7.445],[-71.334,7.446],[-71.342,7.444],[-71.35,7.445],[-71.352,7.436],[-71.359,7.44],[-71.367,7.439],[-71.375,7.44],[-71.382,7.445],[-71.393,7.446],[-71.402,7.446],[-71.41,7.45],[-71.414,7.443],[-71.424,7.444],[-71.431,7.448],[-71.439,7.452],[-71.446,7.458],[-71.455,7.463],[-71.454,7.454],[-71.462,7.456],[-71.47,7.458],[-71.469,7.45],[-71.478,7.452],[-71.485,7.446],[-71.492,7.441],[-71.499,7.432],[-71.506,7.427],[-71.515,7.424],[-71.523,7.419],[-71.531,7.421],[-71.538,7.425],[-71.549,7.423],[-71.558,7.425],[-71.567,7.432],[-71.576,7.433],[-71.583,7.426],[-71.591,7.425],[-71.595,7.418],[-71.602,7.422],[-71.608,7.429],[-71.616,7.43],[-71.622,7.437],[-71.63,7.439],[-71.636,7.433],[-71.643,7.426],[-71.651,7.422],[-71.661,7.421],[-71.669,7.422],[-71.677,7.421],[-71.686,7.419],[-71.694,7.422],[-71.702,7.424],[-71.71,7.423],[-71.719,7.429],[-71.731,7.436],[-71.738,7.444],[-71.746,7.449],[-71.745,7.458],[-71.745,7.466],[-71.753,7.47],[-71.761,7.471],[-71.765,7.478],[-71.772,7.471],[-71.782,7.472],[-71.792,7.474],[-71.8,7.48],[-71.807,7.484],[-71.816,7.487],[-71.824,7.483],[-71.832,7.487],[-71.841,7.489],[-71.849,7.485],[-71.85,7.477],[-71.849,7.468],[-71.854,7.459],[-71.855,7.45],[-71.859,7.443],[-71.861,7.435],[-71.867,7.429],[-71.873,7.423],[-71.877,7.416],[-71.886,7.411],[-71.895,7.409],[-71.904,7.408],[-71.913,7.404],[-71.922,7.398],[-71.93,7.395],[-71.938,7.394],[-71.944,7.387],[-71.954,7.386],[-71.961,7.382],[-71.968,7.378],[-71.975,7.373],[-71.982,7.368],[-71.99,7.366],[-71.998,7.363],[-72.007,7.363],[-72.016,7.361],[-72.025,7.364],[-72.033,7.365],[-72.041,7.364],[-72.048,7.368],[-72.059,7.37],[-72.067,7.378],[-72.073,7.386],[-72.076,7.394],[-72.085,7.399],[-72.094,7.402],[-72.103,7.403],[-72.112,7.399],[-72.122,7.395],[-72.131,7.393],[-72.139,7.388],[-72.147,7.387],[-72.157,7.387],[-72.166,7.383],[-72.169,7.391],[-72.17,7.399],[-72.178,7.403],[-72.185,7.408],[-72.19,7.415],[-72.198,7.418],[-72.208,7.422],[-72.214,7.429],[-72.222,7.434],[-72.229,7.429],[-72.238,7.429],[-72.245,7.425],[-72.255,7.428],[-72.264,7.423],[-72.272,7.425],[-72.28,7.429],[-72.288,7.427],[-72.297,7.427],[-72.304,7.433],[-72.312,7.432],[-72.321,7.435],[-72.327,7.428],[-72.337,7.427],[-72.343,7.42],[-72.352,7.418],[-72.365,7.422],[-72.375,7.417],[-72.384,7.414],[-72.391,7.41],[-72.401,7.411],[-72.409,7.409],[-72.414,7.402],[-72.38,7.398],[-72.371,7.397],[-72.363,7.394],[-72.355,7.396],[-72.347,7.394],[-72.34,7.388],[-72.333,7.382],[-72.326,7.376],[-72.318,7.378],[-72.311,7.382],[-72.306,7.389],[-72.298,7.39],[-72.288,7.389],[-72.281,7.385],[-72.273,7.383],[-72.264,7.382],[-72.256,7.378],[-72.249,7.383],[-72.243,7.389],[-72.235,7.39],[-72.227,7.393],[-72.219,7.394],[-72.211,7.392],[-72.204,7.387],[-72.196,7.385],[-72.192,7.377],[-72.187,7.37],[-72.183,7.363],[-72.179,7.355],[-72.173,7.349],[-72.167,7.342],[-72.161,7.336],[-72.155,7.33],[-72.158,7.322],[-72.158,7.314],[-72.163,7.304],[-72.168,7.297],[-72.171,7.289],[-72.17,7.281],[-72.168,7.273],[-72.171,7.265],[-72.174,7.257],[-72.168,7.248],[-72.164,7.241],[-72.155,7.226],[-72.129,7.18],[-72.116,7.157],[-72.1,7.129],[-72.083,7.1],[-72.066,7.071],[-72.05,7.043],[-72.041,7.038],[-72.03,7.035],[-72.021,7.036],[-72.013,7.034],[-72.003,7.029],[-71.992,7.027],[-71.982,7.024],[-71.974,7.019],[-71.966,7.016],[-71.958,7.014],[-71.95,7.013],[-71.943,7.009],[-71.935,7.007],[-71.926,7.009],[-71.92,7.015],[-71.912,7.016],[-71.904,7.018],[-71.896,7.019],[-71.888,7.021],[-71.879,7.018],[-71.872,7.022],[-71.864,7.02],[-71.857,7.025],[-71.849,7.026],[-71.841,7.026],[-71.833,7.027],[-71.826,7.031],[-71.822,7.038],[-71.825,7.046],[-71.826,7.054],[-71.818,7.057],[-71.809,7.063],[-71.8,7.063],[-71.79,7.064],[-71.782,7.065],[-71.772,7.066],[-71.764,7.066],[-71.755,7.066],[-71.746,7.066],[-71.738,7.062],[-71.73,7.057],[-71.721,7.055],[-71.716,7.048],[-71.716,7.04],[-71.709,7.033],[-71.701,7.034],[-71.693,7.037],[-71.684,7.037],[-71.674,7.037],[-71.666,7.035],[-71.656,7.037],[-71.65,7.043],[-71.644,7.052],[-71.634,7.053],[-71.625,7.045],[-71.617,7.043],[-71.609,7.044],[-71.601,7.047],[-71.593,7.052],[-71.585,7.053],[-71.584,7.045],[-71.587,7.037],[-71.593,7.031],[-71.591,7.023],[-71.587,7.016],[-71.58,7.02],[-71.574,7.026],[-71.564,7.029],[-71.556,7.027],[-71.545,7.032],[-71.534,7.035],[-71.526,7.031],[-71.517,7.023],[-71.507,7.026],[-71.502,7.035],[-71.494,7.034],[-71.49,7.027],[-71.487,7.019],[-71.48,7.015],[-71.472,7.02],[-71.469,7.029],[-71.472,7.037],[-71.465,7.042],[-71.458,7.036],[-71.458,7.027],[-71.459,7.019],[-71.457,7.011],[-71.449,7.012],[-71.45,7.02],[-71.448,7.028],[-71.438,7.024],[-71.433,7.031],[-71.427,7.038],[-71.419,7.037],[-71.409,7.036],[-71.401,7.037],[-71.392,7.036],[-71.385,7.028],[-71.381,7.021],[-71.374,7.016],[-71.365,7.017],[-71.357,7.02],[-71.346,7.018],[-71.337,7.017],[-71.329,7.018],[-71.321,7.02],[-71.313,7.022],[-71.304,7.027],[-71.295,7.029],[-71.288,7.025],[-71.279,7.026],[-71.271,7.03],[-71.263,7.031],[-71.261,7.022],[-71.253,7.019],[-71.246,7.015],[-71.237,7.015],[-71.233,7.024],[-71.224,7.026],[-71.216,7.02],[-71.207,7.02],[-71.2,7.025],[-71.193,7.019],[-71.185,7.021],[-71.177,7.024],[-71.169,7.026],[-71.161,7.027],[-71.152,7.027],[-71.145,7.032],[-71.135,7.033],[-71.127,7.031],[-71.123,7.024],[-71.125,7.016],[-71.118,7.01],[-71.109,7.012],[-71.103,7.006],[-71.11,7.002],[-71.114,6.994],[-71.106,6.989],[-71.098,6.988],[-71.091,6.984],[-71.081,6.983],[-71.073,6.983],[-71.065,6.981],[-71.056,6.981],[-71.047,6.981],[-71.039,6.982],[-71.031,6.977],[-71.022,6.974],[-71.012,6.978],[-71.004,6.98],[-70.995,6.983],[-70.991,6.99],[-70.986,6.997],[-70.978,7.0],[-70.975,7.009],[-70.97,7.016],[-70.961,7.017],[-70.952,7.016],[-70.943,7.014],[-70.936,7.02],[-70.927,7.022],[-70.919,7.026],[-70.925,7.032],[-70.926,7.041],[-70.924,7.049],[-70.917,7.053],[-70.913,7.045],[-70.905,7.043],[-70.9,7.051],[-70.895,7.059],[-70.888,7.064],[-70.88,7.065],[-70.872,7.064],[-70.868,7.057],[-70.859,7.055],[-70.85,7.056],[-70.851,7.065],[-70.857,7.071],[-70.853,7.078],[-70.846,7.074],[-70.838,7.079],[-70.831,7.074],[-70.823,7.07],[-70.819,7.077],[-70.811,7.079],[-70.802,7.082],[-70.793,7.083],[-70.785,7.082],[-70.778,7.077],[-70.772,7.084],[-70.766,7.09],[-70.762,7.097],[-70.753,7.094],[-70.745,7.09],[-70.736,7.089],[-70.728,7.09],[-70.72,7.093],[-70.71,7.094],[-70.701,7.093],[-70.693,7.099],[-70.686,7.104],[-70.681,7.097],[-70.676,7.088],[-70.668,7.084],[-70.66,7.082],[-70.651,7.079],[-70.643,7.075],[-70.636,7.07],[-70.627,7.07],[-70.619,7.067],[-70.611,7.066],[-70.603,7.065],[-70.595,7.067],[-70.587,7.068],[-70.584,7.076],[-70.576,7.075],[-70.569,7.081],[-70.562,7.077],[-70.554,7.075],[-70.547,7.071],[-70.542,7.064],[-70.538,7.057],[-70.542,7.05],[-70.534,7.048],[-70.539,7.041],[-70.531,7.04],[-70.524,7.035],[-70.516,7.031],[-70.511,7.024],[-70.509,7.016],[-70.504,7.009],[-70.496,7.006],[-70.488,7.008],[-70.48,7.005],[-70.473,7.001],[-70.465,7.003],[-70.458,7.008],[-70.45,7.007],[-70.443,7.003],[-70.436,7.007],[-70.429,7.001],[-70.427,6.993],[-70.423,6.986],[-70.416,6.981],[-70.409,6.985],[-70.401,6.986],[-70.393,6.983],[-70.385,6.985],[-70.378,6.981],[-70.371,6.977],[-70.367,6.969],[-70.363,6.962],[-70.357,6.956],[-70.349,6.953],[-70.345,6.946],[-70.337,6.944],[-70.329,6.941],[-70.323,6.935],[-70.315,6.936],[-70.307,6.937],[-70.299,6.936],[-70.291,6.936],[-70.284,6.941],[-70.276,6.938],[-70.268,6.941],[-70.261,6.945],[-70.254,6.951],[-70.25,6.959],[-70.242,6.961],[-70.234,6.964],[-70.229,6.971],[-70.222,6.975],[-70.213,6.975],[-70.205,6.978],[-70.197,6.979],[-70.189,6.979],[-70.18,6.979],[-70.172,6.977],[-70.164,6.979],[-70.156,6.981],[-70.148,6.984],[-70.142,6.978],[-70.134,6.975],[-70.127,6.979],[-70.118,6.979],[-70.101,6.959],[-70.094,6.951],[-70.084,6.938],[-70.078,6.93],[-70.07,6.92],[-70.053,6.899],[-70.037,6.878],[-70.007,6.841],[-69.994,6.824],[-69.985,6.813],[-69.962,6.784],[-69.947,6.765],[-69.927,6.74],[-69.895,6.699],[-69.857,6.651],[-69.833,6.62],[-69.814,6.597],[-69.787,6.562],[-69.765,6.535],[-69.76,6.528],[-69.732,6.493],[-69.72,6.477],[-69.682,6.429],[-69.674,6.419],[-69.661,6.403],[-69.65,6.388],[-69.616,6.346],[-69.609,6.337],[-69.586,6.308],[-69.579,6.299],[-69.569,6.286],[-69.552,6.265],[-69.543,6.253],[-69.535,6.243],[-69.524,6.23],[-69.491,6.188],[-69.45,6.136],[-69.445,6.129],[-69.428,6.107],[-69.418,6.112],[-69.412,6.12],[-69.404,6.126],[-69.393,6.127],[-69.384,6.126],[-69.376,6.129],[-69.368,6.135],[-69.361,6.14],[-69.351,6.142],[-69.335,6.138],[-69.329,6.132],[-69.322,6.118],[-69.32,6.109],[-69.315,6.098],[-69.31,6.091],[-69.301,6.088],[-69.291,6.088],[-69.281,6.083],[-69.27,6.081],[-69.262,6.083],[-69.253,6.08],[-69.245,6.079],[-69.237,6.08],[-69.231,6.086],[-69.224,6.094],[-69.217,6.102],[-69.215,6.11],[-69.212,6.118],[-69.202,6.127],[-69.187,6.138],[-69.178,6.147],[-69.169,6.148],[-69.161,6.15],[-69.152,6.15],[-69.147,6.157],[-69.143,6.164],[-69.14,6.172],[-69.136,6.179],[-69.131,6.186],[-69.124,6.19],[-69.116,6.193],[-69.107,6.193],[-69.099,6.195],[-69.095,6.202],[-69.091,6.209],[-69.083,6.212],[-69.075,6.215],[-69.067,6.218],[-69.059,6.219],[-69.051,6.221],[-69.043,6.222],[-69.035,6.219],[-69.029,6.213],[-69.026,6.205],[-69.021,6.198],[-69.014,6.193],[-69.006,6.192],[-68.998,6.193],[-68.99,6.195],[-68.982,6.196],[-68.973,6.196],[-68.966,6.192],[-68.959,6.188],[-68.951,6.185],[-68.944,6.181],[-68.936,6.178],[-68.928,6.177],[-68.919,6.177],[-68.911,6.175],[-68.903,6.174],[-68.895,6.17],[-68.887,6.168],[-68.879,6.167],[-68.871,6.168],[-68.864,6.172],[-68.857,6.177],[-68.849,6.179],[-68.841,6.179],[-68.833,6.18],[-68.825,6.179],[-68.818,6.175],[-68.811,6.171],[-68.805,6.165],[-68.799,6.159],[-68.796,6.151],[-68.789,6.147],[-68.781,6.15],[-68.773,6.151],[-68.765,6.153],[-68.757,6.155],[-68.749,6.157],[-68.741,6.155],[-68.733,6.153],[-68.725,6.152],[-68.716,6.152],[-68.707,6.152],[-68.699,6.15],[-68.695,6.143],[-68.691,6.136],[-68.684,6.132],[-68.676,6.131],[-68.668,6.132],[-68.66,6.131],[-68.652,6.13],[-68.644,6.129],[-68.636,6.132],[-68.629,6.136],[-68.623,6.142],[-68.618,6.149],[-68.611,6.153],[-68.604,6.157],[-68.598,6.163],[-68.59,6.166],[-68.582,6.167],[-68.574,6.166],[-68.567,6.161],[-68.56,6.156],[-68.553,6.151],[-68.545,6.149],[-68.537,6.15],[-68.53,6.154],[-68.523,6.159],[-68.518,6.166],[-68.515,6.174],[-68.509,6.18],[-68.501,6.181],[-68.493,6.18],[-68.485,6.181],[-68.477,6.184],[-68.469,6.184],[-68.46,6.184],[-68.452,6.187],[-68.443,6.187],[-68.435,6.185],[-68.427,6.182],[-68.419,6.184],[-68.411,6.185],[-68.403,6.183],[-68.395,6.182],[-68.387,6.183],[-68.379,6.186],[-68.371,6.185],[-68.363,6.182],[-68.355,6.179],[-68.348,6.175],[-68.341,6.171],[-68.334,6.167],[-68.326,6.164],[-68.318,6.163],[-68.31,6.162],[-68.302,6.164],[-68.294,6.167],[-68.287,6.171],[-68.28,6.176],[-68.273,6.181],[-68.267,6.187],[-68.262,6.194],[-68.255,6.198],[-68.247,6.197],[-68.239,6.198],[-68.231,6.2],[-68.223,6.203],[-68.216,6.207],[-68.208,6.208],[-68.2,6.209],[-68.192,6.21],[-68.184,6.211],[-68.176,6.214],[-68.17,6.22],[-68.162,6.223],[-68.154,6.226],[-68.146,6.228],[-68.138,6.229],[-68.13,6.226],[-68.122,6.225],[-68.114,6.227],[-68.107,6.231],[-68.099,6.232],[-68.091,6.231],[-68.083,6.228],[-68.075,6.226],[-68.068,6.222],[-68.061,6.218],[-68.055,6.211],[-68.05,6.204],[-68.043,6.199],[-68.035,6.196],[-68.026,6.196],[-68.018,6.2],[-68.011,6.204],[-68.004,6.208],[-67.996,6.209],[-67.988,6.207],[-67.98,6.208],[-67.973,6.213],[-67.966,6.218],[-67.959,6.223],[-67.952,6.227],[-67.944,6.23],[-67.936,6.233],[-67.929,6.237],[-67.922,6.242],[-67.918,6.249],[-67.912,6.255],[-67.907,6.262],[-67.901,6.268],[-67.894,6.273],[-67.887,6.278],[-67.88,6.282],[-67.873,6.286],[-67.866,6.291],[-67.859,6.296],[-67.853,6.302],[-67.849,6.309],[-67.842,6.314],[-67.835,6.318],[-67.827,6.32],[-67.819,6.322],[-67.811,6.324],[-67.803,6.324],[-67.796,6.32],[-67.79,6.314],[-67.784,6.308],[-67.778,6.302],[-67.772,6.296],[-67.765,6.292],[-67.757,6.291],[-67.749,6.294],[-67.741,6.296],[-67.733,6.298],[-67.725,6.3],[-67.716,6.3],[-67.709,6.296],[-67.701,6.294],[-67.693,6.293],[-67.684,6.293],[-67.675,6.293],[-67.667,6.291],[-67.659,6.29],[-67.651,6.29],[-67.642,6.29],[-67.633,6.29],[-67.625,6.291],[-67.617,6.289],[-67.61,6.285],[-67.605,6.278],[-67.6,6.271],[-67.593,6.266],[-67.586,6.262],[-67.578,6.263],[-67.57,6.264],[-67.562,6.266],[-67.554,6.267],[-67.546,6.266],[-67.538,6.263],[-67.532,6.257],[-67.527,6.25],[-67.521,6.244],[-67.516,6.237],[-67.509,6.232],[-67.502,6.228],[-67.494,6.225],[-67.487,6.22],[-67.48,6.215],[-67.473,6.211],[-67.467,6.205],[-67.461,6.199],[-67.456,6.192],[-67.448,6.194],[-67.44,6.197],[-67.433,6.204],[-67.429,6.215],[-67.425,6.227],[-67.419,6.24],[-67.407,6.25],[-67.399,6.254],[-67.391,6.255],[-67.382,6.258],[-67.372,6.262],[-67.356,6.266],[-67.344,6.269],[-67.329,6.274],[-67.321,6.281],[-67.314,6.292],[-67.31,6.3],[-67.306,6.309],[-67.302,6.316],[-67.295,6.324],[-67.289,6.331],[-67.284,6.341],[-67.279,6.349],[-67.267,6.358],[-67.259,6.363],[-67.248,6.374],[-67.239,6.383],[-67.231,6.391],[-67.219,6.403],[-67.211,6.414],[-67.201,6.421],[-67.191,6.426],[-67.18,6.434],[-67.173,6.441],[-67.165,6.449],[-67.159,6.457],[-67.154,6.467],[-67.15,6.483],[-67.145,6.5],[-67.139,6.518],[-67.137,6.534],[-67.135,6.548],[-67.134,6.557],[-67.132,6.566],[-67.128,6.574],[-67.123,6.588],[-67.12,6.596],[-67.117,6.61],[-67.117,6.623],[-67.117,6.635],[-67.108,6.648],[-67.103,6.659],[-67.098,6.673],[-67.097,6.681],[-67.097,6.698],[-67.096,6.706],[-67.085,6.722],[-67.077,6.732],[-67.07,6.736],[-67.061,6.74],[-67.046,6.747],[-67.04,6.76],[-67.034,6.766],[-67.035,6.784],[-67.034,6.794],[-67.034,6.807],[-67.035,6.821],[-67.034,6.832],[-67.027,6.851],[-67.022,6.864],[-67.02,6.874],[-67.017,6.884],[-67.016,6.892],[-67.016,6.9],[-67.017,6.91],[-67.025,6.924],[-67.029,6.935],[-67.033,6.944],[-67.037,6.952],[-67.042,6.961],[-67.055,6.979],[-67.061,6.988],[-67.067,6.997],[-67.071,7.021],[-67.074,7.032],[-67.074,7.043],[-67.071,7.053],[-67.071,7.064],[-67.071,7.077],[-67.07,7.087],[-67.064,7.095],[-67.056,7.103],[-67.055,7.112],[-67.047,7.121],[-67.027,7.141],[-67.023,7.148],[-67.014,7.158],[-67.01,7.166],[-67.004,7.173],[-66.992,7.18],[-66.973,7.189],[-66.938,7.188],[-66.913,7.175],[-66.889,7.171],[-66.854,7.203],[-66.834,7.23],[-66.82,7.253],[-66.801,7.268],[-66.765,7.272],[-66.706,7.289],[-66.659,7.304],[-66.622,7.306],[-66.61,7.312],[-66.6,7.316],[-66.588,7.322],[-66.568,7.337],[-66.558,7.352],[-66.547,7.377],[-66.551,7.387],[-66.534,7.407],[-66.521,7.424],[-66.504,7.437],[-66.506,7.45],[-66.503,7.466],[-66.509,7.473],[-66.499,7.484],[-66.483,7.501],[-66.47,7.522],[-66.468,7.54],[-66.465,7.548],[-66.459,7.562],[-66.432,7.581],[-66.408,7.604],[-66.374,7.615],[-66.363,7.622],[-66.347,7.632],[-66.339,7.64],[-66.33,7.647],[-66.332,7.656],[-66.335,7.666],[-66.335,7.674],[-66.33,7.681],[-66.332,7.689],[-66.341,7.694],[-66.346,7.704],[-66.35,7.713],[-66.354,7.72],[-66.36,7.726],[-66.368,7.724],[-66.377,7.719],[-66.385,7.716],[-66.393,7.713],[-66.403,7.711],[-66.412,7.713],[-66.42,7.716],[-66.43,7.717],[-66.44,7.717],[-66.448,7.72],[-66.457,7.724],[-66.466,7.729],[-66.477,7.731],[-66.485,7.733],[-66.484,7.741],[-66.477,7.748],[-66.475,7.756],[-66.48,7.764],[-66.487,7.768],[-66.495,7.772],[-66.504,7.775],[-66.512,7.779],[-66.514,7.788],[-66.521,7.793],[-66.524,7.801],[-66.527,7.81],[-66.537,7.811],[-66.546,7.805],[-66.549,7.796],[-66.544,7.786],[-66.548,7.778],[-66.555,7.783],[-66.563,7.779],[-66.571,7.778],[-66.58,7.781],[-66.587,7.775],[-66.594,7.771],[-66.601,7.766],[-66.609,7.765],[-66.617,7.764],[-66.625,7.771],[-66.635,7.769],[-66.639,7.761],[-66.65,7.768],[-66.659,7.758],[-66.664,7.751],[-66.654,7.751],[-66.651,7.742],[-66.65,7.734],[-66.646,7.727],[-66.638,7.731],[-66.64,7.722],[-66.642,7.714],[-66.647,7.707],[-66.651,7.699],[-66.659,7.698],[-66.666,7.704],[-66.675,7.703],[-66.683,7.697],[-66.679,7.705],[-66.679,7.714],[-66.685,7.721],[-66.689,7.714],[-66.689,7.705],[-66.696,7.701],[-66.704,7.699],[-66.714,7.691],[-66.721,7.695],[-66.729,7.692],[-66.737,7.695],[-66.746,7.698],[-66.754,7.697],[-66.762,7.699],[-66.772,7.701],[-66.776,7.709],[-66.784,7.707],[-66.795,7.707],[-66.799,7.714],[-66.805,7.72],[-66.811,7.727],[-66.819,7.732],[-66.827,7.73],[-66.835,7.733],[-66.844,7.736],[-66.847,7.727],[-66.855,7.723],[-66.864,7.724],[-66.873,7.725],[-66.881,7.728],[-66.886,7.735],[-66.89,7.742],[-66.896,7.749],[-66.904,7.752],[-66.914,7.753],[-66.922,7.75],[-66.931,7.748],[-66.938,7.742],[-66.95,7.747],[-66.959,7.747],[-66.966,7.751],[-66.968,7.76],[-66.975,7.764],[-66.985,7.765],[-66.994,7.768],[-67.005,7.769],[-67.008,7.761],[-67.017,7.764],[-67.027,7.77],[-67.032,7.777],[-67.041,7.782],[-67.048,7.787],[-67.056,7.785],[-67.065,7.783],[-67.074,7.78],[-67.083,7.778],[-67.091,7.776],[-67.095,7.768],[-67.105,7.766],[-67.113,7.764],[-67.125,7.764],[-67.133,7.761],[-67.142,7.763],[-67.149,7.759],[-67.159,7.76],[-67.16,7.768],[-67.154,7.777],[-67.163,7.777],[-67.173,7.781],[-67.182,7.78],[-67.191,7.775],[-67.199,7.776],[-67.208,7.775],[-67.217,7.777],[-67.223,7.783],[-67.226,7.791],[-67.232,7.797],[-67.239,7.804],[-67.246,7.8],[-67.243,7.809],[-67.252,7.814],[-67.257,7.822],[-67.258,7.83],[-67.266,7.828],[-67.274,7.831],[-67.282,7.827],[-67.291,7.826],[-67.298,7.831],[-67.305,7.835],[-67.312,7.84],[-67.321,7.846],[-67.326,7.853],[-67.326,7.861],[-67.33,7.868],[-67.323,7.876],[-67.329,7.884],[-67.336,7.888],[-67.344,7.887],[-67.349,7.88],[-67.347,7.888],[-67.353,7.894],[-67.356,7.885],[-67.364,7.883],[-67.366,7.892],[-67.371,7.9],[-67.38,7.9],[-67.386,7.907],[-67.393,7.912],[-67.402,7.913],[-67.41,7.911],[-67.417,7.907],[-67.421,7.897],[-67.429,7.892],[-67.435,7.886],[-67.442,7.89],[-67.45,7.894],[-67.458,7.897],[-67.465,7.901],[-67.473,7.902],[-67.482,7.903],[-67.49,7.901],[-67.498,7.903],[-67.502,7.911],[-67.504,7.919],[-67.513,7.922],[-67.514,7.914],[-67.521,7.918],[-67.522,7.926],[-67.524,7.934],[-67.53,7.94],[-67.538,7.944],[-67.547,7.943],[-67.555,7.945],[-67.563,7.95],[-67.567,7.958],[-67.575,7.961],[-67.58,7.968],[-67.587,7.974],[-67.593,7.981],[-67.601,7.985],[-67.609,7.981],[-67.616,7.976],[-67.623,7.969],[-67.632,7.966],[-67.641,7.965],[-67.648,7.959],[-67.645,7.951],[-67.644,7.943],[-67.644,7.935],[-67.652,7.934],[-67.661,7.931],[-67.662,7.939],[-67.669,7.944],[-67.677,7.944],[-67.685,7.942],[-67.684,7.934],[-67.688,7.924],[-67.694,7.917],[-67.703,7.917],[-67.71,7.912],[-67.718,7.91],[-67.727,7.915],[-67.736,7.917],[-67.743,7.913],[-67.751,7.911],[-67.759,7.906],[-67.767,7.909],[-67.776,7.91],[-67.783,7.915],[-67.793,7.919],[-67.802,7.918],[-67.811,7.917],[-67.82,7.921],[-67.829,7.923],[-67.838,7.92],[-67.844,7.913],[-67.854,7.913],[-67.86,7.907],[-67.861,7.899],[-67.868,7.895],[-67.876,7.893],[-67.881,7.9],[-67.89,7.903],[-67.898,7.902],[-67.908,7.9],[-67.913,7.907],[-67.921,7.905],[-67.929,7.904],[-67.937,7.905],[-67.944,7.91],[-67.952,7.908],[-67.959,7.903],[-67.967,7.899],[-67.974,7.893],[-67.981,7.898],[-67.989,7.9],[-68.0,7.898],[-68.008,7.896],[-68.015,7.89],[-68.022,7.886],[-68.029,7.882],[-68.037,7.881],[-68.044,7.874],[-68.052,7.874],[-68.059,7.87],[-68.067,7.869],[-68.074,7.874],[-68.081,7.879],[-68.089,7.882],[-68.097,7.884],[-68.104,7.89],[-68.109,7.897],[-68.117,7.9],[-68.124,7.904],[-68.132,7.901],[-68.14,7.898],[-68.15,7.899],[-68.157,7.903],[-68.165,7.905],[-68.173,7.904],[-68.181,7.903],[-68.189,7.902],[-68.197,7.9],[-68.206,7.9],[-68.213,7.896],[-68.222,7.899],[-68.219,7.907],[-68.226,7.912],[-68.233,7.907],[-68.24,7.902],[-68.246,7.908],[-68.252,7.914],[-68.26,7.912],[-68.265,7.919],[-68.273,7.92],[-68.275,7.912],[-68.283,7.916],[-68.29,7.922],[-68.296,7.915],[-68.304,7.91],[-68.309,7.903],[-68.318,7.898],[-68.325,7.894],[-68.327,7.886],[-68.335,7.885],[-68.343,7.881],[-68.352,7.885],[-68.358,7.891],[-68.366,7.896],[-68.373,7.9],[-68.384,7.907],[-68.385,7.915],[-68.391,7.921],[-68.401,7.922],[-68.41,7.927],[-68.418,7.929],[-68.427,7.927],[-68.433,7.933],[-68.442,7.937],[-68.45,7.937],[-68.46,7.933],[-68.468,7.929],[-68.476,7.927],[-68.484,7.928],[-68.492,7.927],[-68.5,7.928],[-68.509,7.929],[-68.511,7.937],[-68.514,7.945],[-68.523,7.946],[-68.531,7.945],[-68.543,7.947],[-68.552,7.948],[-68.559,7.952],[-68.568,7.957],[-68.576,7.956],[-68.584,7.955],[-68.591,7.959],[-68.599,7.96],[-68.607,7.961],[-68.616,7.963],[-68.624,7.962],[-68.632,7.958],[-68.641,7.959],[-68.642,7.95],[-68.647,7.941],[-68.656,7.935],[-68.666,7.931],[-68.673,7.927],[-68.681,7.926],[-68.691,7.925],[-68.699,7.922],[-68.705,7.916],[-68.711,7.909],[-68.718,7.904],[-68.726,7.902],[-68.736,7.902],[-68.745,7.902],[-68.753,7.906],[-68.761,7.907],[-68.769,7.905],[-68.774,7.898],[-68.781,7.893],[-68.791,7.892],[-68.799,7.895],[-68.807,7.898],[-68.815,7.894],[-68.825,7.895],[-68.835,7.897],[-68.845,7.899],[-68.854,7.902],[-68.862,7.901],[-68.87,7.897],[-68.879,7.897],[-68.886,7.902],[-68.892,7.909],[-68.901,7.913],[-68.909,7.915],[-68.917,7.916],[-68.926,7.916],[-68.933,7.92],[-68.939,7.927],[-68.938,7.935],[-68.934,7.944],[-68.934,7.953],[-68.942,7.957],[-68.95,7.962],[-68.957,7.968],[-68.958,7.977],[-68.959,7.985],[-68.962,7.993],[-68.968,7.999],[-68.974,8.005],[-68.983,8.005],[-68.99,8.0],[-68.997,7.994],[-69.005,7.995],[-69.013,7.998],[-69.021,8.003],[-69.031,8.002],[-69.036,7.995],[-69.037,7.987],[-69.038,7.979],[-69.045,7.973],[-69.054,7.975],[-69.061,7.98],[-69.068,7.985],[-69.075,7.99],[-69.08,7.997],[-69.089,8.0],[-69.097,7.997],[-69.106,7.993],[-69.115,7.991],[-69.121,7.997],[-69.121,8.005],[-69.123,8.014],[-69.123,8.023],[-69.127,8.03],[-69.135,8.035],[-69.139,8.042],[-69.146,8.048],[-69.154,8.046],[-69.163,8.045],[-69.171,8.049],[-69.176,8.056],[-69.184,8.057],[-69.192,8.061],[-69.201,8.063],[-69.21,8.066],[-69.219,8.065],[-69.227,8.063],[-69.238,8.06],[-69.246,8.058],[-69.252,8.064],[-69.26,8.062],[-69.267,8.058],[-69.276,8.056],[-69.285,8.055],[-69.294,8.052],[-69.302,8.051],[-69.312,8.051],[-69.322,8.053],[-69.333,8.053],[-69.342,8.052],[-69.351,8.055],[-69.363,8.054],[-69.371,8.052],[-69.379,8.05],[-69.387,8.052],[-69.394,8.06],[-69.401,8.064],[-69.409,8.066],[-69.415,8.066],[-69.416,8.067]]]}},{"type":"Feature","id":4,"properties":{"adm1_name":"Aragua","adm1_pcode":"VE05","source_id":4},"geometry":{"type":"Polygon","coordinates":[[[-67.462,10.533],[-67.47,10.536],[-67.478,10.534],[-67.486,10.532],[-67.494,10.53],[-67.502,10.527],[-67.51,10.525],[-67.518,10.524],[-67.528,10.523],[-67.537,10.526],[-67.544,10.52],[-67.553,10.522],[-67.559,10.516],[-67.568,10.517],[-67.576,10.512],[-67.583,10.508],[-67.593,10.508],[-67.602,10.512],[-67.61,10.508],[-67.618,10.503],[-67.627,10.501],[-67.635,10.502],[-67.645,10.502],[-67.657,10.499],[-67.666,10.497],[-67.674,10.499],[-67.683,10.499],[-67.694,10.499],[-67.702,10.503],[-67.711,10.503],[-67.719,10.498],[-67.728,10.498],[-67.735,10.494],[-67.744,10.495],[-67.753,10.499],[-67.76,10.495],[-67.764,10.488],[-67.772,10.488],[-67.78,10.491],[-67.788,10.487],[-67.796,10.489],[-67.803,10.485],[-67.807,10.476],[-67.811,10.468],[-67.81,10.478],[-67.817,10.483],[-67.826,10.48],[-67.834,10.482],[-67.838,10.475],[-67.839,10.466],[-67.843,10.458],[-67.844,10.448],[-67.836,10.441],[-67.844,10.443],[-67.852,10.444],[-67.856,10.454],[-67.853,10.463],[-67.854,10.472],[-67.862,10.468],[-67.869,10.464],[-67.873,10.456],[-67.876,10.448],[-67.877,10.439],[-67.879,10.43],[-67.879,10.42],[-67.877,10.408],[-67.878,10.398],[-67.878,10.388],[-67.88,10.379],[-67.879,10.371],[-67.87,10.369],[-67.861,10.361],[-67.854,10.357],[-67.845,10.352],[-67.837,10.346],[-67.832,10.337],[-67.821,10.334],[-67.813,10.33],[-67.805,10.329],[-67.796,10.33],[-67.79,10.337],[-67.782,10.341],[-67.775,10.345],[-67.768,10.35],[-67.76,10.347],[-67.751,10.348],[-67.743,10.344],[-67.734,10.343],[-67.725,10.338],[-67.718,10.334],[-67.709,10.331],[-67.702,10.336],[-67.695,10.341],[-67.685,10.341],[-67.676,10.336],[-67.671,10.329],[-67.666,10.322],[-67.662,10.315],[-67.656,10.308],[-67.652,10.3],[-67.651,10.292],[-67.651,10.283],[-67.66,10.281],[-67.666,10.275],[-67.666,10.266],[-67.672,10.26],[-67.678,10.254],[-67.674,10.245],[-67.675,10.253],[-67.668,10.248],[-67.662,10.241],[-67.657,10.234],[-67.649,10.231],[-67.642,10.226],[-67.634,10.223],[-67.627,10.219],[-67.619,10.217],[-67.612,10.213],[-67.609,10.205],[-67.608,10.197],[-67.606,10.189],[-67.603,10.181],[-67.605,10.173],[-67.608,10.165],[-67.608,10.156],[-67.608,10.148],[-67.612,10.139],[-67.612,10.13],[-67.612,10.122],[-67.613,10.114],[-67.621,10.111],[-67.629,10.112],[-67.636,10.116],[-67.642,10.122],[-67.644,10.13],[-67.646,10.138],[-67.65,10.145],[-67.652,10.136],[-67.66,10.133],[-67.659,10.115],[-67.658,10.107],[-67.658,10.098],[-67.661,10.09],[-67.666,10.083],[-67.675,10.079],[-67.679,10.072],[-67.686,10.068],[-67.692,10.061],[-67.687,10.053],[-67.686,10.044],[-67.685,10.035],[-67.691,10.029],[-67.697,10.023],[-67.688,10.021],[-67.68,10.026],[-67.671,10.023],[-67.664,10.027],[-67.655,10.023],[-67.648,10.019],[-67.642,10.013],[-67.634,10.015],[-67.624,10.014],[-67.615,10.008],[-67.618,10.0],[-67.611,9.995],[-67.601,9.994],[-67.592,9.996],[-67.584,9.998],[-67.577,10.003],[-67.569,10.0],[-67.562,9.995],[-67.554,9.996],[-67.546,9.998],[-67.543,9.99],[-67.537,9.967],[-67.535,9.955],[-67.527,9.952],[-67.519,9.953],[-67.511,9.955],[-67.504,9.96],[-67.497,9.965],[-67.489,9.968],[-67.48,9.965],[-67.476,9.973],[-67.469,9.978],[-67.46,9.98],[-67.452,9.978],[-67.445,9.983],[-67.439,9.989],[-67.432,9.994],[-67.425,9.99],[-67.417,9.985],[-67.409,9.981],[-67.402,9.976],[-67.395,9.972],[-67.386,9.969],[-67.38,9.962],[-67.376,9.955],[-67.367,9.952],[-67.363,9.945],[-67.354,9.942],[-67.347,9.938],[-67.34,9.934],[-67.335,9.926],[-67.328,9.93],[-67.32,9.932],[-67.312,9.939],[-67.304,9.94],[-67.297,9.936],[-67.289,9.934],[-67.281,9.937],[-67.273,9.935],[-67.271,9.927],[-67.274,9.919],[-67.27,9.911],[-67.263,9.907],[-67.257,9.913],[-67.249,9.915],[-67.242,9.92],[-67.233,9.922],[-67.225,9.927],[-67.218,9.932],[-67.21,9.931],[-67.201,9.931],[-67.193,9.933],[-67.185,9.929],[-67.175,9.928],[-67.166,9.928],[-67.165,9.918],[-67.164,9.91],[-67.166,9.902],[-67.16,9.895],[-67.159,9.886],[-67.16,9.877],[-67.156,9.869],[-67.148,9.862],[-67.148,9.854],[-67.149,9.845],[-67.147,9.837],[-67.14,9.83],[-67.131,9.828],[-67.123,9.829],[-67.113,9.829],[-67.109,9.822],[-67.114,9.812],[-67.115,9.803],[-67.11,9.793],[-67.103,9.786],[-67.095,9.788],[-67.086,9.787],[-67.078,9.788],[-67.07,9.794],[-67.061,9.791],[-67.052,9.789],[-67.044,9.793],[-67.037,9.788],[-67.037,9.779],[-67.034,9.771],[-67.03,9.764],[-67.022,9.762],[-67.012,9.759],[-67.002,9.755],[-66.994,9.753],[-66.986,9.755],[-66.975,9.755],[-66.971,9.746],[-66.966,9.739],[-66.965,9.73],[-66.959,9.723],[-66.96,9.714],[-66.961,9.706],[-66.963,9.696],[-66.955,9.694],[-66.944,9.693],[-66.939,9.686],[-66.931,9.687],[-66.922,9.686],[-66.914,9.684],[-66.906,9.678],[-66.896,9.676],[-66.888,9.678],[-66.879,9.68],[-66.872,9.676],[-66.862,9.669],[-66.854,9.666],[-66.848,9.66],[-66.848,9.652],[-66.854,9.646],[-66.85,9.639],[-66.847,9.631],[-66.845,9.623],[-66.843,9.615],[-66.847,9.607],[-66.852,9.6],[-66.859,9.596],[-66.86,9.588],[-66.865,9.581],[-66.869,9.574],[-66.872,9.566],[-66.876,9.558],[-66.88,9.551],[-66.887,9.545],[-66.892,9.538],[-66.9,9.537],[-66.908,9.539],[-66.916,9.537],[-66.924,9.538],[-66.932,9.539],[-66.94,9.536],[-66.945,9.543],[-66.951,9.537],[-66.955,9.53],[-66.959,9.522],[-66.968,9.523],[-66.967,9.515],[-66.975,9.516],[-66.982,9.51],[-66.984,9.502],[-66.977,9.497],[-66.981,9.49],[-66.984,9.482],[-66.991,9.477],[-66.995,9.47],[-67.003,9.468],[-67.003,9.459],[-67.004,9.45],[-67.011,9.446],[-67.012,9.438],[-67.01,9.43],[-67.014,9.423],[-67.013,9.414],[-67.006,9.41],[-66.992,9.423],[-66.985,9.433],[-66.918,9.365],[-66.893,9.337],[-66.861,9.337],[-66.851,9.344],[-66.841,9.341],[-66.835,9.334],[-66.82,9.318],[-66.792,9.302],[-66.783,9.298],[-66.772,9.296],[-66.756,9.303],[-66.748,9.294],[-66.739,9.287],[-66.731,9.279],[-66.724,9.27],[-66.717,9.262],[-66.711,9.255],[-66.703,9.252],[-66.687,9.261],[-66.682,9.268],[-66.679,9.276],[-66.671,9.28],[-66.664,9.285],[-66.657,9.29],[-66.653,9.298],[-66.649,9.305],[-66.647,9.313],[-66.642,9.32],[-66.636,9.327],[-66.637,9.335],[-66.632,9.342],[-66.627,9.349],[-66.62,9.353],[-66.613,9.359],[-66.607,9.366],[-66.607,9.374],[-66.6,9.38],[-66.596,9.388],[-66.592,9.396],[-66.585,9.402],[-66.587,9.411],[-66.58,9.418],[-66.576,9.425],[-66.577,9.434],[-66.568,9.438],[-66.576,9.441],[-66.572,9.448],[-66.566,9.455],[-66.567,9.464],[-66.563,9.471],[-66.564,9.479],[-66.557,9.485],[-66.558,9.494],[-66.562,9.502],[-66.57,9.503],[-66.575,9.51],[-66.58,9.519],[-66.579,9.527],[-66.586,9.533],[-66.579,9.539],[-66.576,9.547],[-66.568,9.548],[-66.571,9.556],[-66.571,9.565],[-66.569,9.574],[-66.564,9.581],[-66.564,9.589],[-66.557,9.594],[-66.553,9.602],[-66.55,9.61],[-66.549,9.618],[-66.551,9.627],[-66.55,9.635],[-66.554,9.642],[-66.556,9.65],[-66.558,9.659],[-66.565,9.663],[-66.573,9.667],[-66.574,9.675],[-66.581,9.682],[-66.588,9.687],[-66.595,9.691],[-66.603,9.697],[-66.607,9.704],[-66.614,9.71],[-66.622,9.709],[-66.628,9.715],[-66.63,9.723],[-66.623,9.727],[-66.624,9.736],[-66.625,9.744],[-66.628,9.752],[-66.62,9.755],[-66.623,9.763],[-66.624,9.771],[-66.621,9.78],[-66.614,9.775],[-66.606,9.778],[-66.599,9.784],[-66.6,9.792],[-66.603,9.8],[-66.596,9.804],[-66.588,9.805],[-66.593,9.812],[-66.597,9.819],[-66.593,9.826],[-66.586,9.83],[-66.578,9.833],[-66.574,9.84],[-66.582,9.841],[-66.591,9.846],[-66.597,9.853],[-66.6,9.861],[-66.601,9.869],[-66.6,9.877],[-66.601,9.886],[-66.595,9.892],[-66.601,9.899],[-66.601,9.907],[-66.605,9.914],[-66.606,9.922],[-66.604,9.931],[-66.604,9.94],[-66.603,9.948],[-66.61,9.954],[-66.611,9.962],[-66.612,9.971],[-66.62,9.971],[-66.63,9.969],[-66.638,9.97],[-66.646,9.971],[-66.654,9.974],[-66.661,9.979],[-66.671,9.979],[-66.679,9.976],[-66.686,9.98],[-66.694,9.982],[-66.703,9.981],[-66.709,9.987],[-66.717,9.989],[-66.725,9.992],[-66.734,9.991],[-66.742,9.988],[-66.746,9.997],[-66.762,9.999],[-66.77,10.007],[-66.776,10.013],[-66.785,10.014],[-66.793,10.012],[-66.804,10.015],[-66.813,10.015],[-66.818,10.022],[-66.827,10.026],[-66.836,10.021],[-66.841,10.014],[-66.849,10.011],[-66.856,10.005],[-66.864,10.002],[-66.873,9.999],[-66.881,10.002],[-66.889,10.01],[-66.897,10.017],[-66.904,10.021],[-66.911,10.017],[-66.92,10.016],[-66.928,10.012],[-66.927,10.02],[-66.933,10.035],[-66.94,10.039],[-66.951,10.038],[-66.959,10.039],[-66.963,10.053],[-66.966,10.061],[-66.969,10.069],[-66.979,10.071],[-66.988,10.069],[-66.998,10.069],[-67.002,10.062],[-67.011,10.064],[-67.021,10.065],[-67.03,10.067],[-67.038,10.063],[-67.047,10.06],[-67.055,10.057],[-67.063,10.06],[-67.07,10.067],[-67.078,10.074],[-67.085,10.078],[-67.094,10.082],[-67.102,10.087],[-67.11,10.089],[-67.109,10.097],[-67.105,10.105],[-67.112,10.112],[-67.117,10.122],[-67.122,10.131],[-67.127,10.138],[-67.132,10.145],[-67.139,10.152],[-67.135,10.161],[-67.125,10.173],[-67.118,10.177],[-67.112,10.184],[-67.112,10.192],[-67.112,10.202],[-67.116,10.21],[-67.112,10.217],[-67.105,10.223],[-67.099,10.23],[-67.097,10.238],[-67.12,10.265],[-67.129,10.271],[-67.139,10.278],[-67.147,10.284],[-67.156,10.291],[-67.166,10.296],[-67.175,10.298],[-67.183,10.299],[-67.186,10.312],[-67.188,10.325],[-67.179,10.326],[-67.171,10.328],[-67.164,10.332],[-67.164,10.342],[-67.171,10.349],[-67.179,10.351],[-67.188,10.354],[-67.194,10.361],[-67.198,10.368],[-67.201,10.376],[-67.203,10.384],[-67.208,10.392],[-67.215,10.398],[-67.22,10.405],[-67.229,10.412],[-67.237,10.418],[-67.244,10.423],[-67.251,10.427],[-67.259,10.424],[-67.267,10.423],[-67.275,10.422],[-67.284,10.421],[-67.293,10.424],[-67.305,10.417],[-67.315,10.411],[-67.324,10.407],[-67.333,10.406],[-67.337,10.399],[-67.344,10.393],[-67.348,10.4],[-67.354,10.406],[-67.361,10.41],[-67.362,10.42],[-67.364,10.429],[-67.363,10.438],[-67.367,10.445],[-67.374,10.45],[-67.379,10.457],[-67.381,10.465],[-67.384,10.474],[-67.385,10.482],[-67.393,10.485],[-67.391,10.494],[-67.399,10.497],[-67.405,10.504],[-67.41,10.511],[-67.407,10.52],[-67.403,10.527],[-67.409,10.534],[-67.419,10.535],[-67.427,10.534],[-67.435,10.533],[-67.443,10.534],[-67.453,10.532],[-67.461,10.532],[-67.462,10.533]]]}},{"type":"Feature","id":5,"properties":{"adm1_name":"Barinas","adm1_pcode":"VE06","source_id":5},"geometry":{"type":"Polygon","coordinates":[[[-70.218,9.054],[-70.227,9.059],[-70.237,9.06],[-70.242,9.053],[-70.249,9.048],[-70.256,9.039],[-70.266,9.036],[-70.276,9.03],[-70.286,9.033],[-70.296,9.036],[-70.302,9.043],[-70.311,9.047],[-70.319,9.049],[-70.329,9.052],[-70.337,9.056],[-70.346,9.059],[-70.355,9.055],[-70.364,9.057],[-70.372,9.059],[-70.381,9.058],[-70.387,9.052],[-70.399,9.05],[-70.399,9.042],[-70.408,9.036],[-70.417,9.03],[-70.426,9.025],[-70.435,9.023],[-70.444,9.022],[-70.452,9.018],[-70.46,9.013],[-70.471,9.011],[-70.479,9.013],[-70.489,9.008],[-70.498,9.002],[-70.505,8.997],[-70.512,8.985],[-70.518,8.979],[-70.524,8.971],[-70.531,8.966],[-70.54,8.96],[-70.547,8.956],[-70.553,8.95],[-70.552,8.941],[-70.552,8.932],[-70.559,8.927],[-70.565,8.919],[-70.57,8.912],[-70.576,8.905],[-70.578,8.897],[-70.577,8.888],[-70.576,8.88],[-70.578,8.872],[-70.572,8.864],[-70.568,8.857],[-70.575,8.852],[-70.582,8.846],[-70.592,8.846],[-70.601,8.847],[-70.609,8.843],[-70.612,8.835],[-70.62,8.837],[-70.628,8.842],[-70.636,8.845],[-70.644,8.841],[-70.651,8.836],[-70.659,8.831],[-70.663,8.823],[-70.663,8.815],[-70.671,8.808],[-70.68,8.803],[-70.686,8.795],[-70.689,8.787],[-70.695,8.778],[-70.703,8.774],[-70.706,8.766],[-70.714,8.761],[-70.721,8.753],[-70.73,8.751],[-70.741,8.743],[-70.747,8.736],[-70.754,8.727],[-70.751,8.717],[-70.749,8.708],[-70.741,8.703],[-70.732,8.702],[-70.722,8.691],[-70.714,8.683],[-70.707,8.674],[-70.714,8.664],[-70.715,8.656],[-70.718,8.641],[-70.724,8.632],[-70.731,8.624],[-70.739,8.622],[-70.75,8.621],[-70.756,8.615],[-70.763,8.611],[-70.771,8.609],[-70.78,8.606],[-70.793,8.608],[-70.804,8.6],[-70.814,8.597],[-70.825,8.598],[-70.836,8.595],[-70.845,8.586],[-70.849,8.575],[-70.849,8.56],[-70.844,8.549],[-70.844,8.538],[-70.847,8.524],[-70.843,8.513],[-70.834,8.498],[-70.832,8.488],[-70.839,8.478],[-70.84,8.469],[-70.839,8.457],[-70.846,8.45],[-70.837,8.44],[-70.844,8.431],[-70.851,8.414],[-70.862,8.402],[-70.87,8.391],[-70.879,8.381],[-70.891,8.378],[-70.899,8.371],[-70.905,8.363],[-70.907,8.354],[-70.909,8.345],[-70.909,8.335],[-70.907,8.323],[-70.911,8.302],[-70.908,8.294],[-70.911,8.285],[-70.907,8.271],[-70.926,8.263],[-70.936,8.258],[-70.942,8.249],[-70.951,8.245],[-70.96,8.243],[-70.966,8.249],[-70.969,8.261],[-70.975,8.267],[-70.985,8.267],[-70.995,8.265],[-71.002,8.259],[-71.008,8.252],[-71.014,8.244],[-71.03,8.243],[-71.026,8.236],[-71.026,8.228],[-71.022,8.221],[-71.019,8.212],[-71.014,8.205],[-71.009,8.198],[-71.013,8.19],[-71.014,8.182],[-71.019,8.175],[-71.025,8.169],[-71.033,8.164],[-71.038,8.157],[-71.043,8.15],[-71.046,8.141],[-71.044,8.133],[-71.045,8.125],[-71.046,8.117],[-71.051,8.11],[-71.057,8.103],[-71.063,8.096],[-71.07,8.091],[-71.074,8.083],[-71.08,8.077],[-71.087,8.072],[-71.095,8.07],[-71.095,8.061],[-71.102,8.056],[-71.103,8.047],[-71.111,8.042],[-71.117,8.035],[-71.126,8.039],[-71.131,8.031],[-71.136,8.023],[-71.145,8.02],[-71.153,8.016],[-71.161,8.012],[-71.168,8.008],[-71.169,7.999],[-71.177,7.995],[-71.184,7.988],[-71.191,7.983],[-71.2,7.976],[-71.211,7.972],[-71.22,7.966],[-71.226,7.959],[-71.234,7.958],[-71.233,7.95],[-71.233,7.942],[-71.242,7.939],[-71.248,7.931],[-71.255,7.926],[-71.261,7.92],[-71.267,7.914],[-71.267,7.906],[-71.276,7.907],[-71.284,7.91],[-71.292,7.909],[-71.295,7.9],[-71.302,7.891],[-71.308,7.883],[-71.317,7.883],[-71.325,7.881],[-71.332,7.875],[-71.338,7.869],[-71.345,7.863],[-71.354,7.856],[-71.364,7.852],[-71.371,7.848],[-71.377,7.841],[-71.383,7.835],[-71.384,7.827],[-71.393,7.82],[-71.401,7.815],[-71.407,7.809],[-71.416,7.805],[-71.423,7.8],[-71.43,7.796],[-71.438,7.793],[-71.447,7.787],[-71.455,7.782],[-71.461,7.775],[-71.462,7.767],[-71.462,7.759],[-71.468,7.753],[-71.466,7.745],[-71.464,7.737],[-71.465,7.729],[-71.46,7.722],[-71.453,7.715],[-71.448,7.707],[-71.444,7.7],[-71.446,7.692],[-71.455,7.69],[-71.461,7.681],[-71.468,7.676],[-71.476,7.678],[-71.478,7.67],[-71.486,7.667],[-71.493,7.662],[-71.499,7.656],[-71.5,7.648],[-71.49,7.649],[-71.494,7.642],[-71.5,7.636],[-71.494,7.629],[-71.501,7.625],[-71.498,7.616],[-71.505,7.61],[-71.5,7.601],[-71.491,7.599],[-71.494,7.608],[-71.484,7.611],[-71.477,7.615],[-71.481,7.605],[-71.473,7.598],[-71.465,7.593],[-71.456,7.594],[-71.446,7.59],[-71.438,7.592],[-71.443,7.582],[-71.436,7.578],[-71.428,7.577],[-71.418,7.578],[-71.421,7.57],[-71.421,7.562],[-71.431,7.561],[-71.43,7.552],[-71.419,7.55],[-71.411,7.556],[-71.402,7.553],[-71.399,7.544],[-71.396,7.536],[-71.404,7.539],[-71.405,7.53],[-71.399,7.524],[-71.391,7.527],[-71.386,7.52],[-71.378,7.524],[-71.372,7.516],[-71.369,7.508],[-71.376,7.501],[-71.369,7.497],[-71.362,7.503],[-71.353,7.506],[-71.343,7.506],[-71.336,7.513],[-71.334,7.504],[-71.33,7.497],[-71.319,7.495],[-71.322,7.486],[-71.329,7.478],[-71.337,7.476],[-71.348,7.479],[-71.358,7.477],[-71.366,7.475],[-71.373,7.479],[-71.383,7.48],[-71.392,7.477],[-71.398,7.483],[-71.406,7.481],[-71.415,7.484],[-71.416,7.493],[-71.423,7.5],[-71.43,7.504],[-71.438,7.505],[-71.447,7.509],[-71.453,7.503],[-71.462,7.501],[-71.47,7.497],[-71.479,7.498],[-71.488,7.498],[-71.497,7.504],[-71.506,7.51],[-71.515,7.514],[-71.523,7.515],[-71.528,7.522],[-71.536,7.519],[-71.545,7.517],[-71.554,7.515],[-71.562,7.522],[-71.57,7.525],[-71.577,7.521],[-71.579,7.512],[-71.588,7.512],[-71.593,7.519],[-71.597,7.526],[-71.601,7.519],[-71.61,7.521],[-71.618,7.522],[-71.628,7.52],[-71.634,7.527],[-71.643,7.527],[-71.647,7.52],[-71.65,7.529],[-71.658,7.53],[-71.665,7.537],[-71.673,7.538],[-71.682,7.544],[-71.691,7.548],[-71.696,7.541],[-71.704,7.542],[-71.712,7.541],[-71.72,7.545],[-71.721,7.535],[-71.728,7.531],[-71.734,7.537],[-71.742,7.538],[-71.751,7.534],[-71.76,7.54],[-71.767,7.546],[-71.768,7.535],[-71.77,7.527],[-71.779,7.527],[-71.787,7.527],[-71.786,7.535],[-71.794,7.537],[-71.802,7.54],[-71.806,7.532],[-71.817,7.534],[-71.825,7.536],[-71.833,7.534],[-71.84,7.53],[-71.84,7.522],[-71.848,7.52],[-71.855,7.525],[-71.855,7.517],[-71.859,7.51],[-71.867,7.511],[-71.875,7.507],[-71.883,7.504],[-71.875,7.499],[-71.867,7.5],[-71.859,7.498],[-71.849,7.501],[-71.842,7.496],[-71.837,7.489],[-71.828,7.484],[-71.82,7.485],[-71.81,7.486],[-71.802,7.481],[-71.795,7.475],[-71.785,7.474],[-71.778,7.468],[-71.77,7.472],[-71.762,7.473],[-71.755,7.469],[-71.745,7.466],[-71.745,7.458],[-71.748,7.45],[-71.741,7.446],[-71.734,7.439],[-71.725,7.433],[-71.716,7.427],[-71.708,7.423],[-71.7,7.424],[-71.691,7.422],[-71.684,7.418],[-71.676,7.422],[-71.668,7.421],[-71.658,7.421],[-71.646,7.425],[-71.639,7.429],[-71.633,7.435],[-71.627,7.441],[-71.621,7.435],[-71.614,7.429],[-71.606,7.425],[-71.6,7.418],[-71.592,7.42],[-71.588,7.427],[-71.579,7.429],[-71.571,7.432],[-71.562,7.43],[-71.556,7.424],[-71.545,7.426],[-71.537,7.422],[-71.529,7.42],[-71.52,7.42],[-71.513,7.425],[-71.505,7.427],[-71.497,7.435],[-71.49,7.442],[-71.483,7.447],[-71.476,7.451],[-71.468,7.452],[-71.467,7.461],[-71.459,7.455],[-71.456,7.463],[-71.449,7.458],[-71.44,7.456],[-71.434,7.449],[-71.428,7.443],[-71.42,7.444],[-71.412,7.443],[-71.403,7.445],[-71.397,7.451],[-71.39,7.445],[-71.379,7.445],[-71.373,7.439],[-71.363,7.44],[-71.355,7.436],[-71.351,7.444],[-71.343,7.445],[-71.334,7.446],[-71.326,7.445],[-71.32,7.439],[-71.313,7.443],[-71.305,7.445],[-71.298,7.44],[-71.29,7.436],[-71.282,7.434],[-71.282,7.426],[-71.274,7.427],[-71.266,7.429],[-71.258,7.426],[-71.251,7.43],[-71.243,7.426],[-71.242,7.418],[-71.234,7.42],[-71.226,7.422],[-71.216,7.422],[-71.22,7.414],[-71.216,7.406],[-71.21,7.4],[-71.202,7.398],[-71.2,7.39],[-71.192,7.392],[-71.184,7.388],[-71.176,7.387],[-71.178,7.379],[-71.171,7.374],[-71.164,7.37],[-71.154,7.365],[-71.145,7.365],[-71.136,7.367],[-71.128,7.363],[-71.119,7.368],[-71.112,7.364],[-71.104,7.37],[-71.097,7.366],[-71.088,7.369],[-71.084,7.362],[-71.076,7.359],[-71.073,7.351],[-71.065,7.349],[-71.055,7.349],[-71.047,7.352],[-71.039,7.35],[-71.031,7.348],[-71.027,7.34],[-71.019,7.338],[-71.01,7.34],[-71.002,7.339],[-70.994,7.334],[-70.988,7.328],[-70.98,7.327],[-70.972,7.326],[-70.966,7.32],[-70.962,7.312],[-70.953,7.307],[-70.945,7.308],[-70.935,7.308],[-70.926,7.311],[-70.918,7.315],[-70.909,7.311],[-70.901,7.313],[-70.893,7.317],[-70.884,7.318],[-70.876,7.324],[-70.883,7.328],[-70.877,7.334],[-70.868,7.331],[-70.86,7.33],[-70.854,7.323],[-70.846,7.322],[-70.842,7.315],[-70.832,7.319],[-70.824,7.315],[-70.816,7.313],[-70.808,7.314],[-70.804,7.307],[-70.796,7.304],[-70.787,7.298],[-70.779,7.3],[-70.77,7.303],[-70.763,7.298],[-70.755,7.296],[-70.751,7.289],[-70.746,7.297],[-70.738,7.295],[-70.734,7.302],[-70.726,7.304],[-70.718,7.301],[-70.71,7.295],[-70.702,7.293],[-70.694,7.294],[-70.69,7.301],[-70.686,7.308],[-70.685,7.316],[-70.677,7.321],[-70.668,7.321],[-70.659,7.323],[-70.651,7.327],[-70.644,7.332],[-70.636,7.332],[-70.627,7.33],[-70.619,7.328],[-70.612,7.324],[-70.604,7.327],[-70.597,7.332],[-70.589,7.338],[-70.581,7.34],[-70.572,7.346],[-70.564,7.352],[-70.557,7.356],[-70.553,7.365],[-70.55,7.373],[-70.542,7.375],[-70.534,7.376],[-70.525,7.372],[-70.517,7.367],[-70.509,7.374],[-70.509,7.385],[-70.511,7.395],[-70.516,7.404],[-70.511,7.411],[-70.502,7.415],[-70.492,7.419],[-70.482,7.42],[-70.474,7.422],[-70.466,7.42],[-70.456,7.42],[-70.447,7.421],[-70.435,7.425],[-70.427,7.43],[-70.42,7.436],[-70.412,7.44],[-70.404,7.44],[-70.396,7.443],[-70.39,7.449],[-70.384,7.455],[-70.38,7.462],[-70.378,7.471],[-70.372,7.478],[-70.363,7.484],[-70.359,7.491],[-70.36,7.499],[-70.361,7.508],[-70.361,7.516],[-70.358,7.524],[-70.356,7.532],[-70.35,7.54],[-70.346,7.548],[-70.345,7.557],[-70.341,7.564],[-70.332,7.567],[-70.324,7.571],[-70.325,7.581],[-70.327,7.59],[-70.325,7.598],[-70.318,7.602],[-70.31,7.599],[-70.302,7.601],[-70.299,7.609],[-70.29,7.608],[-70.279,7.607],[-70.269,7.609],[-70.262,7.614],[-70.254,7.61],[-70.246,7.605],[-70.236,7.602],[-70.228,7.597],[-70.219,7.591],[-70.21,7.593],[-70.206,7.602],[-70.201,7.61],[-70.194,7.614],[-70.185,7.616],[-70.175,7.615],[-70.167,7.618],[-70.163,7.626],[-70.158,7.634],[-70.154,7.642],[-70.151,7.65],[-70.154,7.658],[-70.155,7.666],[-70.148,7.674],[-70.146,7.682],[-70.139,7.686],[-70.131,7.687],[-70.121,7.688],[-70.115,7.696],[-70.112,7.704],[-70.103,7.707],[-70.097,7.714],[-70.09,7.722],[-70.082,7.723],[-70.073,7.722],[-70.063,7.725],[-70.053,7.729],[-70.046,7.736],[-70.042,7.743],[-70.032,7.746],[-70.024,7.747],[-70.014,7.748],[-70.006,7.745],[-69.995,7.744],[-69.986,7.744],[-69.979,7.749],[-69.97,7.751],[-69.963,7.747],[-69.959,7.738],[-69.952,7.734],[-69.947,7.741],[-69.94,7.748],[-69.931,7.751],[-69.925,7.757],[-69.921,7.765],[-69.914,7.771],[-69.907,7.778],[-69.903,7.785],[-69.899,7.793],[-69.891,7.797],[-69.881,7.798],[-69.872,7.799],[-69.864,7.8],[-69.856,7.802],[-69.848,7.805],[-69.839,7.806],[-69.832,7.801],[-69.824,7.794],[-69.816,7.791],[-69.809,7.797],[-69.804,7.805],[-69.797,7.81],[-69.788,7.813],[-69.779,7.813],[-69.769,7.817],[-69.762,7.822],[-69.754,7.824],[-69.746,7.823],[-69.737,7.824],[-69.728,7.824],[-69.722,7.83],[-69.717,7.837],[-69.711,7.844],[-69.704,7.849],[-69.694,7.853],[-69.687,7.858],[-69.682,7.865],[-69.674,7.868],[-69.664,7.872],[-69.656,7.877],[-69.648,7.885],[-69.638,7.892],[-69.63,7.897],[-69.622,7.899],[-69.614,7.901],[-69.606,7.905],[-69.603,7.914],[-69.601,7.923],[-69.596,7.93],[-69.587,7.932],[-69.578,7.934],[-69.57,7.931],[-69.563,7.936],[-69.561,7.946],[-69.557,7.953],[-69.55,7.957],[-69.545,7.964],[-69.546,7.973],[-69.541,7.98],[-69.537,7.989],[-69.53,7.995],[-69.522,7.999],[-69.513,7.997],[-69.503,7.998],[-69.492,8.002],[-69.486,8.014],[-69.479,8.024],[-69.472,8.031],[-69.465,8.037],[-69.455,8.046],[-69.448,8.052],[-69.443,8.059],[-69.435,8.066],[-69.427,8.067],[-69.418,8.068],[-69.409,8.066],[-69.401,8.064],[-69.394,8.06],[-69.388,8.054],[-69.379,8.05],[-69.371,8.052],[-69.363,8.054],[-69.354,8.055],[-69.346,8.054],[-69.338,8.051],[-69.328,8.054],[-69.319,8.053],[-69.31,8.051],[-69.301,8.051],[-69.292,8.053],[-69.283,8.055],[-69.274,8.057],[-69.264,8.059],[-69.257,8.064],[-69.249,8.061],[-69.241,8.059],[-69.232,8.062],[-69.223,8.064],[-69.215,8.067],[-69.206,8.064],[-69.196,8.063],[-69.187,8.059],[-69.178,8.056],[-69.171,8.051],[-69.164,8.046],[-69.155,8.046],[-69.146,8.048],[-69.14,8.042],[-69.135,8.035],[-69.128,8.031],[-69.123,8.023],[-69.123,8.014],[-69.122,8.006],[-69.121,7.998],[-69.115,7.991],[-69.107,7.992],[-69.1,7.996],[-69.092,7.999],[-69.083,7.999],[-69.078,7.992],[-69.071,7.988],[-69.065,7.982],[-69.058,7.978],[-69.051,7.974],[-69.041,7.974],[-69.038,7.983],[-69.037,7.991],[-69.035,7.999],[-69.026,8.002],[-69.016,8.001],[-69.009,7.996],[-69.001,7.994],[-68.993,7.996],[-68.987,8.002],[-68.978,8.006],[-68.971,8.002],[-68.964,7.997],[-68.96,7.99],[-68.958,7.982],[-68.958,7.974],[-68.955,7.966],[-68.948,7.961],[-68.939,7.955],[-68.933,7.948],[-68.936,7.939],[-68.94,7.931],[-68.936,7.924],[-68.93,7.918],[-68.922,7.916],[-68.913,7.916],[-68.902,7.914],[-68.894,7.912],[-68.888,7.905],[-68.88,7.897],[-68.872,7.896],[-68.864,7.9],[-68.856,7.902],[-68.847,7.9],[-68.837,7.898],[-68.828,7.896],[-68.82,7.893],[-68.812,7.896],[-68.801,7.895],[-68.793,7.892],[-68.785,7.892],[-68.777,7.896],[-68.771,7.903],[-68.763,7.907],[-68.753,7.906],[-68.745,7.902],[-68.736,7.902],[-68.727,7.902],[-68.718,7.904],[-68.711,7.909],[-68.705,7.916],[-68.699,7.922],[-68.691,7.925],[-68.682,7.926],[-68.673,7.927],[-68.666,7.931],[-68.657,7.935],[-68.649,7.938],[-68.645,7.945],[-68.642,7.953],[-68.635,7.959],[-68.627,7.961],[-68.618,7.963],[-68.61,7.962],[-68.602,7.96],[-68.593,7.959],[-68.585,7.956],[-68.577,7.955],[-68.568,7.957],[-68.559,7.954],[-68.552,7.948],[-68.543,7.947],[-68.534,7.945],[-68.526,7.946],[-68.516,7.945],[-68.511,7.938],[-68.509,7.929],[-68.5,7.928],[-68.492,7.927],[-68.484,7.928],[-68.476,7.927],[-68.468,7.928],[-68.46,7.932],[-68.452,7.937],[-68.444,7.938],[-68.435,7.935],[-68.429,7.928],[-68.42,7.929],[-68.412,7.928],[-68.403,7.923],[-68.394,7.92],[-68.385,7.922],[-68.385,7.914],[-68.379,7.903],[-68.372,7.899],[-68.363,7.894],[-68.355,7.89],[-68.349,7.881],[-68.34,7.883],[-68.331,7.883],[-68.326,7.893],[-68.318,7.898],[-68.311,7.903],[-68.304,7.909],[-68.297,7.913],[-68.293,7.921],[-68.285,7.919],[-68.281,7.911],[-68.273,7.914],[-68.271,7.922],[-68.265,7.916],[-68.258,7.912],[-68.25,7.913],[-68.244,7.905],[-68.235,7.906],[-68.229,7.912],[-68.221,7.91],[-68.222,7.902],[-68.217,7.895],[-68.209,7.9],[-68.201,7.902],[-68.193,7.901],[-68.185,7.904],[-68.177,7.901],[-68.17,7.905],[-68.161,7.904],[-68.153,7.901],[-68.145,7.898],[-68.137,7.9],[-68.129,7.902],[-68.121,7.902],[-68.113,7.899],[-68.107,7.893],[-68.101,7.887],[-68.094,7.882],[-68.086,7.88],[-68.079,7.876],[-68.071,7.873],[-68.063,7.868],[-68.055,7.87],[-68.049,7.876],[-68.04,7.876],[-68.033,7.88],[-68.025,7.881],[-68.02,7.888],[-68.012,7.891],[-68.005,7.897],[-67.996,7.898],[-67.988,7.9],[-67.98,7.898],[-67.972,7.893],[-67.966,7.9],[-67.958,7.904],[-67.95,7.908],[-67.942,7.909],[-67.936,7.903],[-67.928,7.904],[-67.919,7.906],[-67.913,7.9],[-67.9,7.902],[-67.891,7.902],[-67.883,7.901],[-67.877,7.895],[-67.868,7.892],[-67.861,7.899],[-67.86,7.907],[-67.854,7.913],[-67.846,7.912],[-67.84,7.918],[-67.832,7.92],[-67.821,7.923],[-67.814,7.917],[-67.806,7.913],[-67.8,7.92],[-67.79,7.918],[-67.782,7.914],[-67.774,7.91],[-67.766,7.908],[-67.758,7.908],[-67.749,7.912],[-67.741,7.914],[-67.733,7.918],[-67.725,7.913],[-67.717,7.91],[-67.709,7.912],[-67.702,7.917],[-67.694,7.919],[-67.686,7.927],[-67.684,7.936],[-67.681,7.944],[-67.67,7.945],[-67.661,7.943],[-67.665,7.935],[-67.656,7.934],[-67.648,7.935],[-67.642,7.941],[-67.646,7.949],[-67.652,7.956],[-67.646,7.962],[-67.638,7.965],[-67.628,7.967],[-67.619,7.971],[-67.612,7.978],[-67.605,7.984],[-67.597,7.986],[-67.592,7.979],[-67.584,7.973],[-67.579,7.966],[-67.572,7.961],[-67.566,7.955],[-67.56,7.948],[-67.551,7.944],[-67.541,7.943],[-67.532,7.947],[-67.523,7.95],[-67.514,7.951],[-67.505,7.952],[-67.502,7.96],[-67.507,7.968],[-67.514,7.974],[-67.522,7.975],[-67.531,7.977],[-67.537,7.971],[-67.544,7.976],[-67.552,7.972],[-67.553,7.98],[-67.56,7.985],[-67.568,7.988],[-67.566,7.996],[-67.56,8.003],[-67.563,8.011],[-67.572,8.009],[-67.577,8.018],[-67.587,8.018],[-67.588,8.026],[-67.588,8.034],[-67.599,8.037],[-67.603,8.044],[-67.595,8.05],[-67.588,8.044],[-67.578,8.043],[-67.583,8.05],[-67.581,8.058],[-67.577,8.065],[-67.576,8.074],[-67.58,8.081],[-67.584,8.089],[-67.593,8.09],[-67.602,8.092],[-67.607,8.1],[-67.611,8.093],[-67.621,8.088],[-67.629,8.089],[-67.621,8.093],[-67.617,8.1],[-67.623,8.106],[-67.626,8.114],[-67.629,8.122],[-67.638,8.129],[-67.649,8.132],[-67.657,8.135],[-67.664,8.139],[-67.663,8.147],[-67.67,8.152],[-67.669,8.163],[-67.669,8.172],[-67.667,8.181],[-67.676,8.186],[-67.679,8.195],[-67.683,8.202],[-67.692,8.201],[-67.699,8.207],[-67.701,8.216],[-67.706,8.227],[-67.715,8.228],[-67.723,8.229],[-67.732,8.229],[-67.742,8.231],[-67.75,8.232],[-67.754,8.225],[-67.762,8.218],[-67.772,8.22],[-67.774,8.23],[-67.776,8.24],[-67.781,8.248],[-67.785,8.255],[-67.786,8.264],[-67.791,8.272],[-67.792,8.263],[-67.793,8.255],[-67.801,8.256],[-67.808,8.26],[-67.817,8.258],[-67.825,8.258],[-67.833,8.261],[-67.828,8.268],[-67.828,8.277],[-67.83,8.285],[-67.837,8.29],[-67.843,8.296],[-67.842,8.304],[-67.848,8.312],[-67.857,8.317],[-67.861,8.309],[-67.872,8.305],[-67.88,8.302],[-67.878,8.311],[-67.871,8.315],[-67.864,8.323],[-67.857,8.33],[-67.852,8.337],[-67.853,8.346],[-67.859,8.352],[-67.866,8.346],[-67.869,8.338],[-67.876,8.345],[-67.885,8.345],[-67.89,8.352],[-67.896,8.359],[-67.902,8.366],[-67.902,8.374],[-67.909,8.378],[-67.918,8.375],[-67.928,8.373],[-67.937,8.373],[-67.936,8.381],[-67.94,8.389],[-67.947,8.393],[-67.953,8.399],[-67.961,8.407],[-67.958,8.416],[-67.966,8.423],[-67.973,8.432],[-67.982,8.436],[-67.99,8.439],[-67.984,8.447],[-67.975,8.451],[-67.972,8.46],[-67.973,8.469],[-67.982,8.467],[-67.99,8.466],[-67.999,8.465],[-68.006,8.473],[-68.004,8.481],[-68.004,8.489],[-68.012,8.49],[-68.016,8.497],[-68.016,8.505],[-68.021,8.512],[-68.022,8.52],[-68.022,8.529],[-68.031,8.534],[-68.04,8.534],[-68.051,8.538],[-68.052,8.547],[-68.051,8.556],[-68.056,8.563],[-68.054,8.573],[-68.064,8.572],[-68.072,8.574],[-68.078,8.582],[-68.086,8.577],[-68.09,8.584],[-68.098,8.588],[-68.104,8.595],[-68.108,8.602],[-68.116,8.604],[-68.116,8.595],[-68.125,8.599],[-68.133,8.597],[-68.142,8.6],[-68.15,8.598],[-68.159,8.6],[-68.167,8.604],[-68.177,8.602],[-68.186,8.605],[-68.195,8.603],[-68.203,8.604],[-68.211,8.6],[-68.218,8.596],[-68.225,8.592],[-68.233,8.589],[-68.24,8.594],[-68.249,8.6],[-68.258,8.601],[-68.265,8.595],[-68.275,8.593],[-68.283,8.587],[-68.292,8.592],[-68.3,8.593],[-68.303,8.602],[-68.308,8.609],[-68.316,8.608],[-68.324,8.607],[-68.327,8.598],[-68.335,8.596],[-68.342,8.603],[-68.349,8.607],[-68.357,8.608],[-68.365,8.607],[-68.373,8.612],[-68.381,8.613],[-68.386,8.605],[-68.395,8.603],[-68.405,8.602],[-68.413,8.6],[-68.421,8.594],[-68.428,8.598],[-68.437,8.603],[-68.444,8.607],[-68.452,8.603],[-68.46,8.607],[-68.469,8.608],[-68.471,8.6],[-68.48,8.599],[-68.488,8.597],[-68.496,8.602],[-68.504,8.598],[-68.511,8.603],[-68.519,8.602],[-68.528,8.602],[-68.513,8.57],[-68.514,8.562],[-68.544,8.531],[-68.605,8.469],[-68.742,8.332],[-68.788,8.317],[-68.795,8.267],[-68.826,8.22],[-68.847,8.162],[-68.832,8.107],[-68.823,8.106],[-68.819,8.098],[-68.827,8.093],[-68.835,8.092],[-68.843,8.098],[-68.85,8.092],[-68.857,8.096],[-68.864,8.102],[-68.868,8.109],[-68.873,8.116],[-68.882,8.117],[-68.886,8.124],[-68.885,8.133],[-68.892,8.138],[-68.891,8.146],[-68.899,8.151],[-68.907,8.15],[-68.914,8.154],[-68.919,8.161],[-68.925,8.167],[-68.929,8.174],[-68.937,8.175],[-68.945,8.178],[-68.951,8.184],[-68.957,8.19],[-68.959,8.198],[-68.96,8.207],[-68.962,8.215],[-68.965,8.223],[-68.968,8.231],[-68.971,8.239],[-68.979,8.235],[-68.986,8.24],[-68.993,8.245],[-69.0,8.249],[-69.007,8.253],[-69.014,8.259],[-69.022,8.264],[-69.03,8.269],[-69.037,8.273],[-69.041,8.28],[-69.049,8.284],[-69.056,8.289],[-69.064,8.288],[-69.069,8.295],[-69.077,8.296],[-69.084,8.3],[-69.086,8.292],[-69.095,8.292],[-69.091,8.3],[-69.094,8.309],[-69.098,8.316],[-69.1,8.324],[-69.104,8.331],[-69.111,8.336],[-69.12,8.337],[-69.127,8.341],[-69.131,8.348],[-69.138,8.352],[-69.142,8.359],[-69.144,8.367],[-69.141,8.375],[-69.143,8.383],[-69.137,8.389],[-69.135,8.398],[-69.14,8.405],[-69.133,8.409],[-69.124,8.411],[-69.115,8.412],[-69.115,8.422],[-69.11,8.429],[-69.116,8.435],[-69.125,8.436],[-69.131,8.442],[-69.137,8.448],[-69.145,8.445],[-69.153,8.444],[-69.161,8.443],[-69.169,8.447],[-69.172,8.455],[-69.177,8.462],[-69.176,8.471],[-69.185,8.476],[-69.19,8.483],[-69.192,8.491],[-69.191,8.5],[-69.193,8.508],[-69.19,8.517],[-69.193,8.525],[-69.197,8.532],[-69.205,8.534],[-69.212,8.538],[-69.214,8.548],[-69.217,8.556],[-69.227,8.557],[-69.235,8.558],[-69.239,8.565],[-69.244,8.572],[-69.248,8.579],[-69.252,8.587],[-69.261,8.586],[-69.268,8.591],[-69.271,8.599],[-69.278,8.605],[-69.286,8.606],[-69.287,8.614],[-69.285,8.624],[-69.283,8.633],[-69.29,8.637],[-69.298,8.64],[-69.311,8.636],[-69.319,8.635],[-69.329,8.635],[-69.338,8.637],[-69.346,8.638],[-69.355,8.639],[-69.364,8.635],[-69.373,8.63],[-69.382,8.629],[-69.39,8.632],[-69.394,8.639],[-69.403,8.642],[-69.409,8.649],[-69.415,8.657],[-69.422,8.661],[-69.43,8.665],[-69.438,8.668],[-69.448,8.669],[-69.457,8.67],[-69.465,8.669],[-69.474,8.668],[-69.483,8.668],[-69.493,8.67],[-69.501,8.672],[-69.509,8.675],[-69.516,8.679],[-69.524,8.683],[-69.533,8.683],[-69.533,8.691],[-69.529,8.698],[-69.536,8.694],[-69.545,8.692],[-69.553,8.696],[-69.562,8.695],[-69.562,8.704],[-69.561,8.713],[-69.569,8.718],[-69.577,8.721],[-69.581,8.728],[-69.589,8.729],[-69.597,8.73],[-69.605,8.731],[-69.615,8.731],[-69.623,8.732],[-69.631,8.729],[-69.637,8.735],[-69.644,8.729],[-69.651,8.724],[-69.651,8.716],[-69.658,8.72],[-69.659,8.712],[-69.666,8.707],[-69.671,8.715],[-69.679,8.717],[-69.686,8.713],[-69.693,8.708],[-69.701,8.713],[-69.709,8.716],[-69.716,8.712],[-69.721,8.719],[-69.729,8.721],[-69.737,8.722],[-69.741,8.729],[-69.747,8.735],[-69.755,8.734],[-69.763,8.733],[-69.762,8.741],[-69.77,8.74],[-69.778,8.741],[-69.787,8.74],[-69.796,8.741],[-69.803,8.745],[-69.81,8.749],[-69.817,8.745],[-69.825,8.743],[-69.833,8.748],[-69.84,8.753],[-69.848,8.752],[-69.849,8.761],[-69.856,8.756],[-69.863,8.76],[-69.872,8.76],[-69.872,8.768],[-69.88,8.771],[-69.886,8.765],[-69.887,8.773],[-69.884,8.781],[-69.888,8.788],[-69.89,8.779],[-69.894,8.772],[-69.903,8.773],[-69.908,8.78],[-69.915,8.786],[-69.923,8.788],[-69.931,8.789],[-69.931,8.797],[-69.924,8.801],[-69.932,8.802],[-69.94,8.801],[-69.945,8.808],[-69.953,8.81],[-69.952,8.818],[-69.958,8.825],[-69.962,8.833],[-69.967,8.826],[-69.976,8.827],[-69.982,8.833],[-69.989,8.829],[-69.998,8.829],[-70.001,8.837],[-70.006,8.844],[-70.013,8.848],[-70.014,8.856],[-70.021,8.861],[-70.024,8.87],[-70.031,8.876],[-70.035,8.883],[-70.036,8.891],[-70.044,8.894],[-70.047,8.902],[-70.047,8.91],[-70.049,8.918],[-70.055,8.924],[-70.061,8.93],[-70.069,8.931],[-70.075,8.937],[-70.083,8.938],[-70.092,8.939],[-70.101,8.943],[-70.11,8.945],[-70.117,8.949],[-70.123,8.956],[-70.127,8.964],[-70.13,8.972],[-70.137,8.976],[-70.145,8.973],[-70.153,8.974],[-70.16,8.979],[-70.168,8.982],[-70.173,8.989],[-70.179,8.995],[-70.18,9.004],[-70.186,9.012],[-70.189,9.024],[-70.186,9.035],[-70.19,9.044],[-70.199,9.049],[-70.206,9.055],[-70.215,9.053],[-70.218,9.054]]]}},{"type":"Feature","id":6,"properties":{"adm1_name":"Bolívar","adm1_pcode":"VE07","source_id":6},"geometry":{"type":"Polygon","coordinates":[[[-61.72,8.298],[-61.711,8.307],[-61.705,8.317],[-61.703,8.325],[-61.696,8.332],[-61.686,8.341],[-61.687,8.351],[-61.685,8.359],[-61.687,8.368],[-61.689,8.377],[-61.698,8.382],[-61.697,8.39],[-61.703,8.403],[-61.706,8.413],[-61.71,8.421],[-61.709,8.429],[-61.701,8.435],[-61.7,8.443],[-61.836,8.408],[-61.857,8.403],[-62.25,8.3],[-62.262,8.295],[-62.31,8.282],[-62.373,8.32],[-62.404,8.324],[-62.454,8.356],[-62.487,8.378],[-62.5,8.386],[-62.551,8.411],[-62.599,8.435],[-62.611,8.441],[-62.617,8.435],[-62.631,8.417],[-62.664,8.392],[-62.673,8.386],[-62.68,8.382],[-62.691,8.381],[-62.7,8.381],[-62.71,8.385],[-62.72,8.384],[-62.728,8.384],[-62.739,8.388],[-62.752,8.395],[-62.767,8.39],[-62.782,8.374],[-62.801,8.35],[-62.812,8.331],[-62.817,8.322],[-62.843,8.299],[-62.868,8.29],[-62.878,8.286],[-62.893,8.282],[-62.93,8.293],[-62.936,8.302],[-62.949,8.311],[-62.966,8.315],[-62.984,8.318],[-62.992,8.319],[-63.001,8.319],[-63.012,8.32],[-63.031,8.321],[-63.052,8.317],[-63.068,8.317],[-63.101,8.316],[-63.121,8.316],[-63.151,8.316],[-63.171,8.316],[-63.184,8.316],[-63.23,8.306],[-63.239,8.301],[-63.256,8.292],[-63.264,8.277],[-63.271,8.269],[-63.278,8.262],[-63.286,8.261],[-63.303,8.255],[-63.312,8.248],[-63.32,8.244],[-63.327,8.24],[-63.334,8.235],[-63.344,8.238],[-63.357,8.235],[-63.372,8.233],[-63.386,8.227],[-63.392,8.22],[-63.398,8.209],[-63.405,8.202],[-63.415,8.198],[-63.421,8.192],[-63.427,8.185],[-63.437,8.176],[-63.45,8.173],[-63.462,8.173],[-63.469,8.167],[-63.476,8.161],[-63.486,8.16],[-63.5,8.161],[-63.507,8.167],[-63.518,8.163],[-63.526,8.16],[-63.536,8.161],[-63.543,8.157],[-63.554,8.154],[-63.566,8.151],[-63.578,8.148],[-63.591,8.152],[-63.606,8.156],[-63.616,8.156],[-63.629,8.161],[-63.637,8.167],[-63.654,8.161],[-63.663,8.165],[-63.672,8.168],[-63.684,8.167],[-63.697,8.158],[-63.705,8.15],[-63.712,8.146],[-63.72,8.144],[-63.739,8.14],[-63.759,8.141],[-63.773,8.14],[-63.785,8.14],[-63.798,8.139],[-63.81,8.137],[-63.824,8.134],[-63.828,8.123],[-63.834,8.115],[-63.84,8.108],[-63.846,8.101],[-63.852,8.087],[-63.856,8.076],[-63.864,8.065],[-63.879,8.054],[-63.881,8.041],[-63.89,8.026],[-63.902,8.015],[-63.911,8.006],[-63.921,7.997],[-63.926,7.99],[-63.928,7.981],[-63.937,7.973],[-63.955,7.968],[-63.963,7.964],[-63.971,7.96],[-63.984,7.958],[-64.001,7.943],[-64.011,7.944],[-64.026,7.943],[-64.034,7.945],[-64.045,7.947],[-64.054,7.95],[-64.063,7.961],[-64.071,7.966],[-64.082,7.964],[-64.089,7.97],[-64.095,7.983],[-64.106,7.992],[-64.113,7.997],[-64.13,8.001],[-64.14,7.999],[-64.148,8.005],[-64.159,8.008],[-64.175,8.027],[-64.19,8.037],[-64.195,8.044],[-64.202,8.052],[-64.209,8.058],[-64.217,8.069],[-64.23,8.085],[-64.245,8.094],[-64.253,8.093],[-64.264,8.091],[-64.286,8.095],[-64.299,8.093],[-64.318,8.084],[-64.327,8.076],[-64.337,8.066],[-64.341,8.058],[-64.347,8.042],[-64.352,8.035],[-64.359,8.02],[-64.365,8.011],[-64.372,8.006],[-64.386,8.001],[-64.398,7.996],[-64.411,7.999],[-64.422,8.008],[-64.43,8.016],[-64.437,8.026],[-64.449,8.033],[-64.468,8.032],[-64.478,8.028],[-64.489,8.018],[-64.507,8.012],[-64.527,7.999],[-64.537,7.994],[-64.546,7.989],[-64.562,7.971],[-64.569,7.956],[-64.572,7.935],[-64.58,7.911],[-64.578,7.895],[-64.573,7.882],[-64.567,7.875],[-64.554,7.872],[-64.537,7.869],[-64.53,7.865],[-64.518,7.86],[-64.502,7.857],[-64.465,7.838],[-64.457,7.831],[-64.455,7.822],[-64.458,7.81],[-64.472,7.799],[-64.485,7.79],[-64.496,7.784],[-64.51,7.769],[-64.522,7.765],[-64.548,7.761],[-64.594,7.765],[-64.634,7.757],[-64.645,7.753],[-64.676,7.743],[-64.704,7.723],[-64.72,7.709],[-64.73,7.702],[-64.748,7.69],[-64.776,7.678],[-64.784,7.674],[-64.792,7.671],[-64.804,7.67],[-64.821,7.668],[-64.836,7.666],[-64.848,7.664],[-64.859,7.662],[-64.875,7.661],[-64.895,7.669],[-64.909,7.673],[-64.934,7.687],[-64.945,7.697],[-64.954,7.7],[-64.965,7.706],[-64.995,7.732],[-64.998,7.741],[-65.001,7.756],[-65.019,7.768],[-65.046,7.774],[-65.056,7.776],[-65.078,7.78],[-65.092,7.784],[-65.102,7.789],[-65.111,7.793],[-65.122,7.797],[-65.159,7.81],[-65.19,7.82],[-65.212,7.822],[-65.228,7.825],[-65.236,7.828],[-65.247,7.832],[-65.283,7.832],[-65.301,7.846],[-65.311,7.852],[-65.325,7.854],[-65.335,7.852],[-65.352,7.858],[-65.367,7.857],[-65.417,7.856],[-65.528,7.889],[-65.572,7.892],[-65.589,7.893],[-65.611,7.897],[-65.637,7.901],[-65.658,7.892],[-65.691,7.868],[-65.719,7.847],[-65.743,7.817],[-65.761,7.789],[-65.792,7.756],[-65.812,7.737],[-65.839,7.707],[-65.863,7.687],[-65.9,7.674],[-65.915,7.673],[-65.943,7.676],[-65.951,7.677],[-65.979,7.681],[-66.016,7.687],[-66.066,7.686],[-66.123,7.689],[-66.132,7.686],[-66.14,7.681],[-66.146,7.675],[-66.155,7.672],[-66.163,7.669],[-66.171,7.666],[-66.18,7.664],[-66.187,7.66],[-66.194,7.655],[-66.201,7.651],[-66.207,7.645],[-66.214,7.637],[-66.221,7.631],[-66.23,7.628],[-66.238,7.624],[-66.246,7.623],[-66.254,7.623],[-66.261,7.628],[-66.267,7.635],[-66.272,7.642],[-66.279,7.646],[-66.287,7.647],[-66.302,7.655],[-66.314,7.65],[-66.323,7.648],[-66.335,7.643],[-66.347,7.632],[-66.363,7.622],[-66.371,7.616],[-66.408,7.604],[-66.432,7.581],[-66.456,7.567],[-66.465,7.548],[-66.468,7.54],[-66.47,7.522],[-66.483,7.501],[-66.499,7.484],[-66.509,7.473],[-66.503,7.466],[-66.505,7.456],[-66.505,7.441],[-66.521,7.424],[-66.534,7.407],[-66.551,7.387],[-66.547,7.377],[-66.558,7.352],[-66.568,7.337],[-66.588,7.322],[-66.6,7.316],[-66.61,7.312],[-66.622,7.306],[-66.659,7.304],[-66.706,7.289],[-66.765,7.272],[-66.801,7.268],[-66.82,7.253],[-66.834,7.23],[-66.854,7.203],[-66.889,7.171],[-66.913,7.175],[-66.938,7.188],[-66.973,7.189],[-66.992,7.181],[-67.001,7.174],[-67.008,7.169],[-67.014,7.158],[-67.018,7.151],[-67.027,7.141],[-67.046,7.122],[-67.055,7.112],[-67.056,7.103],[-67.062,7.097],[-67.07,7.087],[-67.071,7.077],[-67.071,7.064],[-67.071,7.053],[-67.074,7.043],[-67.074,7.032],[-67.071,7.021],[-67.067,6.997],[-67.061,6.988],[-67.055,6.979],[-67.046,6.966],[-67.039,6.955],[-67.033,6.944],[-67.029,6.935],[-67.025,6.924],[-67.021,6.916],[-67.016,6.904],[-67.016,6.892],[-67.017,6.884],[-67.02,6.874],[-67.022,6.864],[-67.027,6.851],[-67.031,6.839],[-67.035,6.821],[-67.034,6.807],[-67.034,6.796],[-67.035,6.784],[-67.034,6.766],[-67.04,6.76],[-67.046,6.747],[-67.054,6.742],[-67.07,6.736],[-67.077,6.732],[-67.085,6.722],[-67.094,6.708],[-67.097,6.698],[-67.097,6.681],[-67.098,6.673],[-67.103,6.659],[-67.108,6.648],[-67.117,6.635],[-67.117,6.623],[-67.117,6.61],[-67.12,6.596],[-67.123,6.588],[-67.128,6.574],[-67.132,6.566],[-67.134,6.557],[-67.135,6.548],[-67.137,6.534],[-67.139,6.518],[-67.145,6.5],[-67.15,6.483],[-67.154,6.467],[-67.159,6.457],[-67.165,6.449],[-67.173,6.441],[-67.18,6.434],[-67.191,6.426],[-67.201,6.421],[-67.209,6.416],[-67.219,6.403],[-67.231,6.391],[-67.239,6.383],[-67.248,6.374],[-67.259,6.363],[-67.267,6.358],[-67.275,6.354],[-67.282,6.346],[-67.285,6.337],[-67.291,6.329],[-67.298,6.321],[-67.306,6.309],[-67.31,6.3],[-67.314,6.292],[-67.321,6.281],[-67.329,6.274],[-67.344,6.269],[-67.356,6.266],[-67.366,6.263],[-67.382,6.258],[-67.391,6.255],[-67.399,6.254],[-67.407,6.25],[-67.415,6.244],[-67.423,6.233],[-67.427,6.221],[-67.432,6.208],[-67.437,6.2],[-67.435,6.191],[-67.433,6.183],[-67.429,6.175],[-67.421,6.171],[-67.415,6.165],[-67.41,6.158],[-67.406,6.151],[-67.406,6.143],[-67.406,6.135],[-67.399,6.129],[-67.391,6.13],[-67.384,6.126],[-67.375,6.125],[-67.366,6.128],[-67.357,6.134],[-67.355,6.142],[-67.348,6.146],[-67.341,6.15],[-67.333,6.149],[-67.325,6.15],[-67.317,6.149],[-67.308,6.149],[-67.303,6.142],[-67.296,6.137],[-67.293,6.129],[-67.286,6.123],[-67.283,6.115],[-67.274,6.114],[-67.268,6.108],[-67.26,6.109],[-67.251,6.109],[-67.243,6.112],[-67.235,6.115],[-67.225,6.122],[-67.217,6.118],[-67.208,6.119],[-67.198,6.12],[-67.189,6.119],[-67.178,6.112],[-67.169,6.101],[-67.147,6.069],[-67.126,6.05],[-67.12,6.03],[-67.131,6.015],[-67.134,5.983],[-67.148,5.937],[-67.15,5.928],[-67.16,5.898],[-67.178,5.893],[-67.184,5.887],[-67.188,5.877],[-67.189,5.868],[-67.185,5.861],[-67.191,5.853],[-67.204,5.809],[-67.205,5.801],[-67.208,5.791],[-67.216,5.726],[-67.208,5.707],[-67.197,5.704],[-67.178,5.71],[-67.172,5.716],[-67.162,5.715],[-67.153,5.721],[-67.145,5.721],[-67.137,5.727],[-67.129,5.723],[-67.126,5.734],[-67.13,5.746],[-67.122,5.751],[-67.112,5.753],[-67.104,5.75],[-67.098,5.74],[-67.06,5.717],[-67.041,5.679],[-67.009,5.646],[-66.999,5.636],[-66.954,5.642],[-66.943,5.646],[-66.948,5.654],[-66.956,5.66],[-66.958,5.669],[-66.95,5.675],[-66.947,5.685],[-66.939,5.691],[-66.931,5.688],[-66.929,5.68],[-66.925,5.671],[-66.916,5.668],[-66.918,5.66],[-66.871,5.677],[-66.857,5.684],[-66.738,5.71],[-66.718,5.714],[-66.705,5.717],[-66.636,5.744],[-66.608,5.739],[-66.599,5.738],[-66.585,5.735],[-66.533,5.763],[-66.501,5.773],[-66.483,5.779],[-66.483,5.787],[-66.471,5.789],[-66.451,5.787],[-66.439,5.784],[-66.423,5.778],[-66.41,5.769],[-66.38,5.786],[-66.367,5.799],[-66.358,5.812],[-66.349,5.821],[-66.327,5.809],[-66.319,5.796],[-66.311,5.785],[-66.29,5.775],[-66.237,5.762],[-66.229,5.76],[-66.174,5.747],[-66.105,5.73],[-66.063,5.717],[-66.047,5.716],[-66.039,5.718],[-66.032,5.73],[-66.03,5.743],[-66.029,5.755],[-66.029,5.764],[-66.029,5.778],[-66.021,5.788],[-66.008,5.798],[-65.993,5.801],[-65.986,5.805],[-65.984,5.818],[-65.987,5.828],[-65.985,5.838],[-65.977,5.845],[-65.965,5.85],[-65.957,5.853],[-65.949,5.858],[-65.947,5.866],[-65.943,5.877],[-65.935,5.89],[-65.92,5.9],[-65.913,5.908],[-65.909,5.917],[-65.905,5.928],[-65.903,5.938],[-65.899,5.948],[-65.873,5.977],[-65.857,5.998],[-65.855,6.01],[-65.853,6.026],[-65.852,6.039],[-65.849,6.052],[-65.846,6.061],[-65.845,6.073],[-65.84,6.09],[-65.834,6.098],[-65.824,6.105],[-65.813,6.105],[-65.798,6.109],[-65.788,6.114],[-65.776,6.117],[-65.765,6.114],[-65.754,6.114],[-65.745,6.113],[-65.733,6.113],[-65.719,6.111],[-65.706,6.117],[-65.698,6.12],[-65.686,6.125],[-65.676,6.124],[-65.649,6.132],[-65.637,6.144],[-65.63,6.152],[-65.622,6.154],[-65.608,6.154],[-65.596,6.15],[-65.586,6.145],[-65.576,6.14],[-65.57,6.126],[-65.565,6.113],[-65.562,6.103],[-65.562,6.091],[-65.565,6.078],[-65.57,6.07],[-65.58,6.055],[-65.583,6.044],[-65.587,6.033],[-65.596,6.018],[-65.601,6.008],[-65.602,5.998],[-65.601,5.987],[-65.599,5.978],[-65.599,5.962],[-65.604,5.953],[-65.608,5.945],[-65.608,5.935],[-65.611,5.924],[-65.617,5.912],[-65.625,5.902],[-65.633,5.892],[-65.626,5.88],[-65.618,5.874],[-65.609,5.868],[-65.595,5.855],[-65.595,5.845],[-65.601,5.833],[-65.603,5.819],[-65.59,5.784],[-65.59,5.775],[-65.575,5.753],[-65.569,5.741],[-65.564,5.731],[-65.562,5.719],[-65.549,5.688],[-65.54,5.68],[-65.531,5.678],[-65.521,5.695],[-65.513,5.697],[-65.509,5.687],[-65.497,5.679],[-65.484,5.7],[-65.475,5.709],[-65.44,5.733],[-65.432,5.734],[-65.397,5.74],[-65.376,5.737],[-65.392,5.733],[-65.388,5.725],[-65.386,5.71],[-65.379,5.706],[-65.364,5.71],[-65.356,5.713],[-65.345,5.74],[-65.325,5.752],[-65.303,5.762],[-65.284,5.768],[-65.268,5.77],[-65.222,5.764],[-65.206,5.751],[-65.21,5.722],[-65.238,5.684],[-65.253,5.662],[-65.242,5.64],[-65.224,5.626],[-65.194,5.57],[-65.149,5.538],[-65.144,5.495],[-65.155,5.444],[-65.141,5.406],[-65.12,5.395],[-65.107,5.383],[-65.107,5.375],[-65.108,5.365],[-65.114,5.359],[-65.126,5.347],[-65.177,5.331],[-65.221,5.3],[-65.269,5.294],[-65.283,5.268],[-65.254,5.209],[-65.234,5.165],[-65.231,5.154],[-65.222,5.143],[-65.209,5.149],[-65.2,5.159],[-65.194,5.165],[-65.187,5.17],[-65.169,5.185],[-65.154,5.176],[-65.134,5.133],[-65.132,5.11],[-65.135,5.1],[-65.138,5.091],[-65.139,5.083],[-65.14,5.072],[-65.136,5.056],[-65.134,5.044],[-65.129,5.037],[-65.115,5.028],[-65.098,5.03],[-65.087,5.03],[-65.102,5.002],[-65.126,4.962],[-65.125,4.929],[-65.125,4.866],[-65.103,4.821],[-65.061,4.773],[-65.019,4.712],[-64.963,4.677],[-64.934,4.636],[-64.903,4.585],[-64.85,4.57],[-64.789,4.597],[-64.773,4.636],[-64.767,4.643],[-64.757,4.653],[-64.744,4.668],[-64.718,4.673],[-64.696,4.652],[-64.644,4.66],[-64.628,4.671],[-64.602,4.688],[-64.563,4.678],[-64.549,4.637],[-64.565,4.615],[-64.603,4.565],[-64.596,4.531],[-64.604,4.467],[-64.606,4.457],[-64.654,4.453],[-64.678,4.451],[-64.696,4.416],[-64.659,4.36],[-64.636,4.338],[-64.622,4.292],[-64.633,4.255],[-64.639,4.248],[-64.647,4.234],[-64.647,4.223],[-64.647,4.214],[-64.673,4.209],[-64.681,4.208],[-64.692,4.211],[-64.685,4.201],[-64.678,4.19],[-64.67,4.178],[-64.663,4.169],[-64.656,4.16],[-64.65,4.145],[-64.65,4.136],[-64.642,4.119],[-64.626,4.109],[-64.615,4.106],[-64.593,4.098],[-64.58,4.098],[-64.569,4.099],[-64.555,4.101],[-64.542,4.106],[-64.523,4.111],[-64.504,4.12],[-64.495,4.126],[-64.485,4.129],[-64.476,4.128],[-64.47,4.137],[-64.47,4.146],[-64.461,4.147],[-64.452,4.145],[-64.44,4.145],[-64.43,4.142],[-64.419,4.142],[-64.411,4.138],[-64.409,4.124],[-64.393,4.124],[-64.379,4.131],[-64.372,4.136],[-64.354,4.132],[-64.338,4.128],[-64.33,4.126],[-64.318,4.115],[-64.305,4.112],[-64.308,4.098],[-64.307,4.086],[-64.298,4.082],[-64.29,4.081],[-64.284,4.091],[-64.274,4.093],[-64.265,4.098],[-64.273,4.106],[-64.277,4.114],[-64.272,4.126],[-64.263,4.131],[-64.256,4.124],[-64.247,4.122],[-64.234,4.115],[-64.225,4.115],[-64.213,4.113],[-64.204,4.104],[-64.192,4.099],[-64.179,4.096],[-64.168,4.094],[-64.155,4.097],[-64.143,4.106],[-64.135,4.109],[-64.126,4.098],[-64.126,4.086],[-64.123,4.077],[-64.122,4.068],[-64.113,4.063],[-64.104,4.057],[-64.096,4.047],[-64.095,4.034],[-64.089,4.028],[-64.084,4.017],[-64.07,4.013],[-64.05,3.998],[-64.056,3.97],[-64.044,3.926],[-64.034,3.899],[-64.023,3.883],[-64.01,3.866],[-63.997,3.865],[-63.973,3.869],[-63.95,3.882],[-63.943,3.886],[-63.92,3.904],[-63.908,3.921],[-63.885,3.929],[-63.864,3.936],[-63.849,3.954],[-63.824,3.962],[-63.804,3.949],[-63.792,3.934],[-63.771,3.926],[-63.737,3.927],[-63.707,3.934],[-63.69,3.935],[-63.676,3.941],[-63.654,3.949],[-63.64,3.957],[-63.618,3.963],[-63.608,3.961],[-63.585,3.939],[-63.558,3.903],[-63.54,3.883],[-63.523,3.862],[-63.501,3.85],[-63.485,3.847],[-63.47,3.852],[-63.448,3.867],[-63.438,3.883],[-63.427,3.904],[-63.421,3.925],[-63.418,3.945],[-63.405,3.965],[-63.388,3.966],[-63.37,3.967],[-63.34,3.956],[-63.309,3.943],[-63.271,3.924],[-63.261,3.918],[-63.227,3.908],[-63.21,3.89],[-63.204,3.874],[-63.201,3.847],[-63.2,3.83],[-63.186,3.817],[-63.16,3.796],[-63.148,3.779],[-63.126,3.764],[-63.117,3.753],[-63.101,3.743],[-63.077,3.706],[-63.068,3.696],[-63.056,3.692],[-63.048,3.687],[-63.039,3.676],[-63.03,3.666],[-63.015,3.65],[-63.0,3.611],[-62.99,3.6],[-62.986,3.588],[-62.98,3.58],[-62.964,3.567],[-62.957,3.563],[-62.945,3.558],[-62.929,3.552],[-62.906,3.552],[-62.887,3.55],[-62.874,3.553],[-62.866,3.555],[-62.859,3.559],[-62.854,3.566],[-62.852,3.58],[-62.842,3.593],[-62.83,3.596],[-62.818,3.598],[-62.802,3.599],[-62.794,3.599],[-62.786,3.6],[-62.775,3.607],[-62.764,3.619],[-62.754,3.636],[-62.749,3.648],[-62.746,3.66],[-62.742,3.669],[-62.736,3.677],[-62.73,3.693],[-62.73,3.702],[-62.732,3.71],[-62.738,3.75],[-62.739,3.778],[-62.746,3.793],[-62.753,3.801],[-62.76,3.81],[-62.766,3.819],[-62.762,3.846],[-62.758,3.855],[-62.757,3.864],[-62.767,3.869],[-62.776,3.882],[-62.78,3.89],[-62.782,3.905],[-62.78,3.917],[-62.777,3.927],[-62.771,3.936],[-62.764,3.944],[-62.756,3.952],[-62.751,3.959],[-62.749,3.968],[-62.749,3.977],[-62.759,3.992],[-62.765,3.998],[-62.758,4.013],[-62.752,4.019],[-62.745,4.033],[-62.734,4.036],[-62.723,4.035],[-62.713,4.033],[-62.7,4.033],[-62.69,4.036],[-62.682,4.037],[-62.664,4.041],[-62.655,4.044],[-62.637,4.04],[-62.618,4.04],[-62.603,4.031],[-62.592,4.025],[-62.584,4.021],[-62.575,4.018],[-62.567,4.016],[-62.556,4.02],[-62.554,4.029],[-62.554,4.038],[-62.545,4.044],[-62.539,4.05],[-62.541,4.065],[-62.544,4.078],[-62.549,4.087],[-62.552,4.098],[-62.542,4.108],[-62.536,4.114],[-62.529,4.119],[-62.518,4.125],[-62.511,4.131],[-62.497,4.13],[-62.487,4.129],[-62.475,4.139],[-62.461,4.15],[-62.462,4.16],[-62.462,4.17],[-62.454,4.175],[-62.444,4.181],[-62.432,4.181],[-62.412,4.178],[-62.399,4.173],[-62.385,4.168],[-62.369,4.164],[-62.358,4.158],[-62.346,4.148],[-62.334,4.139],[-62.315,4.133],[-62.302,4.13],[-62.28,4.127],[-62.26,4.13],[-62.248,4.127],[-62.229,4.114],[-62.217,4.107],[-62.209,4.102],[-62.203,4.095],[-62.195,4.091],[-62.187,4.086],[-62.171,4.084],[-62.155,4.08],[-62.145,4.077],[-62.129,4.078],[-62.116,4.087],[-62.109,4.096],[-62.105,4.106],[-62.092,4.114],[-62.077,4.115],[-62.065,4.13],[-62.064,4.14],[-62.059,4.156],[-62.048,4.149],[-62.035,4.148],[-62.021,4.156],[-62.008,4.161],[-61.995,4.166],[-61.977,4.161],[-61.967,4.152],[-61.956,4.138],[-61.942,4.129],[-61.933,4.132],[-61.92,4.138],[-61.914,4.15],[-61.906,4.152],[-61.892,4.15],[-61.881,4.15],[-61.873,4.151],[-61.865,4.157],[-61.86,4.164],[-61.85,4.163],[-61.835,4.157],[-61.822,4.167],[-61.814,4.177],[-61.805,4.192],[-61.8,4.201],[-61.796,4.209],[-61.791,4.218],[-61.785,4.224],[-61.774,4.236],[-61.763,4.242],[-61.749,4.244],[-61.733,4.244],[-61.72,4.241],[-61.72,4.249],[-61.709,4.252],[-61.69,4.251],[-61.678,4.255],[-61.669,4.254],[-61.656,4.246],[-61.647,4.235],[-61.637,4.239],[-61.63,4.246],[-61.62,4.251],[-61.609,4.25],[-61.596,4.246],[-61.587,4.245],[-61.578,4.243],[-61.568,4.246],[-61.554,4.252],[-61.539,4.262],[-61.532,4.269],[-61.524,4.276],[-61.518,4.284],[-61.509,4.304],[-61.512,4.331],[-61.516,4.354],[-61.515,4.362],[-61.514,4.371],[-61.509,4.381],[-61.503,4.394],[-61.499,4.401],[-61.487,4.412],[-61.475,4.416],[-61.463,4.417],[-61.449,4.424],[-61.434,4.425],[-61.424,4.426],[-61.405,4.426],[-61.396,4.421],[-61.38,4.419],[-61.361,4.413],[-61.349,4.409],[-61.324,4.422],[-61.318,4.428],[-61.311,4.44],[-61.303,4.446],[-61.291,4.45],[-61.28,4.454],[-61.276,4.463],[-61.283,4.467],[-61.293,4.48],[-61.302,4.49],[-61.312,4.496],[-61.325,4.506],[-61.325,4.514],[-61.32,4.522],[-61.306,4.527],[-61.297,4.525],[-61.288,4.525],[-61.273,4.528],[-61.261,4.528],[-61.25,4.528],[-61.242,4.525],[-61.233,4.521],[-61.186,4.511],[-61.171,4.496],[-61.158,4.484],[-61.148,4.477],[-61.129,4.484],[-61.118,4.496],[-61.112,4.504],[-61.097,4.506],[-61.076,4.507],[-61.062,4.516],[-61.049,4.517],[-61.036,4.516],[-61.023,4.513],[-61.008,4.508],[-60.997,4.511],[-60.988,4.518],[-60.979,4.529],[-60.971,4.548],[-60.964,4.558],[-60.949,4.565],[-60.939,4.569],[-60.934,4.577],[-60.931,4.599],[-60.937,4.623],[-60.947,4.635],[-60.937,4.642],[-60.922,4.652],[-60.923,4.66],[-60.919,4.684],[-60.907,4.701],[-60.887,4.707],[-60.876,4.706],[-60.859,4.708],[-60.84,4.713],[-60.819,4.728],[-60.806,4.738],[-60.792,4.742],[-60.778,4.743],[-60.764,4.746],[-60.754,4.75],[-60.744,4.756],[-60.736,4.766],[-60.721,4.785],[-60.713,4.793],[-60.703,4.797],[-60.694,4.803],[-60.681,4.824],[-60.671,4.84],[-60.65,4.856],[-60.639,4.866],[-60.632,4.876],[-60.627,4.889],[-60.62,4.904],[-60.611,4.918],[-60.594,4.927],[-60.585,4.937],[-60.584,4.955],[-60.597,4.984],[-60.602,4.995],[-60.609,5.018],[-60.615,5.028],[-60.622,5.036],[-60.631,5.048],[-60.639,5.078],[-60.643,5.101],[-60.649,5.108],[-60.655,5.124],[-60.656,5.136],[-60.659,5.144],[-60.671,5.17],[-60.678,5.18],[-60.684,5.188],[-60.707,5.196],[-60.729,5.199],[-60.737,5.205],[-61.377,5.925],[-61.388,5.938],[-61.39,5.953],[-61.366,5.961],[-61.353,5.969],[-61.353,5.982],[-61.343,5.99],[-61.344,6.002],[-61.337,6.015],[-61.328,6.019],[-61.322,6.03],[-61.318,6.038],[-61.31,6.041],[-61.306,6.048],[-61.297,6.051],[-61.287,6.059],[-61.28,6.068],[-61.273,6.076],[-61.267,6.084],[-61.266,6.094],[-61.258,6.099],[-61.247,6.097],[-61.232,6.099],[-61.226,6.106],[-61.217,6.112],[-61.207,6.104],[-61.195,6.106],[-61.19,6.116],[-61.179,6.115],[-61.173,6.125],[-61.167,6.142],[-61.166,6.151],[-61.169,6.164],[-61.169,6.172],[-61.161,6.181],[-61.15,6.181],[-61.138,6.183],[-61.122,6.179],[-61.11,6.184],[-61.106,6.195],[-61.108,6.203],[-61.117,6.21],[-61.121,6.217],[-61.12,6.226],[-61.117,6.246],[-61.107,6.261],[-61.11,6.27],[-61.118,6.272],[-61.127,6.276],[-61.131,6.284],[-61.144,6.294],[-61.148,6.303],[-61.152,6.314],[-61.163,6.324],[-61.158,6.333],[-61.153,6.34],[-61.148,6.35],[-61.144,6.362],[-61.147,6.37],[-61.143,6.381],[-61.136,6.41],[-61.128,6.418],[-61.131,6.437],[-61.13,6.447],[-61.14,6.457],[-61.149,6.465],[-61.155,6.471],[-61.159,6.483],[-61.15,6.505],[-61.154,6.516],[-61.155,6.528],[-61.162,6.534],[-61.174,6.535],[-61.184,6.536],[-61.193,6.534],[-61.2,6.529],[-61.209,6.53],[-61.209,6.539],[-61.202,6.544],[-61.206,6.553],[-61.21,6.568],[-61.216,6.579],[-61.209,6.593],[-61.197,6.596],[-61.194,6.605],[-61.189,6.619],[-61.188,6.629],[-61.176,6.632],[-61.173,6.641],[-61.174,6.653],[-61.169,6.67],[-61.156,6.676],[-61.147,6.68],[-61.138,6.69],[-61.135,6.699],[-61.133,6.711],[-61.116,6.719],[-61.104,6.716],[-61.091,6.713],[-61.084,6.708],[-61.076,6.705],[-61.067,6.713],[-61.063,6.723],[-61.052,6.725],[-61.038,6.721],[-61.008,6.721],[-60.997,6.727],[-60.987,6.728],[-60.974,6.72],[-60.953,6.714],[-60.939,6.715],[-60.928,6.723],[-60.922,6.734],[-60.906,6.747],[-60.897,6.747],[-60.888,6.752],[-60.885,6.76],[-60.892,6.769],[-60.904,6.776],[-60.909,6.79],[-60.909,6.8],[-60.906,6.81],[-60.898,6.816],[-60.888,6.816],[-60.88,6.809],[-60.865,6.796],[-60.857,6.792],[-60.841,6.788],[-60.826,6.786],[-60.819,6.791],[-60.8,6.794],[-60.79,6.789],[-60.78,6.783],[-60.744,6.764],[-60.728,6.76],[-60.713,6.756],[-60.699,6.754],[-60.678,6.78],[-60.674,6.788],[-60.668,6.804],[-60.66,6.816],[-60.649,6.825],[-60.641,6.828],[-60.625,6.831],[-60.604,6.837],[-60.584,6.849],[-60.568,6.852],[-60.55,6.852],[-60.536,6.853],[-60.527,6.863],[-60.522,6.873],[-60.506,6.878],[-60.493,6.878],[-60.479,6.886],[-60.467,6.896],[-60.457,6.911],[-60.452,6.919],[-60.445,6.924],[-60.439,6.933],[-60.428,6.938],[-60.419,6.939],[-60.403,6.943],[-60.391,6.945],[-60.378,6.937],[-60.37,6.929],[-60.36,6.933],[-60.358,6.942],[-60.354,6.95],[-60.354,6.97],[-60.351,6.982],[-60.352,6.991],[-60.349,7.0],[-60.347,7.01],[-60.337,7.011],[-60.331,7.019],[-60.331,7.027],[-60.324,7.031],[-60.323,7.04],[-60.315,7.045],[-60.305,7.046],[-60.296,7.045],[-60.287,7.056],[-60.282,7.072],[-60.281,7.084],[-60.279,7.095],[-60.279,7.104],[-60.276,7.116],[-60.278,7.127],[-60.287,7.132],[-60.296,7.138],[-60.307,7.145],[-60.313,7.151],[-60.324,7.156],[-60.333,7.157],[-60.335,7.165],[-60.342,7.18],[-60.364,7.188],[-60.375,7.183],[-60.391,7.177],[-60.404,7.178],[-60.417,7.192],[-60.425,7.202],[-60.443,7.211],[-60.456,7.204],[-60.463,7.196],[-60.473,7.189],[-60.485,7.187],[-60.493,7.187],[-60.498,7.173],[-60.514,7.143],[-60.522,7.136],[-60.532,7.129],[-60.538,7.136],[-60.55,7.153],[-60.56,7.164],[-60.571,7.172],[-60.585,7.187],[-60.589,7.202],[-60.597,7.206],[-60.614,7.212],[-60.623,7.237],[-60.629,7.26],[-60.623,7.273],[-60.609,7.282],[-60.604,7.293],[-60.602,7.301],[-60.598,7.308],[-60.586,7.314],[-60.586,7.322],[-60.588,7.341],[-60.597,7.362],[-60.601,7.374],[-60.603,7.388],[-60.613,7.396],[-60.622,7.407],[-60.629,7.416],[-60.634,7.424],[-60.634,7.435],[-60.635,7.444],[-60.652,7.458],[-60.661,7.459],[-60.674,7.471],[-60.682,7.47],[-60.692,7.474],[-60.696,7.491],[-60.704,7.518],[-60.708,7.531],[-60.71,7.545],[-60.703,7.556],[-60.695,7.558],[-60.689,7.568],[-60.688,7.576],[-60.674,7.57],[-60.663,7.571],[-60.647,7.572],[-60.638,7.59],[-60.637,7.598],[-60.628,7.612],[-60.625,7.637],[-60.619,7.646],[-60.608,7.646],[-60.591,7.642],[-60.59,7.657],[-60.591,7.666],[-60.59,7.68],[-60.58,7.688],[-60.577,7.698],[-60.572,7.708],[-60.581,7.732],[-60.575,7.741],[-60.567,7.752],[-60.566,7.765],[-60.553,7.775],[-60.547,7.781],[-60.539,7.796],[-60.539,7.813],[-60.535,7.821],[-60.519,7.828],[-60.508,7.834],[-60.492,7.836],[-60.48,7.836],[-60.467,7.84],[-60.45,7.842],[-60.439,7.839],[-60.42,7.835],[-60.406,7.83],[-60.391,7.835],[-60.383,7.837],[-60.368,7.833],[-60.363,7.824],[-60.355,7.827],[-60.348,7.832],[-60.338,7.84],[-60.33,7.844],[-60.326,7.853],[-60.317,7.861],[-60.308,7.869],[-60.298,7.871],[-60.293,7.879],[-60.287,7.885],[-60.279,7.891],[-60.323,7.881],[-60.614,7.845],[-60.667,7.838],[-60.765,7.862],[-60.812,7.874],[-60.835,7.879],[-60.839,7.838],[-60.899,7.755],[-60.974,7.753],[-61.243,7.903],[-61.289,7.979],[-61.31,7.971],[-61.318,7.969],[-61.329,7.966],[-61.344,7.958],[-61.354,7.955],[-61.381,7.94],[-61.393,7.936],[-61.402,7.932],[-61.411,7.925],[-61.426,7.916],[-61.434,7.908],[-61.438,7.898],[-61.44,7.887],[-61.441,7.875],[-61.444,7.865],[-61.456,7.858],[-61.469,7.848],[-61.471,7.839],[-61.464,7.835],[-61.454,7.826],[-61.451,7.816],[-61.463,7.799],[-61.49,7.81],[-61.515,7.832],[-61.519,7.842],[-61.534,7.848],[-61.54,7.857],[-61.546,7.851],[-61.556,7.85],[-61.559,7.86],[-61.561,7.872],[-61.569,7.881],[-61.574,7.888],[-61.584,7.903],[-61.594,7.904],[-61.601,7.911],[-61.612,7.911],[-61.617,7.925],[-61.637,7.939],[-61.645,7.947],[-61.655,7.946],[-61.655,7.956],[-61.658,7.964],[-61.659,7.973],[-61.655,7.993],[-61.65,8.003],[-61.652,8.012],[-61.652,8.022],[-61.657,8.03],[-61.657,8.041],[-61.659,8.053],[-61.665,8.062],[-61.676,8.065],[-61.685,8.07],[-61.691,8.076],[-61.696,8.083],[-61.7,8.092],[-61.698,8.1],[-61.699,8.108],[-61.703,8.117],[-61.706,8.128],[-61.713,8.137],[-61.721,8.142],[-61.729,8.15],[-61.734,8.158],[-61.74,8.166],[-61.742,8.174],[-61.754,8.185],[-61.761,8.192],[-61.76,8.2],[-61.768,8.205],[-61.776,8.211],[-61.779,8.22],[-61.788,8.23],[-61.79,8.238],[-61.792,8.246],[-61.797,8.256],[-61.792,8.264],[-61.791,8.273],[-61.787,8.281],[-61.779,8.286],[-61.768,8.286],[-61.759,8.29],[-61.742,8.295],[-61.734,8.297],[-61.724,8.297],[-61.72,8.298]]]}},{"type":"Feature","id":7,"properties":{"adm1_name":"Carabobo","adm1_pcode":"VE08","source_id":7},"geometry":{"type":"Polygon","coordinates":[[[-68.235,10.578],[-68.242,10.583],[-68.249,10.579],[-68.257,10.578],[-68.258,10.57],[-68.264,10.564],[-68.271,10.56],[-68.277,10.554],[-68.284,10.55],[-68.292,10.549],[-68.299,10.545],[-68.304,10.538],[-68.314,10.537],[-68.321,10.541],[-68.328,10.546],[-68.336,10.55],[-68.344,10.549],[-68.352,10.551],[-68.36,10.549],[-68.366,10.543],[-68.373,10.539],[-68.379,10.532],[-68.384,10.525],[-68.386,10.517],[-68.387,10.509],[-68.388,10.501],[-68.395,10.495],[-68.402,10.49],[-68.395,10.486],[-68.394,10.478],[-68.401,10.474],[-68.403,10.466],[-68.399,10.459],[-68.397,10.451],[-68.399,10.443],[-68.401,10.435],[-68.4,10.427],[-68.401,10.419],[-68.4,10.411],[-68.396,10.402],[-68.398,10.394],[-68.4,10.386],[-68.399,10.376],[-68.399,10.366],[-68.396,10.356],[-68.391,10.349],[-68.393,10.341],[-68.391,10.333],[-68.387,10.326],[-68.384,10.318],[-68.379,10.311],[-68.373,10.304],[-68.372,10.294],[-68.37,10.284],[-68.365,10.277],[-68.36,10.268],[-68.359,10.26],[-68.364,10.253],[-68.366,10.244],[-68.37,10.237],[-68.377,10.23],[-68.384,10.225],[-68.391,10.221],[-68.401,10.221],[-68.41,10.218],[-68.411,10.21],[-68.413,10.202],[-68.415,10.194],[-68.419,10.187],[-68.425,10.181],[-68.427,10.173],[-68.425,10.165],[-68.42,10.158],[-68.414,10.151],[-68.412,10.143],[-68.408,10.135],[-68.402,10.129],[-68.397,10.121],[-68.397,10.113],[-68.399,10.104],[-68.4,10.096],[-68.404,10.089],[-68.406,10.081],[-68.402,10.074],[-68.403,10.066],[-68.397,10.06],[-68.389,10.057],[-68.382,10.053],[-68.378,10.046],[-68.382,10.039],[-68.386,10.032],[-68.387,10.024],[-68.388,10.016],[-68.385,10.008],[-68.381,10.001],[-68.375,9.994],[-68.365,9.994],[-68.357,9.991],[-68.35,9.996],[-68.342,9.999],[-68.337,10.006],[-68.336,10.014],[-68.339,10.022],[-68.337,10.03],[-68.327,10.033],[-68.32,10.04],[-68.315,10.047],[-68.308,10.054],[-68.301,10.059],[-68.292,10.063],[-68.289,10.071],[-68.281,10.068],[-68.273,10.065],[-68.264,10.064],[-68.256,10.068],[-68.248,10.074],[-68.239,10.082],[-68.23,10.081],[-68.221,10.08],[-68.213,10.074],[-68.207,10.066],[-68.2,10.061],[-68.207,10.056],[-68.214,10.052],[-68.219,10.045],[-68.226,10.041],[-68.231,10.034],[-68.238,10.03],[-68.245,10.025],[-68.247,10.017],[-68.25,10.009],[-68.248,10.001],[-68.251,9.993],[-68.249,9.985],[-68.247,9.977],[-68.241,9.971],[-68.235,9.965],[-68.227,9.966],[-68.219,9.967],[-68.217,9.959],[-68.211,9.953],[-68.208,9.945],[-68.201,9.94],[-68.193,9.941],[-68.184,9.943],[-68.174,9.94],[-68.171,9.932],[-68.168,9.924],[-68.16,9.92],[-68.15,9.919],[-68.143,9.909],[-68.138,9.899],[-68.138,9.889],[-68.133,9.882],[-68.128,9.865],[-68.123,9.857],[-68.121,9.847],[-68.113,9.84],[-68.105,9.841],[-68.094,9.84],[-68.085,9.844],[-68.08,9.852],[-68.073,9.857],[-68.063,9.853],[-68.054,9.861],[-68.042,9.862],[-68.031,9.861],[-68.021,9.867],[-68.011,9.871],[-68.007,9.879],[-68.004,9.871],[-68.002,9.861],[-68.011,9.854],[-68.014,9.844],[-68.008,9.836],[-68.001,9.831],[-67.993,9.828],[-67.985,9.831],[-67.978,9.827],[-67.969,9.83],[-67.961,9.831],[-67.952,9.827],[-67.945,9.823],[-67.935,9.82],[-67.927,9.817],[-67.918,9.811],[-67.909,9.815],[-67.901,9.821],[-67.892,9.823],[-67.885,9.83],[-67.876,9.835],[-67.868,9.835],[-67.859,9.837],[-67.85,9.836],[-67.841,9.835],[-67.831,9.835],[-67.824,9.84],[-67.817,9.844],[-67.807,9.848],[-67.806,9.856],[-67.811,9.864],[-67.815,9.874],[-67.813,9.884],[-67.814,9.892],[-67.809,9.901],[-67.811,9.909],[-67.81,9.919],[-67.807,9.928],[-67.796,9.924],[-67.785,9.924],[-67.777,9.921],[-67.77,9.916],[-67.766,9.907],[-67.758,9.905],[-67.75,9.901],[-67.741,9.894],[-67.734,9.887],[-67.729,9.88],[-67.719,9.876],[-67.711,9.871],[-67.712,9.862],[-67.706,9.853],[-67.709,9.843],[-67.708,9.833],[-67.698,9.829],[-67.687,9.823],[-67.676,9.831],[-67.672,9.838],[-67.664,9.846],[-67.654,9.847],[-67.643,9.847],[-67.634,9.859],[-67.625,9.86],[-67.617,9.854],[-67.608,9.85],[-67.6,9.844],[-67.592,9.846],[-67.591,9.854],[-67.587,9.864],[-67.586,9.873],[-67.582,9.881],[-67.575,9.888],[-67.578,9.897],[-67.569,9.904],[-67.559,9.899],[-67.551,9.896],[-67.547,9.888],[-67.534,9.883],[-67.524,9.883],[-67.517,9.877],[-67.532,9.945],[-67.534,9.954],[-67.537,9.967],[-67.542,9.986],[-67.544,9.994],[-67.552,9.996],[-67.562,9.995],[-67.569,10.0],[-67.577,10.003],[-67.584,9.998],[-67.592,9.996],[-67.601,9.994],[-67.611,9.995],[-67.618,9.999],[-67.614,10.006],[-67.624,10.014],[-67.632,10.016],[-67.642,10.013],[-67.648,10.019],[-67.655,10.023],[-67.663,10.025],[-67.671,10.03],[-67.678,10.026],[-67.684,10.019],[-67.693,10.022],[-67.689,10.031],[-67.684,10.039],[-67.686,10.047],[-67.687,10.055],[-67.691,10.064],[-67.684,10.069],[-67.678,10.075],[-67.671,10.079],[-67.664,10.085],[-67.659,10.094],[-67.657,10.102],[-67.659,10.112],[-67.661,10.133],[-67.669,10.128],[-67.676,10.123],[-67.683,10.127],[-67.69,10.133],[-67.697,10.138],[-67.706,10.138],[-67.714,10.14],[-67.72,10.132],[-67.728,10.128],[-67.718,10.124],[-67.709,10.124],[-67.702,10.118],[-67.711,10.116],[-67.719,10.115],[-67.724,10.106],[-67.732,10.101],[-67.743,10.104],[-67.752,10.11],[-67.76,10.117],[-67.766,10.123],[-67.775,10.123],[-67.785,10.123],[-67.794,10.123],[-67.804,10.12],[-67.812,10.114],[-67.819,10.11],[-67.828,10.107],[-67.839,10.105],[-67.85,10.107],[-67.857,10.113],[-67.864,10.118],[-67.87,10.128],[-67.864,10.134],[-67.87,10.14],[-67.872,10.148],[-67.865,10.152],[-67.869,10.159],[-67.862,10.165],[-67.856,10.173],[-67.852,10.182],[-67.845,10.186],[-67.841,10.194],[-67.836,10.201],[-67.829,10.211],[-67.823,10.219],[-67.815,10.225],[-67.806,10.227],[-67.798,10.228],[-67.791,10.224],[-67.784,10.228],[-67.781,10.236],[-67.775,10.242],[-67.766,10.245],[-67.758,10.244],[-67.75,10.242],[-67.746,10.25],[-67.738,10.256],[-67.731,10.261],[-67.71,10.262],[-67.696,10.261],[-67.687,10.259],[-67.696,10.254],[-67.704,10.251],[-67.713,10.252],[-67.706,10.248],[-67.698,10.243],[-67.691,10.237],[-67.686,10.244],[-67.678,10.246],[-67.677,10.255],[-67.67,10.261],[-67.666,10.269],[-67.663,10.28],[-67.652,10.281],[-67.651,10.289],[-67.651,10.298],[-67.655,10.306],[-67.661,10.313],[-67.666,10.322],[-67.671,10.329],[-67.676,10.336],[-67.683,10.34],[-67.691,10.342],[-67.699,10.339],[-67.707,10.333],[-67.718,10.334],[-67.725,10.338],[-67.734,10.343],[-67.743,10.344],[-67.75,10.348],[-67.758,10.345],[-67.766,10.35],[-67.775,10.345],[-67.782,10.341],[-67.79,10.337],[-67.796,10.33],[-67.805,10.329],[-67.813,10.33],[-67.821,10.333],[-67.832,10.337],[-67.837,10.345],[-67.845,10.352],[-67.854,10.357],[-67.861,10.361],[-67.867,10.367],[-67.877,10.37],[-67.88,10.379],[-67.878,10.388],[-67.878,10.398],[-67.877,10.408],[-67.879,10.417],[-67.879,10.427],[-67.877,10.435],[-67.879,10.444],[-67.874,10.451],[-67.873,10.46],[-67.866,10.467],[-67.86,10.475],[-67.869,10.474],[-67.877,10.473],[-67.885,10.471],[-67.894,10.467],[-67.902,10.465],[-67.9,10.473],[-67.908,10.469],[-67.914,10.463],[-67.921,10.454],[-67.928,10.458],[-67.931,10.467],[-67.94,10.466],[-67.947,10.462],[-67.954,10.466],[-67.96,10.474],[-67.97,10.48],[-67.975,10.487],[-67.983,10.49],[-67.991,10.489],[-67.999,10.491],[-68.007,10.49],[-68.011,10.483],[-68.003,10.485],[-67.996,10.489],[-67.995,10.481],[-67.989,10.475],[-67.983,10.469],[-67.994,10.474],[-68.001,10.469],[-68.005,10.476],[-68.013,10.477],[-68.021,10.474],[-68.029,10.477],[-68.036,10.481],[-68.043,10.486],[-68.05,10.49],[-68.057,10.495],[-68.065,10.497],[-68.074,10.498],[-68.08,10.492],[-68.088,10.495],[-68.094,10.489],[-68.101,10.484],[-68.108,10.48],[-68.115,10.484],[-68.122,10.488],[-68.129,10.484],[-68.137,10.485],[-68.144,10.492],[-68.152,10.499],[-68.16,10.498],[-68.168,10.502],[-68.175,10.508],[-68.181,10.514],[-68.187,10.521],[-68.193,10.527],[-68.199,10.533],[-68.205,10.54],[-68.212,10.548],[-68.218,10.555],[-68.224,10.562],[-68.229,10.569],[-68.234,10.576],[-68.235,10.578]]]}},{"type":"Feature","id":8,"properties":{"adm1_name":"Cojedes","adm1_pcode":"VE09","source_id":8},"geometry":{"type":"Polygon","coordinates":[[[-68.207,10.064],[-68.212,10.071],[-68.219,10.077],[-68.23,10.081],[-68.239,10.082],[-68.248,10.074],[-68.256,10.068],[-68.264,10.064],[-68.273,10.065],[-68.281,10.068],[-68.288,10.072],[-68.292,10.063],[-68.299,10.059],[-68.306,10.055],[-68.313,10.049],[-68.319,10.041],[-68.325,10.034],[-68.335,10.032],[-68.341,10.026],[-68.338,10.018],[-68.337,10.01],[-68.343,10.004],[-68.349,9.998],[-68.356,9.994],[-68.363,9.99],[-68.371,9.987],[-68.378,9.982],[-68.383,9.975],[-68.39,9.971],[-68.396,9.965],[-68.404,9.968],[-68.405,9.96],[-68.412,9.953],[-68.42,9.949],[-68.426,9.943],[-68.434,9.937],[-68.441,9.932],[-68.449,9.927],[-68.457,9.924],[-68.465,9.92],[-68.472,9.916],[-68.481,9.914],[-68.487,9.908],[-68.493,9.901],[-68.501,9.896],[-68.508,9.892],[-68.516,9.889],[-68.524,9.894],[-68.531,9.89],[-68.539,9.888],[-68.539,9.897],[-68.537,9.905],[-68.537,9.913],[-68.53,9.918],[-68.528,9.927],[-68.529,9.935],[-68.537,9.935],[-68.545,9.932],[-68.554,9.932],[-68.563,9.932],[-68.573,9.935],[-68.585,9.935],[-68.595,9.933],[-68.604,9.932],[-68.609,9.941],[-68.61,9.949],[-68.611,9.957],[-68.612,9.965],[-68.621,9.968],[-68.629,9.967],[-68.636,9.963],[-68.644,9.966],[-68.65,9.972],[-68.659,9.976],[-68.666,9.969],[-68.673,9.962],[-68.683,9.955],[-68.69,9.951],[-68.7,9.947],[-68.71,9.946],[-68.717,9.938],[-68.718,9.929],[-68.722,9.922],[-68.723,9.912],[-68.724,9.904],[-68.717,9.898],[-68.717,9.889],[-68.722,9.881],[-68.734,9.874],[-68.748,9.87],[-68.76,9.869],[-68.772,9.87],[-68.781,9.865],[-68.788,9.861],[-68.794,9.854],[-68.799,9.847],[-68.806,9.843],[-68.814,9.846],[-68.824,9.847],[-68.838,9.843],[-68.845,9.839],[-68.854,9.835],[-68.864,9.836],[-68.871,9.84],[-68.883,9.842],[-68.891,9.84],[-68.9,9.842],[-68.909,9.843],[-68.916,9.849],[-68.928,9.848],[-68.935,9.842],[-68.943,9.849],[-68.952,9.85],[-68.96,9.845],[-68.968,9.842],[-68.976,9.841],[-68.975,9.833],[-68.976,9.825],[-68.978,9.817],[-68.977,9.809],[-68.975,9.801],[-68.975,9.792],[-68.979,9.785],[-68.987,9.786],[-68.984,9.778],[-68.977,9.772],[-68.977,9.764],[-68.985,9.765],[-68.983,9.756],[-68.98,9.748],[-68.983,9.74],[-68.987,9.732],[-68.986,9.723],[-68.979,9.717],[-68.972,9.721],[-68.97,9.713],[-68.964,9.705],[-68.963,9.697],[-68.965,9.689],[-68.964,9.68],[-68.961,9.672],[-68.957,9.665],[-68.951,9.659],[-68.947,9.651],[-68.942,9.643],[-68.938,9.636],[-68.933,9.628],[-68.928,9.621],[-68.922,9.615],[-68.923,9.607],[-68.923,9.598],[-68.92,9.589],[-68.916,9.581],[-68.911,9.573],[-68.907,9.566],[-68.905,9.557],[-68.906,9.547],[-68.908,9.538],[-68.904,9.531],[-68.899,9.524],[-68.894,9.517],[-68.898,9.51],[-68.895,9.501],[-68.896,9.493],[-68.902,9.485],[-68.899,9.477],[-68.895,9.468],[-68.892,9.46],[-68.894,9.451],[-68.895,9.442],[-68.895,9.434],[-68.89,9.426],[-68.888,9.418],[-68.887,9.406],[-68.882,9.399],[-68.876,9.406],[-68.867,9.409],[-68.862,9.402],[-68.868,9.396],[-68.866,9.388],[-68.858,9.384],[-68.853,9.374],[-68.847,9.368],[-68.84,9.362],[-68.831,9.358],[-68.824,9.354],[-68.815,9.347],[-68.806,9.346],[-68.799,9.341],[-68.792,9.335],[-68.787,9.328],[-68.782,9.32],[-68.774,9.316],[-68.77,9.308],[-68.762,9.305],[-68.766,9.297],[-68.771,9.29],[-68.779,9.284],[-68.775,9.277],[-68.769,9.271],[-68.761,9.273],[-68.754,9.268],[-68.747,9.264],[-68.739,9.26],[-68.731,9.263],[-68.727,9.256],[-68.72,9.252],[-68.712,9.249],[-68.703,9.25],[-68.707,9.257],[-68.7,9.251],[-68.694,9.244],[-68.688,9.238],[-68.68,9.233],[-68.672,9.23],[-68.666,9.224],[-68.66,9.231],[-68.652,9.229],[-68.646,9.222],[-68.638,9.223],[-68.631,9.218],[-68.663,8.989],[-68.657,8.983],[-68.659,8.975],[-68.657,8.967],[-68.654,8.959],[-68.647,8.953],[-68.639,8.951],[-68.632,8.945],[-68.627,8.938],[-68.623,8.93],[-68.622,8.922],[-68.62,8.914],[-68.619,8.906],[-68.616,8.897],[-68.608,8.895],[-68.606,8.887],[-68.598,8.886],[-68.598,8.877],[-68.589,8.877],[-68.587,8.869],[-68.579,8.865],[-68.578,8.857],[-68.572,8.851],[-68.566,8.845],[-68.554,8.842],[-68.559,8.834],[-68.567,8.836],[-68.576,8.838],[-68.584,8.834],[-68.586,8.822],[-68.591,8.829],[-68.595,8.821],[-68.603,8.822],[-68.609,8.816],[-68.616,8.82],[-68.618,8.811],[-68.625,8.806],[-68.631,8.799],[-68.638,8.795],[-68.641,8.787],[-68.643,8.779],[-68.652,8.778],[-68.658,8.771],[-68.666,8.768],[-68.674,8.767],[-68.682,8.763],[-68.69,8.757],[-68.689,8.749],[-68.697,8.744],[-68.705,8.743],[-68.713,8.744],[-68.719,8.738],[-68.727,8.739],[-68.729,8.747],[-68.736,8.743],[-68.733,8.735],[-68.725,8.73],[-68.718,8.725],[-68.722,8.718],[-68.718,8.711],[-68.711,8.705],[-68.702,8.703],[-68.693,8.698],[-68.684,8.699],[-68.678,8.705],[-68.669,8.708],[-68.66,8.711],[-68.652,8.706],[-68.653,8.697],[-68.647,8.691],[-68.647,8.681],[-68.648,8.671],[-68.641,8.665],[-68.634,8.661],[-68.635,8.653],[-68.642,8.647],[-68.647,8.64],[-68.64,8.635],[-68.632,8.637],[-68.623,8.635],[-68.616,8.631],[-68.608,8.627],[-68.598,8.628],[-68.594,8.636],[-68.586,8.637],[-68.583,8.629],[-68.58,8.621],[-68.572,8.614],[-68.563,8.617],[-68.554,8.615],[-68.548,8.608],[-68.542,8.602],[-68.535,8.598],[-68.528,8.602],[-68.519,8.602],[-68.511,8.603],[-68.504,8.598],[-68.496,8.602],[-68.489,8.597],[-68.48,8.599],[-68.472,8.598],[-68.468,8.606],[-68.46,8.607],[-68.452,8.603],[-68.444,8.607],[-68.437,8.603],[-68.428,8.598],[-68.421,8.594],[-68.416,8.601],[-68.407,8.601],[-68.399,8.602],[-68.391,8.605],[-68.383,8.608],[-68.376,8.612],[-68.368,8.61],[-68.362,8.603],[-68.354,8.608],[-68.344,8.603],[-68.336,8.598],[-68.328,8.593],[-68.324,8.602],[-68.32,8.609],[-68.312,8.61],[-68.304,8.603],[-68.299,8.596],[-68.292,8.592],[-68.285,8.588],[-68.276,8.592],[-68.267,8.594],[-68.265,8.602],[-68.256,8.601],[-68.245,8.6],[-68.239,8.593],[-68.229,8.59],[-68.221,8.594],[-68.215,8.6],[-68.208,8.604],[-68.199,8.6],[-68.191,8.605],[-68.182,8.604],[-68.174,8.602],[-68.166,8.603],[-68.158,8.598],[-68.147,8.597],[-68.139,8.598],[-68.13,8.6],[-68.122,8.597],[-68.116,8.604],[-68.108,8.602],[-68.108,8.593],[-68.1,8.594],[-68.096,8.586],[-68.086,8.589],[-68.09,8.579],[-68.082,8.581],[-68.073,8.575],[-68.064,8.572],[-68.056,8.576],[-68.056,8.568],[-68.05,8.562],[-68.053,8.551],[-68.052,8.542],[-68.047,8.534],[-68.036,8.533],[-68.024,8.535],[-68.019,8.542],[-68.014,8.55],[-68.014,8.56],[-68.006,8.554],[-68.004,8.562],[-67.999,8.571],[-67.998,8.581],[-68.006,8.577],[-68.015,8.576],[-68.012,8.585],[-68.007,8.592],[-68.015,8.591],[-68.015,8.6],[-68.011,8.607],[-68.014,8.616],[-68.017,8.624],[-68.009,8.626],[-68.003,8.632],[-68.003,8.642],[-68.003,8.651],[-68.009,8.657],[-68.01,8.665],[-68.012,8.673],[-68.014,8.681],[-68.009,8.688],[-68.005,8.695],[-68.015,8.699],[-68.012,8.709],[-68.019,8.714],[-68.02,8.722],[-68.019,8.73],[-68.029,8.728],[-68.025,8.735],[-68.019,8.741],[-68.009,8.74],[-68.013,8.747],[-68.016,8.755],[-68.025,8.758],[-68.026,8.766],[-68.018,8.772],[-68.012,8.779],[-68.007,8.786],[-68.005,8.794],[-68.002,8.802],[-67.995,8.808],[-67.995,8.816],[-67.993,8.824],[-67.987,8.831],[-67.989,8.839],[-67.981,8.844],[-67.976,8.852],[-67.971,8.859],[-67.969,8.868],[-67.965,8.877],[-67.971,8.883],[-67.979,8.887],[-67.98,8.896],[-67.979,8.906],[-67.977,8.915],[-67.974,8.924],[-67.966,8.926],[-67.958,8.93],[-67.949,8.931],[-67.94,8.933],[-67.932,8.935],[-67.924,8.939],[-67.918,8.945],[-67.917,8.953],[-67.91,8.959],[-67.906,8.967],[-67.903,8.975],[-67.905,8.983],[-67.903,8.991],[-67.898,8.998],[-67.897,9.006],[-67.89,9.012],[-67.885,9.019],[-67.884,9.028],[-67.877,9.035],[-67.872,9.042],[-67.867,9.049],[-67.865,9.057],[-67.861,9.067],[-67.857,9.074],[-67.853,9.082],[-67.852,9.09],[-67.855,9.098],[-67.857,9.106],[-67.861,9.113],[-67.857,9.12],[-67.858,9.128],[-67.859,9.136],[-67.861,9.145],[-67.86,9.153],[-67.861,9.162],[-67.866,9.169],[-67.87,9.176],[-67.873,9.184],[-67.874,9.192],[-67.878,9.2],[-67.877,9.208],[-67.879,9.216],[-67.878,9.224],[-67.881,9.232],[-67.884,9.24],[-67.89,9.247],[-67.898,9.249],[-67.901,9.257],[-67.905,9.265],[-67.908,9.273],[-67.915,9.278],[-67.921,9.286],[-67.925,9.293],[-67.931,9.299],[-67.938,9.304],[-67.94,9.312],[-67.944,9.32],[-67.944,9.329],[-67.94,9.337],[-67.933,9.342],[-67.927,9.348],[-67.922,9.355],[-67.924,9.363],[-67.921,9.371],[-67.922,9.379],[-67.918,9.386],[-67.92,9.394],[-67.915,9.401],[-67.916,9.409],[-67.918,9.417],[-67.919,9.425],[-67.921,9.433],[-67.92,9.441],[-67.925,9.448],[-67.921,9.455],[-67.925,9.463],[-67.927,9.471],[-67.926,9.479],[-67.932,9.485],[-67.939,9.489],[-67.946,9.494],[-67.953,9.498],[-67.954,9.506],[-67.956,9.514],[-67.958,9.522],[-67.957,9.53],[-67.966,9.53],[-67.973,9.536],[-67.966,9.542],[-67.959,9.546],[-67.951,9.549],[-67.943,9.552],[-67.935,9.553],[-67.94,9.56],[-67.931,9.56],[-67.927,9.567],[-67.933,9.575],[-67.934,9.583],[-67.936,9.592],[-67.938,9.6],[-67.929,9.6],[-67.924,9.607],[-67.918,9.613],[-67.908,9.617],[-67.9,9.619],[-67.892,9.62],[-67.885,9.614],[-67.876,9.612],[-67.87,9.618],[-67.862,9.617],[-67.854,9.619],[-67.847,9.624],[-67.839,9.626],[-67.83,9.626],[-67.823,9.63],[-67.815,9.632],[-67.816,9.64],[-67.81,9.646],[-67.803,9.652],[-67.794,9.652],[-67.787,9.656],[-67.784,9.664],[-67.778,9.671],[-67.77,9.675],[-67.763,9.679],[-67.756,9.683],[-67.755,9.692],[-67.754,9.7],[-67.757,9.708],[-67.761,9.715],[-67.757,9.722],[-67.762,9.729],[-67.764,9.737],[-67.767,9.745],[-67.766,9.753],[-67.763,9.762],[-67.771,9.763],[-67.779,9.764],[-67.785,9.77],[-67.794,9.778],[-67.798,9.786],[-67.798,9.794],[-67.798,9.803],[-67.8,9.813],[-67.802,9.821],[-67.799,9.829],[-67.802,9.838],[-67.804,9.846],[-67.813,9.845],[-67.822,9.842],[-67.831,9.835],[-67.839,9.836],[-67.85,9.836],[-67.859,9.837],[-67.868,9.835],[-67.876,9.835],[-67.885,9.83],[-67.892,9.825],[-67.901,9.821],[-67.909,9.815],[-67.918,9.811],[-67.927,9.817],[-67.935,9.82],[-67.945,9.823],[-67.952,9.827],[-67.961,9.831],[-67.969,9.83],[-67.978,9.827],[-67.985,9.831],[-67.993,9.828],[-68.001,9.831],[-68.008,9.836],[-68.012,9.843],[-68.013,9.852],[-68.006,9.857],[-68.002,9.864],[-68.004,9.874],[-68.015,9.871],[-68.024,9.864],[-68.037,9.861],[-68.046,9.861],[-68.058,9.859],[-68.067,9.853],[-68.077,9.855],[-68.081,9.848],[-68.087,9.842],[-68.098,9.84],[-68.108,9.84],[-68.116,9.841],[-68.123,9.85],[-68.124,9.859],[-68.13,9.876],[-68.134,9.883],[-68.138,9.899],[-68.142,9.908],[-68.147,9.918],[-68.157,9.919],[-68.166,9.921],[-68.171,9.93],[-68.17,9.938],[-68.178,9.94],[-68.186,9.944],[-68.195,9.941],[-68.203,9.94],[-68.209,9.946],[-68.212,9.954],[-68.215,9.962],[-68.221,9.968],[-68.23,9.964],[-68.238,9.965],[-68.242,9.973],[-68.248,9.979],[-68.25,9.988],[-68.25,9.996],[-68.249,10.004],[-68.249,10.012],[-68.246,10.02],[-68.242,10.027],[-68.235,10.032],[-68.229,10.038],[-68.224,10.045],[-68.216,10.047],[-68.21,10.053],[-68.204,10.059],[-68.206,10.062],[-68.207,10.064]]]}},{"type":"Feature","id":9,"properties":{"adm1_name":"Delta Amacuro","adm1_pcode":"VE10","source_id":9},"geometry":{"type":"Polygon","coordinates":[[[-62.162,10.009],[-62.199,10.018],[-62.207,10.015],[-62.215,10.008],[-62.222,9.995],[-62.236,9.995],[-62.25,9.995],[-62.293,9.994],[-62.297,9.984],[-62.301,9.972],[-62.301,9.963],[-62.299,9.955],[-62.285,9.941],[-62.291,9.934],[-62.296,9.924],[-62.3,9.916],[-62.303,9.908],[-62.306,9.887],[-62.308,9.872],[-62.31,9.857],[-62.31,9.84],[-62.31,9.83],[-62.319,9.819],[-62.32,9.81],[-62.316,9.801],[-62.3,9.786],[-62.296,9.777],[-62.294,9.758],[-62.296,9.749],[-62.296,9.74],[-62.306,9.734],[-62.314,9.724],[-62.318,9.715],[-62.325,9.721],[-62.33,9.713],[-62.337,9.705],[-62.348,9.701],[-62.356,9.697],[-62.36,9.689],[-62.354,9.676],[-62.354,9.667],[-62.352,9.656],[-62.351,9.647],[-62.355,9.638],[-62.366,9.631],[-62.371,9.624],[-62.379,9.623],[-62.387,9.623],[-62.39,9.615],[-62.407,9.596],[-62.414,9.589],[-62.431,9.556],[-62.44,9.545],[-62.442,9.528],[-62.443,9.511],[-62.444,9.5],[-62.442,9.492],[-62.436,9.484],[-62.428,9.481],[-62.419,9.482],[-62.406,9.48],[-62.398,9.477],[-62.399,9.463],[-62.401,9.452],[-62.408,9.427],[-62.411,9.414],[-62.402,9.403],[-62.394,9.399],[-62.384,9.394],[-62.373,9.39],[-62.361,9.387],[-62.349,9.382],[-62.333,9.369],[-62.327,9.363],[-62.323,9.354],[-62.325,9.346],[-62.331,9.34],[-62.338,9.334],[-62.34,9.318],[-62.336,9.311],[-62.328,9.297],[-62.326,9.281],[-62.327,9.271],[-62.326,9.262],[-62.32,9.25],[-62.314,9.242],[-62.309,9.235],[-62.302,9.231],[-62.301,9.221],[-62.307,9.212],[-62.303,9.199],[-62.302,9.19],[-62.305,9.182],[-62.317,9.178],[-62.323,9.166],[-62.324,9.158],[-62.326,9.148],[-62.327,9.132],[-62.315,9.13],[-62.307,9.133],[-62.292,9.134],[-62.282,9.135],[-62.271,9.135],[-62.263,9.131],[-62.264,9.118],[-62.259,9.11],[-62.251,9.104],[-62.24,9.098],[-62.234,9.091],[-62.224,9.084],[-62.224,9.075],[-62.225,9.064],[-62.219,9.058],[-62.209,9.063],[-62.201,9.064],[-62.191,9.069],[-62.189,9.081],[-62.183,9.087],[-62.173,9.087],[-62.164,9.091],[-62.164,9.099],[-62.16,9.106],[-62.149,9.103],[-62.147,9.09],[-62.147,9.075],[-62.144,9.062],[-62.133,9.053],[-62.124,9.048],[-62.113,9.053],[-62.112,9.068],[-62.106,9.074],[-62.094,9.074],[-62.075,9.061],[-62.067,9.058],[-62.059,9.053],[-62.057,9.045],[-62.059,9.028],[-62.065,9.015],[-62.072,9.003],[-62.082,8.991],[-62.089,8.978],[-62.09,8.968],[-62.084,8.946],[-62.076,8.935],[-62.068,8.921],[-62.064,8.913],[-62.063,8.901],[-62.058,8.888],[-62.052,8.88],[-62.044,8.877],[-62.031,8.882],[-62.009,8.891],[-62.001,8.891],[-61.997,8.882],[-62.001,8.869],[-62.007,8.861],[-62.02,8.848],[-62.03,8.84],[-62.041,8.83],[-62.059,8.819],[-62.062,8.81],[-62.062,8.799],[-62.06,8.784],[-62.064,8.77],[-62.071,8.757],[-62.093,8.741],[-62.115,8.724],[-62.123,8.718],[-62.142,8.706],[-62.16,8.703],[-62.181,8.699],[-62.191,8.691],[-62.203,8.681],[-62.212,8.667],[-62.219,8.655],[-62.223,8.647],[-62.229,8.631],[-62.231,8.619],[-62.228,8.611],[-62.242,8.601],[-62.256,8.598],[-62.274,8.591],[-62.292,8.581],[-62.304,8.577],[-62.322,8.573],[-62.341,8.57],[-62.354,8.566],[-62.384,8.548],[-62.392,8.544],[-62.413,8.535],[-62.424,8.531],[-62.467,8.514],[-62.48,8.519],[-62.488,8.522],[-62.499,8.519],[-62.509,8.511],[-62.519,8.503],[-62.531,8.494],[-62.546,8.488],[-62.566,8.483],[-62.575,8.482],[-62.582,8.464],[-62.596,8.457],[-62.604,8.45],[-62.612,8.441],[-62.6,8.435],[-62.555,8.413],[-62.502,8.387],[-62.487,8.378],[-62.454,8.356],[-62.405,8.325],[-62.373,8.32],[-62.31,8.282],[-62.262,8.295],[-62.25,8.3],[-61.857,8.403],[-61.836,8.408],[-61.7,8.443],[-61.701,8.435],[-61.709,8.429],[-61.71,8.421],[-61.706,8.413],[-61.703,8.403],[-61.699,8.395],[-61.7,8.386],[-61.691,8.378],[-61.687,8.371],[-61.683,8.361],[-61.686,8.353],[-61.685,8.344],[-61.692,8.336],[-61.701,8.33],[-61.704,8.322],[-61.707,8.312],[-61.72,8.298],[-61.728,8.297],[-61.737,8.296],[-61.753,8.292],[-61.763,8.289],[-61.774,8.287],[-61.784,8.285],[-61.788,8.277],[-61.793,8.27],[-61.792,8.261],[-61.795,8.251],[-61.791,8.244],[-61.79,8.235],[-61.783,8.223],[-61.777,8.215],[-61.772,8.207],[-61.762,8.205],[-61.761,8.194],[-61.755,8.187],[-61.747,8.178],[-61.74,8.169],[-61.739,8.161],[-61.729,8.15],[-61.721,8.142],[-61.714,8.138],[-61.706,8.128],[-61.703,8.117],[-61.699,8.109],[-61.698,8.1],[-61.7,8.092],[-61.699,8.084],[-61.692,8.079],[-61.688,8.07],[-61.679,8.067],[-61.665,8.062],[-61.659,8.053],[-61.658,8.045],[-61.656,8.036],[-61.653,8.026],[-61.653,8.015],[-61.65,8.003],[-61.655,7.993],[-61.657,7.976],[-61.66,7.967],[-61.655,7.959],[-61.655,7.946],[-61.645,7.947],[-61.637,7.939],[-61.62,7.927],[-61.615,7.917],[-61.604,7.911],[-61.596,7.908],[-61.584,7.903],[-61.576,7.892],[-61.572,7.882],[-61.562,7.877],[-61.56,7.864],[-61.558,7.852],[-61.546,7.851],[-61.54,7.857],[-61.534,7.848],[-61.519,7.842],[-61.515,7.832],[-61.49,7.81],[-61.463,7.799],[-61.451,7.816],[-61.454,7.826],[-61.464,7.835],[-61.471,7.839],[-61.469,7.848],[-61.461,7.855],[-61.45,7.862],[-61.442,7.869],[-61.44,7.881],[-61.438,7.898],[-61.434,7.908],[-61.428,7.914],[-61.416,7.922],[-61.407,7.929],[-61.393,7.936],[-61.381,7.94],[-61.354,7.955],[-61.344,7.958],[-61.333,7.964],[-61.318,7.969],[-61.31,7.971],[-61.292,7.976],[-61.243,7.903],[-60.974,7.753],[-60.899,7.755],[-60.839,7.838],[-60.836,7.88],[-60.812,7.874],[-60.765,7.862],[-60.667,7.838],[-60.614,7.845],[-60.323,7.881],[-60.273,7.894],[-60.263,7.896],[-60.258,7.903],[-60.252,7.912],[-60.245,7.917],[-60.24,7.928],[-60.23,7.933],[-60.237,7.939],[-60.233,7.947],[-60.225,7.951],[-60.218,7.958],[-60.209,7.961],[-60.201,7.959],[-60.199,7.968],[-60.191,7.965],[-60.183,7.969],[-60.176,7.973],[-60.166,7.974],[-60.159,7.978],[-60.131,8.003],[-60.116,8.027],[-60.106,8.028],[-60.097,8.031],[-60.088,8.033],[-60.083,8.024],[-60.075,8.021],[-60.066,8.017],[-60.054,8.017],[-60.043,8.028],[-60.031,8.037],[-60.022,8.049],[-60.008,8.072],[-60.006,8.085],[-60.005,8.105],[-59.996,8.121],[-59.986,8.13],[-59.996,8.146],[-59.996,8.156],[-59.987,8.178],[-59.981,8.187],[-59.97,8.188],[-59.952,8.191],[-59.944,8.214],[-59.835,8.233],[-59.741,8.22],[-59.741,8.231],[-59.75,8.257],[-59.761,8.272],[-59.771,8.28],[-59.798,8.301],[-59.84,8.321],[-59.851,8.331],[-59.855,8.34],[-59.869,8.353],[-59.876,8.361],[-59.884,8.369],[-59.896,8.389],[-59.905,8.399],[-59.919,8.415],[-59.93,8.426],[-59.956,8.462],[-59.97,8.474],[-59.979,8.484],[-59.986,8.492],[-60.002,8.513],[-60.012,8.523],[-60.022,8.53],[-60.027,8.537],[-60.032,8.545],[-60.034,8.554],[-60.041,8.559],[-60.048,8.57],[-60.058,8.572],[-60.05,8.575],[-60.06,8.579],[-60.07,8.582],[-60.082,8.584],[-60.101,8.58],[-60.129,8.584],[-60.146,8.588],[-60.156,8.59],[-60.168,8.598],[-60.177,8.599],[-60.187,8.599],[-60.197,8.605],[-60.21,8.607],[-60.224,8.612],[-60.233,8.615],[-60.242,8.619],[-60.264,8.621],[-60.279,8.625],[-60.302,8.629],[-60.322,8.633],[-60.332,8.636],[-60.349,8.638],[-60.361,8.636],[-60.372,8.634],[-60.383,8.634],[-60.392,8.633],[-60.4,8.628],[-60.406,8.621],[-60.411,8.613],[-60.413,8.603],[-60.419,8.596],[-60.427,8.586],[-60.413,8.576],[-60.405,8.574],[-60.397,8.57],[-60.396,8.556],[-60.405,8.563],[-60.419,8.563],[-60.428,8.559],[-60.441,8.556],[-60.446,8.548],[-60.445,8.539],[-60.45,8.529],[-60.456,8.519],[-60.469,8.515],[-60.48,8.522],[-60.487,8.527],[-60.495,8.519],[-60.508,8.529],[-60.522,8.537],[-60.535,8.537],[-60.546,8.539],[-60.56,8.541],[-60.593,8.549],[-60.589,8.609],[-60.581,8.613],[-60.581,8.623],[-60.595,8.635],[-60.629,8.655],[-60.668,8.669],[-60.681,8.704],[-60.676,8.712],[-60.671,8.723],[-60.668,8.733],[-60.658,8.745],[-60.654,8.752],[-60.647,8.761],[-60.648,8.769],[-60.679,8.794],[-60.685,8.8],[-60.691,8.806],[-60.695,8.814],[-60.699,8.821],[-60.704,8.831],[-60.709,8.838],[-60.723,8.872],[-60.727,8.882],[-60.761,8.931],[-60.769,8.967],[-60.783,8.986],[-60.713,9.042],[-60.705,9.044],[-60.686,9.057],[-60.68,9.063],[-60.675,9.072],[-60.675,9.085],[-60.679,9.092],[-60.685,9.118],[-60.685,9.127],[-60.682,9.136],[-60.686,9.146],[-60.691,9.153],[-60.703,9.163],[-60.709,9.169],[-60.739,9.197],[-60.743,9.205],[-60.745,9.215],[-60.751,9.225],[-60.761,9.234],[-60.77,9.24],[-60.762,9.267],[-60.765,9.275],[-60.801,9.35],[-60.809,9.36],[-60.814,9.372],[-60.826,9.39],[-60.836,9.404],[-60.85,9.417],[-60.862,9.425],[-60.872,9.435],[-60.882,9.444],[-60.891,9.45],[-60.899,9.457],[-60.909,9.465],[-60.927,9.475],[-60.944,9.477],[-60.952,9.476],[-60.958,9.469],[-60.975,9.475],[-60.968,9.48],[-60.969,9.492],[-60.959,9.5],[-60.956,9.508],[-60.961,9.519],[-60.967,9.525],[-60.972,9.532],[-60.978,9.541],[-60.986,9.546],[-60.993,9.554],[-61.003,9.555],[-61.014,9.56],[-61.022,9.563],[-61.031,9.569],[-61.044,9.573],[-61.06,9.569],[-61.073,9.572],[-61.082,9.573],[-61.098,9.573],[-61.103,9.566],[-61.115,9.568],[-61.127,9.567],[-61.115,9.562],[-61.122,9.558],[-61.138,9.559],[-61.147,9.563],[-61.157,9.564],[-61.165,9.571],[-61.17,9.578],[-61.181,9.585],[-61.196,9.587],[-61.203,9.592],[-61.217,9.598],[-61.224,9.592],[-61.221,9.584],[-61.21,9.574],[-61.231,9.566],[-61.237,9.575],[-61.249,9.577],[-61.26,9.578],[-61.279,9.588],[-61.294,9.596],[-61.313,9.609],[-61.323,9.614],[-61.331,9.611],[-61.344,9.613],[-61.351,9.62],[-61.358,9.626],[-61.355,9.634],[-61.365,9.644],[-61.376,9.655],[-61.396,9.659],[-61.408,9.665],[-61.416,9.675],[-61.421,9.684],[-61.428,9.689],[-61.437,9.698],[-61.444,9.703],[-61.454,9.723],[-61.46,9.738],[-61.471,9.748],[-61.478,9.759],[-61.486,9.765],[-61.491,9.777],[-61.491,9.787],[-61.497,9.796],[-61.504,9.8],[-61.507,9.808],[-61.515,9.819],[-61.523,9.829],[-61.529,9.841],[-61.543,9.853],[-61.561,9.867],[-61.575,9.87],[-61.591,9.875],[-61.606,9.879],[-61.616,9.882],[-61.626,9.884],[-61.641,9.889],[-61.65,9.889],[-61.652,9.88],[-61.648,9.871],[-61.645,9.858],[-61.637,9.856],[-61.623,9.853],[-61.609,9.848],[-61.608,9.84],[-61.619,9.839],[-61.614,9.829],[-61.607,9.825],[-61.599,9.824],[-61.596,9.815],[-61.592,9.808],[-61.6,9.78],[-61.62,9.781],[-61.645,9.777],[-61.713,9.804],[-61.765,9.822],[-61.78,9.825],[-61.801,9.828],[-61.816,9.824],[-61.823,9.817],[-61.824,9.807],[-61.822,9.796],[-61.83,9.795],[-61.846,9.802],[-61.854,9.804],[-61.858,9.811],[-61.865,9.819],[-61.875,9.831],[-61.885,9.843],[-61.895,9.856],[-61.914,9.878],[-61.929,9.889],[-61.943,9.899],[-61.951,9.902],[-61.962,9.906],[-61.977,9.911],[-61.991,9.916],[-62.004,9.925],[-62.015,9.936],[-62.044,9.955],[-62.069,9.97],[-62.078,9.974],[-62.09,9.977],[-62.098,9.981],[-62.107,9.983],[-62.119,9.985],[-62.133,9.994],[-62.162,10.009]]]}},{"type":"Feature","id":10,"properties":{"adm1_name":"Distrito Capital","adm1_pcode":"VE01","source_id":10},"geometry":{"type":"Polygon","coordinates":[[[-67.012,10.562],[-67.02,10.559],[-67.026,10.552],[-67.028,10.536],[-67.038,10.532],[-67.045,10.528],[-67.05,10.521],[-67.058,10.519],[-67.066,10.518],[-67.064,10.51],[-67.057,10.504],[-67.058,10.496],[-67.059,10.488],[-67.056,10.48],[-67.057,10.472],[-67.063,10.466],[-67.07,10.461],[-67.078,10.461],[-67.086,10.46],[-67.095,10.459],[-67.104,10.459],[-67.113,10.46],[-67.122,10.458],[-67.131,10.454],[-67.141,10.45],[-67.148,10.445],[-67.157,10.441],[-67.159,10.433],[-67.158,10.425],[-67.163,10.418],[-67.155,10.416],[-67.142,10.409],[-67.132,10.41],[-67.122,10.408],[-67.113,10.405],[-67.104,10.404],[-67.095,10.406],[-67.087,10.401],[-67.08,10.393],[-67.072,10.394],[-67.064,10.391],[-67.056,10.39],[-67.047,10.386],[-67.039,10.389],[-67.029,10.391],[-67.021,10.389],[-67.015,10.383],[-67.006,10.386],[-66.998,10.388],[-66.992,10.394],[-66.985,10.398],[-66.977,10.402],[-66.97,10.407],[-66.962,10.412],[-66.956,10.418],[-66.95,10.425],[-66.942,10.423],[-66.935,10.417],[-66.927,10.414],[-66.919,10.413],[-66.909,10.409],[-66.9,10.409],[-66.897,10.417],[-66.9,10.425],[-66.898,10.433],[-66.896,10.441],[-66.895,10.45],[-66.893,10.458],[-66.889,10.465],[-66.883,10.471],[-66.883,10.48],[-66.88,10.488],[-66.87,10.488],[-66.87,10.496],[-66.866,10.503],[-66.862,10.51],[-66.864,10.519],[-66.868,10.527],[-66.872,10.536],[-66.872,10.545],[-66.88,10.542],[-66.888,10.544],[-66.896,10.549],[-66.906,10.551],[-66.915,10.552],[-66.924,10.551],[-66.932,10.549],[-66.941,10.545],[-66.949,10.543],[-66.957,10.546],[-66.965,10.549],[-66.973,10.554],[-66.984,10.559],[-66.997,10.562],[-67.006,10.562],[-67.01,10.561],[-67.012,10.562]]]}},{"type":"Feature","id":11,"properties":{"adm1_name":"Falcón","adm1_pcode":"VE11","source_id":11},"geometry":{"type":"Polygon","coordinates":[[[-69.998,12.193],[-70.006,12.192],[-70.014,12.194],[-70.023,12.194],[-70.03,12.188],[-70.038,12.185],[-70.046,12.181],[-70.054,12.178],[-70.06,12.172],[-70.068,12.171],[-70.072,12.163],[-70.079,12.159],[-70.087,12.154],[-70.094,12.15],[-70.101,12.145],[-70.109,12.139],[-70.116,12.134],[-70.121,12.127],[-70.126,12.12],[-70.133,12.116],[-70.141,12.11],[-70.148,12.105],[-70.157,12.102],[-70.166,12.102],[-70.174,12.1],[-70.182,12.102],[-70.19,12.103],[-70.199,12.102],[-70.207,12.098],[-70.214,12.092],[-70.217,12.084],[-70.213,12.077],[-70.209,12.07],[-70.211,12.062],[-70.215,12.055],[-70.217,12.046],[-70.221,12.039],[-70.231,12.027],[-70.236,12.02],[-70.24,12.012],[-70.245,12.001],[-70.249,11.994],[-70.253,11.987],[-70.258,11.98],[-70.259,11.972],[-70.257,11.964],[-70.262,11.955],[-70.27,11.945],[-70.272,11.936],[-70.277,11.929],[-70.283,11.923],[-70.285,11.913],[-70.289,11.906],[-70.291,11.898],[-70.292,11.89],[-70.291,11.881],[-70.289,11.873],[-70.293,11.865],[-70.299,11.857],[-70.292,11.861],[-70.284,11.858],[-70.28,11.85],[-70.282,11.839],[-70.28,11.83],[-70.277,11.822],[-70.279,11.814],[-70.273,11.82],[-70.264,11.82],[-70.258,11.811],[-70.256,11.802],[-70.254,11.794],[-70.25,11.787],[-70.247,11.779],[-70.242,11.772],[-70.239,11.763],[-70.239,11.771],[-70.235,11.778],[-70.227,11.781],[-70.219,11.778],[-70.212,11.774],[-70.207,11.767],[-70.205,11.759],[-70.207,11.751],[-70.208,11.743],[-70.201,11.738],[-70.202,11.73],[-70.209,11.726],[-70.212,11.734],[-70.218,11.728],[-70.225,11.732],[-70.227,11.74],[-70.235,11.738],[-70.229,11.732],[-70.225,11.725],[-70.222,11.714],[-70.215,11.719],[-70.211,11.712],[-70.21,11.704],[-70.214,11.697],[-70.222,11.698],[-70.218,11.691],[-70.218,11.683],[-70.215,11.675],[-70.215,11.667],[-70.222,11.662],[-70.226,11.654],[-70.23,11.645],[-70.234,11.638],[-70.236,11.63],[-70.232,11.623],[-70.226,11.617],[-70.225,11.609],[-70.216,11.606],[-70.207,11.604],[-70.198,11.603],[-70.189,11.606],[-70.18,11.607],[-70.172,11.609],[-70.164,11.612],[-70.155,11.613],[-70.147,11.616],[-70.139,11.617],[-70.13,11.617],[-70.122,11.618],[-70.113,11.619],[-70.105,11.622],[-70.094,11.625],[-70.086,11.628],[-70.078,11.63],[-70.07,11.633],[-70.062,11.635],[-70.054,11.637],[-70.046,11.64],[-70.037,11.641],[-70.029,11.645],[-70.021,11.646],[-70.013,11.649],[-70.006,11.653],[-69.999,11.657],[-69.99,11.657],[-69.982,11.658],[-69.974,11.661],[-69.965,11.661],[-69.958,11.666],[-69.949,11.667],[-69.942,11.671],[-69.934,11.664],[-69.942,11.661],[-69.937,11.654],[-69.929,11.652],[-69.92,11.651],[-69.915,11.659],[-69.906,11.662],[-69.9,11.668],[-69.893,11.673],[-69.897,11.666],[-69.888,11.667],[-69.88,11.666],[-69.872,11.665],[-69.864,11.67],[-69.865,11.678],[-69.856,11.683],[-69.848,11.686],[-69.841,11.692],[-69.833,11.689],[-69.829,11.682],[-69.822,11.677],[-69.815,11.682],[-69.81,11.69],[-69.801,11.689],[-69.799,11.681],[-69.798,11.672],[-69.793,11.663],[-69.79,11.655],[-69.784,11.649],[-69.78,11.64],[-69.778,11.631],[-69.775,11.623],[-69.771,11.615],[-69.766,11.607],[-69.764,11.599],[-69.761,11.59],[-69.762,11.581],[-69.766,11.574],[-69.762,11.566],[-69.754,11.561],[-69.751,11.552],[-69.753,11.543],[-69.75,11.535],[-69.744,11.529],[-69.741,11.521],[-69.736,11.514],[-69.728,11.511],[-69.732,11.504],[-69.734,11.496],[-69.726,11.495],[-69.728,11.486],[-69.736,11.484],[-69.738,11.474],[-69.745,11.47],[-69.751,11.462],[-69.759,11.46],[-69.767,11.456],[-69.775,11.45],[-69.782,11.446],[-69.788,11.44],[-69.785,11.432],[-69.792,11.426],[-69.8,11.427],[-69.808,11.423],[-69.816,11.42],[-69.825,11.423],[-69.833,11.424],[-69.842,11.424],[-69.854,11.428],[-69.862,11.429],[-69.872,11.432],[-69.881,11.438],[-69.889,11.444],[-69.894,11.451],[-69.897,11.46],[-69.895,11.471],[-69.893,11.482],[-69.889,11.489],[-69.888,11.499],[-69.893,11.508],[-69.9,11.503],[-69.907,11.497],[-69.916,11.494],[-69.916,11.502],[-69.923,11.506],[-69.932,11.501],[-69.935,11.493],[-69.944,11.491],[-69.953,11.487],[-69.961,11.486],[-69.969,11.489],[-69.98,11.491],[-69.985,11.498],[-69.99,11.508],[-69.997,11.513],[-70.004,11.517],[-70.012,11.516],[-70.02,11.515],[-70.028,11.512],[-70.038,11.511],[-70.047,11.511],[-70.054,11.515],[-70.062,11.52],[-70.068,11.526],[-70.076,11.532],[-70.086,11.536],[-70.094,11.539],[-70.103,11.544],[-70.11,11.549],[-70.117,11.555],[-70.125,11.561],[-70.133,11.565],[-70.132,11.557],[-70.125,11.553],[-70.117,11.549],[-70.113,11.542],[-70.105,11.541],[-70.098,11.537],[-70.091,11.532],[-70.082,11.532],[-70.09,11.529],[-70.1,11.529],[-70.108,11.53],[-70.116,11.531],[-70.118,11.523],[-70.112,11.517],[-70.104,11.519],[-70.095,11.518],[-70.087,11.52],[-70.079,11.521],[-70.085,11.515],[-70.077,11.516],[-70.069,11.52],[-70.075,11.513],[-70.08,11.506],[-70.072,11.511],[-70.064,11.513],[-70.055,11.513],[-70.047,11.51],[-70.047,11.501],[-70.048,11.493],[-70.04,11.492],[-70.032,11.492],[-70.024,11.488],[-70.02,11.481],[-70.018,11.473],[-70.027,11.472],[-70.034,11.477],[-70.042,11.474],[-70.049,11.478],[-70.054,11.471],[-70.046,11.47],[-70.038,11.469],[-70.036,11.461],[-70.036,11.453],[-70.042,11.447],[-70.046,11.439],[-70.055,11.442],[-70.061,11.449],[-70.069,11.451],[-70.077,11.45],[-70.085,11.449],[-70.083,11.441],[-70.087,11.434],[-70.094,11.427],[-70.103,11.428],[-70.109,11.434],[-70.118,11.444],[-70.127,11.454],[-70.133,11.463],[-70.14,11.467],[-70.149,11.469],[-70.158,11.469],[-70.166,11.467],[-70.157,11.468],[-70.149,11.467],[-70.141,11.466],[-70.143,11.458],[-70.137,11.452],[-70.144,11.448],[-70.146,11.44],[-70.138,11.441],[-70.143,11.434],[-70.149,11.428],[-70.146,11.42],[-70.149,11.412],[-70.156,11.407],[-70.164,11.406],[-70.164,11.398],[-70.167,11.39],[-70.169,11.382],[-70.176,11.378],[-70.181,11.37],[-70.183,11.362],[-70.191,11.36],[-70.204,11.356],[-70.212,11.351],[-70.221,11.348],[-70.23,11.345],[-70.239,11.342],[-70.248,11.341],[-70.257,11.345],[-70.266,11.349],[-70.275,11.352],[-70.283,11.35],[-70.29,11.343],[-70.3,11.338],[-70.307,11.334],[-70.313,11.328],[-70.319,11.322],[-70.328,11.323],[-70.337,11.317],[-70.345,11.315],[-70.353,11.313],[-70.362,11.308],[-70.371,11.308],[-70.38,11.307],[-70.388,11.305],[-70.396,11.3],[-70.401,11.293],[-70.409,11.29],[-70.417,11.283],[-70.425,11.28],[-70.435,11.278],[-70.443,11.279],[-70.454,11.282],[-70.462,11.285],[-70.471,11.283],[-70.478,11.287],[-70.486,11.286],[-70.493,11.279],[-70.502,11.273],[-70.51,11.268],[-70.514,11.261],[-70.513,11.25],[-70.512,11.258],[-70.513,11.249],[-70.507,11.263],[-70.501,11.269],[-70.494,11.275],[-70.487,11.28],[-70.493,11.273],[-70.497,11.266],[-70.49,11.272],[-70.483,11.276],[-70.486,11.268],[-70.494,11.264],[-70.498,11.257],[-70.504,11.25],[-70.51,11.242],[-70.519,11.235],[-70.532,11.231],[-70.54,11.23],[-70.551,11.229],[-70.563,11.23],[-70.574,11.232],[-70.584,11.233],[-70.592,11.23],[-70.601,11.226],[-70.61,11.224],[-70.621,11.224],[-70.629,11.224],[-70.639,11.225],[-70.649,11.228],[-70.66,11.23],[-70.671,11.228],[-70.679,11.227],[-70.689,11.228],[-70.701,11.225],[-70.713,11.226],[-70.724,11.222],[-70.731,11.218],[-70.741,11.216],[-70.754,11.214],[-70.764,11.209],[-70.775,11.204],[-70.784,11.202],[-70.796,11.202],[-70.807,11.2],[-70.82,11.197],[-70.829,11.196],[-70.837,11.197],[-70.846,11.194],[-70.853,11.189],[-70.862,11.186],[-70.872,11.18],[-70.881,11.175],[-70.89,11.17],[-70.9,11.164],[-70.907,11.16],[-70.914,11.156],[-70.923,11.15],[-70.931,11.146],[-70.941,11.138],[-70.947,11.131],[-70.956,11.128],[-70.965,11.124],[-70.976,11.119],[-70.984,11.116],[-70.993,11.111],[-71.004,11.107],[-71.014,11.1],[-71.024,11.095],[-71.031,11.091],[-71.042,11.085],[-71.051,11.079],[-71.06,11.076],[-71.067,11.072],[-71.075,11.064],[-71.086,11.057],[-71.097,11.054],[-71.105,11.051],[-71.118,11.046],[-71.129,11.041],[-71.139,11.035],[-71.145,11.028],[-71.161,11.02],[-71.171,11.016],[-71.182,11.011],[-71.193,11.006],[-71.203,11.004],[-71.211,11.002],[-71.221,10.997],[-71.228,10.992],[-71.237,10.99],[-71.247,10.987],[-71.255,10.985],[-71.265,10.982],[-71.273,10.98],[-71.281,10.979],[-71.294,10.975],[-71.305,10.971],[-71.315,10.963],[-71.306,10.963],[-71.298,10.965],[-71.29,10.969],[-71.282,10.967],[-71.275,10.972],[-71.269,10.966],[-71.272,10.958],[-71.268,10.951],[-71.262,10.945],[-71.254,10.943],[-71.246,10.942],[-71.238,10.938],[-71.23,10.936],[-71.222,10.933],[-71.223,10.923],[-71.218,10.916],[-71.217,10.908],[-71.215,10.9],[-71.21,10.893],[-71.207,10.885],[-71.203,10.878],[-71.198,10.871],[-71.201,10.863],[-71.197,10.856],[-71.194,10.848],[-71.189,10.841],[-71.185,10.834],[-71.178,10.828],[-71.171,10.823],[-71.164,10.818],[-71.156,10.815],[-71.149,10.809],[-71.141,10.81],[-71.133,10.805],[-71.13,10.797],[-71.123,10.791],[-71.117,10.785],[-71.11,10.781],[-71.103,10.777],[-71.097,10.771],[-71.098,10.763],[-71.097,10.755],[-71.101,10.747],[-71.095,10.741],[-71.096,10.733],[-71.093,10.725],[-71.093,10.716],[-71.096,10.708],[-71.09,10.702],[-71.089,10.694],[-71.097,10.691],[-71.096,10.683],[-71.092,10.676],[-71.088,10.668],[-71.083,10.661],[-71.083,10.652],[-71.081,10.644],[-71.085,10.637],[-71.086,10.629],[-71.084,10.621],[-71.077,10.617],[-71.073,10.61],[-71.066,10.605],[-71.057,10.605],[-71.052,10.598],[-71.048,10.59],[-71.047,10.582],[-71.04,10.578],[-71.032,10.575],[-71.025,10.57],[-71.028,10.562],[-71.023,10.555],[-71.02,10.547],[-71.022,10.538],[-71.02,10.53],[-71.018,10.522],[-71.02,10.514],[-71.015,10.506],[-71.007,10.507],[-70.999,10.511],[-70.991,10.507],[-70.986,10.5],[-70.978,10.502],[-70.971,10.498],[-70.969,10.49],[-70.963,10.484],[-70.957,10.478],[-70.958,10.47],[-70.951,10.466],[-70.943,10.468],[-70.929,10.467],[-70.919,10.467],[-70.909,10.465],[-70.901,10.466],[-70.894,10.462],[-70.887,10.458],[-70.884,10.45],[-70.874,10.45],[-70.867,10.454],[-70.863,10.461],[-70.855,10.459],[-70.848,10.455],[-70.839,10.459],[-70.83,10.463],[-70.822,10.464],[-70.812,10.466],[-70.805,10.471],[-70.798,10.465],[-70.796,10.457],[-70.792,10.448],[-70.787,10.44],[-70.783,10.432],[-70.778,10.425],[-70.774,10.417],[-70.771,10.408],[-70.762,10.4],[-70.758,10.392],[-70.758,10.381],[-70.76,10.373],[-70.766,10.367],[-70.767,10.359],[-70.761,10.352],[-70.761,10.342],[-70.763,10.334],[-70.758,10.326],[-70.748,10.324],[-70.739,10.318],[-70.733,10.309],[-70.725,10.304],[-70.715,10.303],[-70.703,10.304],[-70.692,10.301],[-70.681,10.301],[-70.67,10.311],[-70.662,10.317],[-70.654,10.316],[-70.646,10.322],[-70.624,10.33],[-70.604,10.329],[-70.581,10.323],[-70.569,10.327],[-70.56,10.34],[-70.554,10.347],[-70.554,10.355],[-70.544,10.365],[-70.536,10.398],[-70.538,10.408],[-70.527,10.423],[-70.524,10.436],[-70.514,10.446],[-70.502,10.453],[-70.493,10.462],[-70.482,10.459],[-70.473,10.465],[-70.462,10.469],[-70.455,10.462],[-70.435,10.452],[-70.427,10.457],[-70.421,10.463],[-70.414,10.473],[-70.403,10.478],[-70.398,10.486],[-70.397,10.497],[-70.391,10.509],[-70.396,10.522],[-70.386,10.532],[-70.376,10.534],[-70.372,10.542],[-70.364,10.544],[-70.356,10.546],[-70.347,10.546],[-70.341,10.552],[-70.341,10.561],[-70.334,10.566],[-70.326,10.569],[-70.321,10.576],[-70.313,10.581],[-70.31,10.573],[-70.302,10.57],[-70.294,10.569],[-70.287,10.565],[-70.279,10.563],[-70.268,10.565],[-70.261,10.57],[-70.253,10.573],[-70.247,10.579],[-70.241,10.588],[-70.231,10.588],[-70.224,10.593],[-70.216,10.595],[-70.209,10.6],[-70.202,10.606],[-70.193,10.609],[-70.185,10.612],[-70.178,10.616],[-70.182,10.625],[-70.178,10.633],[-70.177,10.643],[-70.169,10.646],[-70.161,10.65],[-70.155,10.656],[-70.147,10.658],[-70.138,10.663],[-70.13,10.66],[-70.123,10.655],[-70.116,10.651],[-70.108,10.653],[-70.1,10.655],[-70.091,10.655],[-70.082,10.649],[-70.078,10.641],[-70.07,10.639],[-70.062,10.64],[-70.053,10.643],[-70.047,10.651],[-70.039,10.655],[-70.03,10.657],[-70.019,10.664],[-70.015,10.672],[-70.007,10.674],[-69.998,10.674],[-69.99,10.678],[-69.982,10.681],[-69.976,10.688],[-69.965,10.696],[-69.954,10.7],[-69.944,10.69],[-69.936,10.688],[-69.928,10.693],[-69.92,10.689],[-69.911,10.695],[-69.894,10.704],[-69.886,10.705],[-69.878,10.707],[-69.87,10.709],[-69.866,10.717],[-69.861,10.726],[-69.853,10.732],[-69.843,10.731],[-69.834,10.734],[-69.826,10.738],[-69.819,10.743],[-69.811,10.732],[-69.819,10.728],[-69.827,10.72],[-69.829,10.711],[-69.822,10.704],[-69.814,10.705],[-69.804,10.711],[-69.795,10.712],[-69.786,10.715],[-69.781,10.722],[-69.774,10.726],[-69.766,10.732],[-69.758,10.734],[-69.75,10.739],[-69.74,10.743],[-69.732,10.745],[-69.723,10.745],[-69.692,10.72],[-69.683,10.721],[-69.674,10.726],[-69.664,10.733],[-69.653,10.738],[-69.644,10.738],[-69.623,10.728],[-69.615,10.729],[-69.604,10.731],[-69.596,10.73],[-69.588,10.729],[-69.578,10.733],[-69.567,10.73],[-69.559,10.735],[-69.55,10.74],[-69.541,10.743],[-69.533,10.742],[-69.524,10.741],[-69.516,10.742],[-69.518,10.733],[-69.518,10.725],[-69.522,10.717],[-69.52,10.709],[-69.518,10.698],[-69.515,10.69],[-69.506,10.694],[-69.497,10.694],[-69.489,10.691],[-69.481,10.691],[-69.473,10.69],[-69.463,10.69],[-69.457,10.696],[-69.448,10.699],[-69.439,10.699],[-69.431,10.701],[-69.423,10.7],[-69.415,10.703],[-69.408,10.708],[-69.4,10.71],[-69.393,10.704],[-69.384,10.705],[-69.38,10.712],[-69.373,10.705],[-69.365,10.705],[-69.356,10.702],[-69.348,10.703],[-69.34,10.702],[-69.333,10.697],[-69.327,10.703],[-69.32,10.698],[-69.312,10.699],[-69.304,10.701],[-69.295,10.7],[-69.287,10.699],[-69.279,10.698],[-69.27,10.699],[-69.261,10.699],[-69.253,10.695],[-69.245,10.694],[-69.237,10.694],[-69.229,10.695],[-69.222,10.7],[-69.214,10.702],[-69.213,10.694],[-69.206,10.698],[-69.2,10.692],[-69.192,10.692],[-69.184,10.693],[-69.178,10.687],[-69.173,10.694],[-69.168,10.687],[-69.16,10.685],[-69.152,10.686],[-69.144,10.683],[-69.137,10.687],[-69.133,10.679],[-69.127,10.685],[-69.118,10.681],[-69.11,10.682],[-69.102,10.681],[-69.095,10.685],[-69.087,10.683],[-69.085,10.674],[-69.084,10.666],[-69.075,10.661],[-69.069,10.667],[-69.063,10.673],[-69.055,10.677],[-69.047,10.68],[-69.039,10.683],[-69.031,10.686],[-69.024,10.69],[-69.016,10.692],[-69.009,10.697],[-69.002,10.693],[-68.994,10.697],[-68.982,10.697],[-68.972,10.694],[-68.964,10.693],[-68.961,10.701],[-68.953,10.699],[-68.946,10.703],[-68.94,10.697],[-68.932,10.694],[-68.922,10.694],[-68.913,10.694],[-68.905,10.695],[-68.899,10.688],[-68.895,10.681],[-68.891,10.674],[-68.891,10.665],[-68.89,10.657],[-68.882,10.65],[-68.874,10.65],[-68.865,10.65],[-68.854,10.65],[-68.843,10.65],[-68.839,10.657],[-68.832,10.664],[-68.826,10.672],[-68.822,10.679],[-68.816,10.685],[-68.81,10.692],[-68.801,10.693],[-68.793,10.694],[-68.793,10.703],[-68.783,10.706],[-68.779,10.714],[-68.778,10.722],[-68.77,10.727],[-68.762,10.725],[-68.754,10.723],[-68.746,10.722],[-68.737,10.723],[-68.727,10.726],[-68.719,10.728],[-68.711,10.727],[-68.703,10.728],[-68.695,10.725],[-68.688,10.731],[-68.679,10.731],[-68.673,10.725],[-68.665,10.728],[-68.657,10.732],[-68.653,10.739],[-68.647,10.745],[-68.644,10.753],[-68.638,10.759],[-68.631,10.766],[-68.624,10.771],[-68.622,10.758],[-68.631,10.714],[-68.649,10.631],[-68.652,10.619],[-68.629,10.612],[-68.621,10.613],[-68.615,10.606],[-68.607,10.605],[-68.6,10.601],[-68.593,10.605],[-68.586,10.6],[-68.578,10.602],[-68.57,10.6],[-68.562,10.604],[-68.552,10.601],[-68.544,10.598],[-68.536,10.599],[-68.528,10.597],[-68.52,10.597],[-68.384,10.588],[-68.347,10.585],[-68.284,10.581],[-68.269,10.58],[-68.249,10.579],[-68.242,10.584],[-68.236,10.578],[-68.241,10.585],[-68.246,10.592],[-68.252,10.6],[-68.258,10.608],[-68.262,10.615],[-68.266,10.622],[-68.271,10.629],[-68.275,10.636],[-68.279,10.643],[-68.283,10.651],[-68.286,10.659],[-68.289,10.667],[-68.293,10.674],[-68.296,10.683],[-68.299,10.692],[-68.303,10.703],[-68.307,10.712],[-68.31,10.723],[-68.314,10.732],[-68.318,10.743],[-68.32,10.751],[-68.323,10.759],[-68.324,10.769],[-68.324,10.779],[-68.321,10.787],[-68.313,10.793],[-68.32,10.799],[-68.324,10.807],[-68.324,10.819],[-68.313,10.817],[-68.304,10.816],[-68.306,10.826],[-68.315,10.827],[-68.325,10.832],[-68.317,10.835],[-68.31,10.831],[-68.303,10.827],[-68.297,10.821],[-68.293,10.829],[-68.299,10.837],[-68.307,10.841],[-68.315,10.844],[-68.321,10.85],[-68.317,10.857],[-68.313,10.85],[-68.304,10.847],[-68.309,10.855],[-68.303,10.849],[-68.296,10.843],[-68.287,10.845],[-68.296,10.847],[-68.303,10.854],[-68.295,10.858],[-68.286,10.857],[-68.278,10.856],[-68.28,10.848],[-68.272,10.847],[-68.266,10.853],[-68.258,10.851],[-68.251,10.855],[-68.244,10.851],[-68.236,10.852],[-68.227,10.853],[-68.219,10.857],[-68.22,10.865],[-68.229,10.864],[-68.226,10.872],[-68.227,10.881],[-68.233,10.887],[-68.241,10.89],[-68.245,10.898],[-68.251,10.905],[-68.247,10.913],[-68.253,10.919],[-68.253,10.911],[-68.254,10.901],[-68.259,10.894],[-68.268,10.896],[-68.278,10.898],[-68.287,10.901],[-68.296,10.904],[-68.304,10.906],[-68.312,10.909],[-68.319,10.913],[-68.327,10.914],[-68.335,10.911],[-68.343,10.908],[-68.351,10.907],[-68.355,10.914],[-68.362,10.918],[-68.364,10.926],[-68.356,10.932],[-68.347,10.931],[-68.339,10.933],[-68.33,10.932],[-68.322,10.936],[-68.314,10.934],[-68.306,10.931],[-68.298,10.929],[-68.29,10.926],[-68.288,10.918],[-68.296,10.917],[-68.288,10.912],[-68.282,10.906],[-68.273,10.903],[-68.265,10.905],[-68.271,10.911],[-68.275,10.919],[-68.269,10.925],[-68.27,10.934],[-68.277,10.94],[-68.283,10.947],[-68.289,10.957],[-68.296,10.966],[-68.302,10.975],[-68.308,10.983],[-68.313,10.992],[-68.317,11.003],[-68.322,11.013],[-68.326,11.022],[-68.331,11.036],[-68.335,11.047],[-68.339,11.058],[-68.343,11.066],[-68.347,11.074],[-68.353,11.082],[-68.361,11.093],[-68.367,11.102],[-68.373,11.11],[-68.377,11.118],[-68.383,11.13],[-68.387,11.137],[-68.392,11.144],[-68.393,11.154],[-68.388,11.161],[-68.38,11.16],[-68.386,11.167],[-68.392,11.175],[-68.398,11.181],[-68.404,11.187],[-68.408,11.18],[-68.414,11.173],[-68.423,11.172],[-68.432,11.173],[-68.441,11.174],[-68.449,11.176],[-68.456,11.182],[-68.462,11.188],[-68.468,11.194],[-68.475,11.2],[-68.482,11.204],[-68.488,11.211],[-68.494,11.217],[-68.499,11.224],[-68.505,11.23],[-68.509,11.237],[-68.513,11.245],[-68.518,11.252],[-68.526,11.258],[-68.532,11.265],[-68.54,11.268],[-68.548,11.267],[-68.555,11.272],[-68.563,11.274],[-68.571,11.273],[-68.58,11.275],[-68.588,11.277],[-68.595,11.282],[-68.603,11.283],[-68.61,11.289],[-68.616,11.296],[-68.625,11.306],[-68.632,11.314],[-68.637,11.321],[-68.644,11.328],[-68.65,11.335],[-68.656,11.342],[-68.664,11.348],[-68.672,11.347],[-68.679,11.351],[-68.687,11.354],[-68.691,11.346],[-68.698,11.341],[-68.707,11.341],[-68.715,11.344],[-68.723,11.348],[-68.73,11.353],[-68.743,11.364],[-68.752,11.366],[-68.759,11.371],[-68.767,11.374],[-68.776,11.384],[-68.783,11.39],[-68.79,11.395],[-68.798,11.402],[-68.809,11.415],[-68.82,11.429],[-68.826,11.437],[-68.832,11.443],[-68.839,11.439],[-68.848,11.441],[-68.855,11.447],[-68.863,11.449],[-68.872,11.449],[-68.88,11.447],[-68.887,11.442],[-68.898,11.443],[-68.907,11.447],[-68.915,11.445],[-68.924,11.444],[-68.933,11.444],[-68.942,11.448],[-68.951,11.449],[-68.959,11.447],[-68.966,11.442],[-68.973,11.438],[-68.981,11.439],[-68.989,11.434],[-68.998,11.437],[-69.005,11.441],[-69.015,11.439],[-69.023,11.435],[-69.032,11.438],[-69.039,11.442],[-69.048,11.441],[-69.059,11.443],[-69.069,11.451],[-69.076,11.459],[-69.083,11.467],[-69.09,11.476],[-69.096,11.483],[-69.102,11.489],[-69.109,11.493],[-69.112,11.485],[-69.122,11.485],[-69.131,11.49],[-69.141,11.49],[-69.15,11.493],[-69.16,11.494],[-69.167,11.499],[-69.173,11.505],[-69.18,11.51],[-69.19,11.509],[-69.198,11.507],[-69.206,11.504],[-69.215,11.507],[-69.222,11.511],[-69.233,11.511],[-69.24,11.515],[-69.246,11.521],[-69.253,11.526],[-69.26,11.531],[-69.269,11.534],[-69.278,11.534],[-69.285,11.53],[-69.292,11.525],[-69.299,11.521],[-69.307,11.518],[-69.315,11.514],[-69.324,11.51],[-69.33,11.503],[-69.337,11.499],[-69.345,11.495],[-69.353,11.492],[-69.36,11.486],[-69.368,11.483],[-69.376,11.483],[-69.387,11.485],[-69.395,11.484],[-69.403,11.486],[-69.412,11.489],[-69.42,11.492],[-69.429,11.494],[-69.437,11.493],[-69.445,11.495],[-69.453,11.499],[-69.462,11.501],[-69.472,11.501],[-69.481,11.502],[-69.49,11.504],[-69.498,11.505],[-69.509,11.504],[-69.518,11.505],[-69.528,11.502],[-69.535,11.497],[-69.542,11.492],[-69.55,11.487],[-69.559,11.481],[-69.567,11.472],[-69.57,11.463],[-69.575,11.456],[-69.586,11.455],[-69.594,11.456],[-69.605,11.459],[-69.613,11.462],[-69.624,11.468],[-69.634,11.475],[-69.641,11.482],[-69.653,11.494],[-69.673,11.521],[-69.686,11.539],[-69.716,11.589],[-69.72,11.599],[-69.725,11.611],[-69.73,11.621],[-69.733,11.63],[-69.738,11.642],[-69.743,11.653],[-69.747,11.664],[-69.752,11.674],[-69.755,11.684],[-69.759,11.695],[-69.762,11.703],[-69.765,11.711],[-69.768,11.719],[-69.771,11.729],[-69.774,11.738],[-69.779,11.75],[-69.782,11.758],[-69.785,11.766],[-69.788,11.774],[-69.791,11.786],[-69.794,11.796],[-69.797,11.807],[-69.8,11.819],[-69.801,11.828],[-69.803,11.837],[-69.805,11.847],[-69.807,11.856],[-69.809,11.864],[-69.811,11.875],[-69.814,11.89],[-69.814,11.9],[-69.814,11.911],[-69.812,11.92],[-69.809,11.931],[-69.805,11.939],[-69.796,11.936],[-69.799,11.944],[-69.807,11.943],[-69.813,11.951],[-69.817,11.96],[-69.819,11.968],[-69.82,11.977],[-69.82,11.986],[-69.822,11.994],[-69.823,12.002],[-69.83,12.006],[-69.833,12.014],[-69.836,12.022],[-69.837,12.03],[-69.844,12.036],[-69.85,12.044],[-69.851,12.053],[-69.856,12.06],[-69.858,12.068],[-69.863,12.075],[-69.867,12.082],[-69.876,12.086],[-69.877,12.094],[-69.883,12.101],[-69.884,12.111],[-69.887,12.119],[-69.891,12.127],[-69.893,12.135],[-69.898,12.142],[-69.905,12.148],[-69.912,12.154],[-69.92,12.16],[-69.927,12.166],[-69.934,12.172],[-69.942,12.173],[-69.951,12.175],[-69.96,12.175],[-69.968,12.173],[-69.976,12.176],[-69.984,12.18],[-69.991,12.185],[-69.996,12.19],[-69.998,12.193]]]}},{"type":"Feature","id":12,"properties":{"adm1_name":"Guárico","adm1_pcode":"VE12","source_id":12},"geometry":{"type":"Polygon","coordinates":[[[-66.378,10.039],[-66.386,10.041],[-66.397,10.037],[-66.407,10.039],[-66.417,10.035],[-66.427,10.032],[-66.434,10.028],[-66.433,10.02],[-66.441,10.016],[-66.449,10.013],[-66.46,10.013],[-66.47,10.02],[-66.478,10.021],[-66.486,10.019],[-66.488,10.011],[-66.489,10.002],[-66.492,9.992],[-66.499,9.987],[-66.507,9.981],[-66.52,9.98],[-66.528,9.976],[-66.536,9.973],[-66.543,9.967],[-66.553,9.971],[-66.561,9.978],[-66.571,9.977],[-66.58,9.981],[-66.588,9.982],[-66.596,9.976],[-66.606,9.976],[-66.613,9.972],[-66.612,9.964],[-66.61,9.956],[-66.604,9.949],[-66.604,9.94],[-66.604,9.931],[-66.607,9.923],[-66.604,9.915],[-66.601,9.907],[-66.601,9.899],[-66.595,9.892],[-66.601,9.886],[-66.6,9.878],[-66.599,9.87],[-66.601,9.862],[-66.597,9.855],[-66.593,9.848],[-66.586,9.843],[-66.578,9.841],[-66.579,9.833],[-66.587,9.829],[-66.594,9.825],[-66.598,9.818],[-66.593,9.811],[-66.585,9.807],[-66.593,9.804],[-66.601,9.802],[-66.604,9.793],[-66.599,9.786],[-66.604,9.779],[-66.611,9.774],[-66.618,9.78],[-66.623,9.773],[-66.625,9.765],[-66.62,9.758],[-66.627,9.754],[-66.625,9.746],[-66.627,9.738],[-66.621,9.732],[-66.627,9.725],[-66.631,9.718],[-66.623,9.715],[-66.616,9.709],[-66.608,9.706],[-66.602,9.699],[-66.596,9.692],[-66.588,9.687],[-66.581,9.682],[-66.574,9.677],[-66.574,9.668],[-66.567,9.664],[-66.559,9.662],[-66.557,9.653],[-66.556,9.645],[-66.551,9.638],[-66.551,9.628],[-66.554,9.62],[-66.547,9.616],[-66.552,9.609],[-66.553,9.6],[-66.558,9.593],[-66.564,9.586],[-66.569,9.578],[-66.568,9.57],[-66.572,9.563],[-66.57,9.554],[-66.571,9.546],[-66.578,9.542],[-66.585,9.536],[-66.584,9.528],[-66.581,9.52],[-66.576,9.512],[-66.571,9.505],[-66.564,9.498],[-66.558,9.492],[-66.558,9.484],[-66.564,9.477],[-66.563,9.468],[-66.568,9.46],[-66.569,9.452],[-66.573,9.444],[-66.577,9.436],[-66.576,9.427],[-66.58,9.418],[-66.586,9.412],[-66.584,9.404],[-66.589,9.397],[-66.592,9.389],[-66.596,9.381],[-66.604,9.376],[-66.605,9.367],[-66.609,9.36],[-66.616,9.356],[-66.622,9.35],[-66.63,9.347],[-66.633,9.339],[-66.637,9.332],[-66.64,9.324],[-66.641,9.316],[-66.647,9.31],[-66.652,9.303],[-66.654,9.295],[-66.661,9.29],[-66.668,9.284],[-66.674,9.278],[-66.679,9.271],[-66.683,9.264],[-66.698,9.255],[-66.707,9.252],[-66.713,9.258],[-66.72,9.267],[-66.728,9.273],[-66.736,9.284],[-66.742,9.29],[-66.751,9.298],[-66.766,9.299],[-66.777,9.295],[-66.786,9.299],[-66.816,9.314],[-66.834,9.329],[-66.837,9.339],[-66.851,9.344],[-66.861,9.337],[-66.893,9.337],[-66.918,9.365],[-66.983,9.436],[-66.992,9.423],[-67.0,9.412],[-67.009,9.413],[-67.011,9.421],[-67.01,9.43],[-67.016,9.437],[-67.009,9.441],[-67.01,9.449],[-67.0,9.452],[-67.003,9.461],[-67.002,9.469],[-66.994,9.471],[-66.988,9.477],[-66.983,9.484],[-66.981,9.493],[-66.98,9.501],[-66.986,9.507],[-66.978,9.51],[-66.969,9.513],[-66.969,9.522],[-66.961,9.52],[-66.956,9.528],[-66.947,9.532],[-66.947,9.541],[-66.94,9.537],[-66.932,9.539],[-66.924,9.538],[-66.916,9.537],[-66.908,9.539],[-66.9,9.538],[-66.892,9.538],[-66.887,9.545],[-66.881,9.551],[-66.876,9.558],[-66.872,9.566],[-66.869,9.574],[-66.865,9.581],[-66.86,9.588],[-66.859,9.596],[-66.852,9.6],[-66.847,9.607],[-66.845,9.615],[-66.845,9.625],[-66.847,9.633],[-66.85,9.642],[-66.848,9.65],[-66.846,9.659],[-66.854,9.666],[-66.862,9.669],[-66.87,9.675],[-66.877,9.679],[-66.885,9.679],[-66.893,9.677],[-66.904,9.678],[-66.912,9.682],[-66.92,9.687],[-66.929,9.687],[-66.938,9.685],[-66.944,9.693],[-66.953,9.694],[-66.963,9.694],[-66.961,9.706],[-66.96,9.714],[-66.959,9.723],[-66.965,9.73],[-66.966,9.739],[-66.971,9.746],[-66.975,9.755],[-66.983,9.759],[-66.992,9.753],[-67.0,9.756],[-67.008,9.758],[-67.018,9.76],[-67.027,9.762],[-67.034,9.769],[-67.037,9.778],[-67.036,9.786],[-67.043,9.792],[-67.052,9.789],[-67.061,9.791],[-67.07,9.794],[-67.078,9.788],[-67.086,9.787],[-67.095,9.788],[-67.103,9.786],[-67.11,9.793],[-67.114,9.801],[-67.113,9.809],[-67.109,9.816],[-67.111,9.824],[-67.119,9.829],[-67.127,9.828],[-67.137,9.829],[-67.145,9.834],[-67.15,9.841],[-67.15,9.849],[-67.147,9.857],[-67.15,9.865],[-67.159,9.87],[-67.16,9.881],[-67.158,9.891],[-67.164,9.901],[-67.167,9.909],[-67.165,9.918],[-67.163,9.927],[-67.171,9.927],[-67.179,9.931],[-67.187,9.929],[-67.195,9.931],[-67.204,9.931],[-67.212,9.931],[-67.22,9.928],[-67.228,9.926],[-67.235,9.921],[-67.243,9.919],[-67.25,9.914],[-67.258,9.912],[-67.265,9.906],[-67.271,9.913],[-67.273,9.921],[-67.272,9.93],[-67.279,9.936],[-67.287,9.935],[-67.295,9.936],[-67.303,9.938],[-67.311,9.94],[-67.315,9.933],[-67.324,9.929],[-67.333,9.928],[-67.34,9.934],[-67.347,9.938],[-67.354,9.942],[-67.364,9.942],[-67.366,9.952],[-67.376,9.955],[-67.38,9.962],[-67.386,9.969],[-67.394,9.972],[-67.402,9.976],[-67.409,9.981],[-67.417,9.985],[-67.425,9.99],[-67.432,9.994],[-67.439,9.99],[-67.443,9.982],[-67.451,9.978],[-67.46,9.98],[-67.468,9.977],[-67.476,9.973],[-67.48,9.966],[-67.488,9.968],[-67.496,9.965],[-67.503,9.961],[-67.509,9.955],[-67.517,9.954],[-67.524,9.95],[-67.532,9.953],[-67.517,9.88],[-67.527,9.883],[-67.541,9.884],[-67.549,9.889],[-67.555,9.897],[-67.562,9.903],[-67.572,9.902],[-67.576,9.895],[-67.577,9.886],[-67.583,9.879],[-67.585,9.868],[-67.589,9.861],[-67.59,9.849],[-67.597,9.844],[-67.604,9.85],[-67.613,9.851],[-67.621,9.858],[-67.63,9.862],[-67.638,9.853],[-67.647,9.846],[-67.657,9.848],[-67.667,9.843],[-67.674,9.833],[-67.68,9.825],[-67.696,9.827],[-67.708,9.833],[-67.709,9.843],[-67.703,9.85],[-67.71,9.855],[-67.711,9.867],[-67.715,9.875],[-67.725,9.879],[-67.733,9.884],[-67.736,9.893],[-67.745,9.896],[-67.752,9.903],[-67.763,9.905],[-67.767,9.912],[-67.774,9.918],[-67.782,9.923],[-67.793,9.925],[-67.802,9.927],[-67.809,9.922],[-67.812,9.913],[-67.809,9.904],[-67.812,9.895],[-67.813,9.884],[-67.815,9.874],[-67.812,9.865],[-67.806,9.858],[-67.805,9.85],[-67.803,9.841],[-67.799,9.833],[-67.801,9.823],[-67.8,9.813],[-67.799,9.805],[-67.798,9.797],[-67.798,9.788],[-67.794,9.778],[-67.786,9.772],[-67.781,9.765],[-67.772,9.764],[-67.764,9.763],[-67.765,9.755],[-67.766,9.747],[-67.763,9.739],[-67.763,9.731],[-67.758,9.724],[-67.761,9.715],[-67.757,9.708],[-67.754,9.7],[-67.755,9.692],[-67.755,9.684],[-67.763,9.679],[-67.77,9.675],[-67.777,9.671],[-67.783,9.664],[-67.787,9.656],[-67.794,9.652],[-67.803,9.652],[-67.807,9.645],[-67.815,9.641],[-67.815,9.632],[-67.823,9.63],[-67.83,9.626],[-67.839,9.626],[-67.847,9.624],[-67.854,9.619],[-67.862,9.617],[-67.87,9.618],[-67.876,9.612],[-67.884,9.61],[-67.888,9.617],[-67.896,9.62],[-67.904,9.616],[-67.912,9.616],[-67.919,9.612],[-67.923,9.605],[-67.93,9.6],[-67.938,9.601],[-67.936,9.593],[-67.935,9.585],[-67.935,9.577],[-67.929,9.571],[-67.927,9.563],[-67.935,9.56],[-67.938,9.552],[-67.947,9.551],[-67.955,9.55],[-67.962,9.544],[-67.971,9.541],[-67.969,9.533],[-67.961,9.53],[-67.958,9.522],[-67.961,9.514],[-67.955,9.508],[-67.954,9.499],[-67.948,9.493],[-67.94,9.489],[-67.933,9.485],[-67.926,9.48],[-67.927,9.471],[-67.925,9.463],[-67.921,9.456],[-67.925,9.449],[-67.921,9.442],[-67.921,9.434],[-67.919,9.426],[-67.918,9.418],[-67.914,9.411],[-67.915,9.402],[-67.919,9.395],[-67.92,9.387],[-67.922,9.379],[-67.921,9.371],[-67.924,9.363],[-67.922,9.355],[-67.927,9.348],[-67.933,9.342],[-67.94,9.338],[-67.943,9.33],[-67.947,9.323],[-67.943,9.316],[-67.938,9.309],[-67.936,9.301],[-67.93,9.295],[-67.923,9.289],[-67.916,9.283],[-67.913,9.275],[-67.907,9.269],[-67.904,9.26],[-67.901,9.252],[-67.894,9.246],[-67.886,9.246],[-67.882,9.238],[-67.88,9.23],[-67.877,9.222],[-67.878,9.214],[-67.878,9.206],[-67.877,9.198],[-67.873,9.19],[-67.873,9.181],[-67.869,9.173],[-67.865,9.166],[-67.86,9.159],[-67.859,9.151],[-67.861,9.142],[-67.858,9.134],[-67.856,9.126],[-67.857,9.118],[-67.863,9.111],[-67.856,9.105],[-67.854,9.096],[-67.852,9.087],[-67.855,9.079],[-67.859,9.07],[-67.862,9.062],[-67.865,9.053],[-67.869,9.046],[-67.873,9.039],[-67.881,9.033],[-67.884,9.024],[-67.888,9.016],[-67.894,9.01],[-67.898,9.002],[-67.902,8.993],[-67.904,8.985],[-67.903,8.977],[-67.905,8.969],[-67.91,8.959],[-67.916,8.953],[-67.918,8.945],[-67.924,8.939],[-67.931,8.934],[-67.94,8.933],[-67.948,8.934],[-67.955,8.929],[-67.964,8.928],[-67.972,8.923],[-67.977,8.915],[-67.979,8.906],[-67.981,8.897],[-67.979,8.888],[-67.971,8.883],[-67.963,8.883],[-67.967,8.875],[-67.968,8.866],[-67.972,8.857],[-67.978,8.851],[-67.983,8.843],[-67.99,8.837],[-67.989,8.829],[-67.993,8.821],[-67.995,8.81],[-68.002,8.803],[-68.004,8.795],[-68.006,8.787],[-68.012,8.779],[-68.018,8.772],[-68.026,8.769],[-68.022,8.762],[-68.016,8.755],[-68.017,8.747],[-68.009,8.746],[-68.013,8.739],[-68.021,8.737],[-68.027,8.73],[-68.019,8.729],[-68.02,8.72],[-68.018,8.712],[-68.012,8.706],[-68.018,8.7],[-68.008,8.699],[-68.01,8.691],[-68.016,8.683],[-68.013,8.674],[-68.01,8.665],[-68.009,8.657],[-68.001,8.653],[-68.003,8.644],[-68.008,8.637],[-68.007,8.627],[-68.016,8.625],[-68.015,8.617],[-68.015,8.609],[-68.016,8.601],[-68.02,8.594],[-68.012,8.59],[-68.013,8.58],[-68.005,8.579],[-67.997,8.574],[-68.002,8.567],[-68.001,8.559],[-68.009,8.555],[-68.016,8.548],[-68.022,8.542],[-68.022,8.529],[-68.022,8.52],[-68.021,8.512],[-68.016,8.505],[-68.016,8.497],[-68.012,8.49],[-68.004,8.489],[-68.004,8.481],[-68.008,8.474],[-68.002,8.467],[-67.994,8.465],[-67.986,8.466],[-67.977,8.468],[-67.972,8.46],[-67.975,8.451],[-67.984,8.447],[-67.99,8.441],[-67.982,8.436],[-67.973,8.432],[-67.968,8.425],[-67.961,8.42],[-67.963,8.411],[-67.959,8.404],[-67.952,8.396],[-67.944,8.393],[-67.938,8.385],[-67.937,8.376],[-67.928,8.373],[-67.92,8.374],[-67.912,8.378],[-67.903,8.38],[-67.904,8.372],[-67.9,8.364],[-67.894,8.358],[-67.889,8.35],[-67.881,8.345],[-67.872,8.343],[-67.865,8.347],[-67.857,8.352],[-67.852,8.343],[-67.853,8.335],[-67.859,8.327],[-67.866,8.321],[-67.874,8.313],[-67.88,8.306],[-67.872,8.305],[-67.864,8.307],[-67.86,8.314],[-67.851,8.313],[-67.844,8.309],[-67.843,8.298],[-67.843,8.29],[-67.835,8.29],[-67.829,8.283],[-67.828,8.273],[-67.829,8.265],[-67.825,8.258],[-67.817,8.258],[-67.809,8.26],[-67.801,8.256],[-67.793,8.255],[-67.792,8.263],[-67.791,8.272],[-67.786,8.264],[-67.785,8.255],[-67.781,8.248],[-67.776,8.24],[-67.774,8.232],[-67.774,8.222],[-67.766,8.217],[-67.757,8.221],[-67.753,8.228],[-67.746,8.232],[-67.738,8.23],[-67.727,8.228],[-67.715,8.228],[-67.706,8.227],[-67.702,8.218],[-67.699,8.21],[-67.695,8.202],[-67.686,8.201],[-67.679,8.195],[-67.676,8.186],[-67.668,8.183],[-67.669,8.172],[-67.669,8.163],[-67.674,8.155],[-67.667,8.151],[-67.664,8.142],[-67.66,8.135],[-67.649,8.132],[-67.638,8.129],[-67.631,8.125],[-67.626,8.117],[-67.624,8.108],[-67.617,8.1],[-67.621,8.093],[-67.629,8.092],[-67.621,8.088],[-67.613,8.089],[-67.611,8.097],[-67.604,8.093],[-67.595,8.091],[-67.584,8.089],[-67.58,8.081],[-67.576,8.074],[-67.577,8.065],[-67.581,8.058],[-67.585,8.05],[-67.577,8.048],[-67.585,8.042],[-67.592,8.049],[-67.601,8.049],[-67.604,8.04],[-67.595,8.037],[-67.589,8.031],[-67.586,8.023],[-67.578,8.024],[-67.575,8.015],[-67.569,8.007],[-67.561,8.01],[-67.561,8.001],[-67.567,7.995],[-67.567,7.987],[-67.558,7.983],[-67.553,7.976],[-67.557,7.969],[-67.55,7.974],[-67.542,7.976],[-67.534,7.975],[-67.526,7.977],[-67.517,7.975],[-67.51,7.971],[-67.504,7.963],[-67.501,7.954],[-67.509,7.951],[-67.519,7.951],[-67.527,7.948],[-67.536,7.944],[-67.529,7.938],[-67.523,7.931],[-67.521,7.923],[-67.519,7.915],[-67.511,7.919],[-67.503,7.916],[-67.501,7.908],[-67.495,7.902],[-67.487,7.901],[-67.479,7.902],[-67.469,7.902],[-67.46,7.899],[-67.453,7.895],[-67.446,7.891],[-67.439,7.887],[-67.431,7.89],[-67.423,7.893],[-67.419,7.902],[-67.415,7.909],[-67.404,7.912],[-67.397,7.908],[-67.388,7.908],[-67.381,7.901],[-67.371,7.9],[-67.364,7.894],[-67.366,7.886],[-67.358,7.881],[-67.356,7.889],[-67.349,7.893],[-67.35,7.885],[-67.341,7.89],[-67.333,7.889],[-67.328,7.882],[-67.32,7.882],[-67.325,7.874],[-67.329,7.866],[-67.328,7.857],[-67.326,7.849],[-67.318,7.845],[-67.31,7.838],[-67.304,7.831],[-67.296,7.83],[-67.288,7.825],[-67.281,7.829],[-67.271,7.83],[-67.26,7.831],[-67.257,7.822],[-67.252,7.814],[-67.243,7.81],[-67.247,7.802],[-67.239,7.805],[-67.235,7.798],[-67.226,7.794],[-67.225,7.785],[-67.219,7.777],[-67.211,7.775],[-67.202,7.776],[-67.193,7.774],[-67.186,7.78],[-67.178,7.78],[-67.168,7.779],[-67.159,7.78],[-67.16,7.77],[-67.16,7.762],[-67.149,7.759],[-67.142,7.763],[-67.133,7.761],[-67.125,7.764],[-67.116,7.763],[-67.106,7.765],[-67.097,7.765],[-67.095,7.775],[-67.086,7.777],[-67.078,7.78],[-67.07,7.781],[-67.06,7.782],[-67.052,7.789],[-67.043,7.784],[-67.035,7.779],[-67.028,7.771],[-67.021,7.765],[-67.014,7.761],[-67.007,7.768],[-66.999,7.767],[-66.988,7.767],[-66.979,7.765],[-66.97,7.762],[-66.969,7.754],[-66.961,7.749],[-66.953,7.747],[-66.945,7.745],[-66.936,7.743],[-66.929,7.75],[-66.914,7.753],[-66.904,7.752],[-66.896,7.749],[-66.889,7.745],[-66.886,7.735],[-66.881,7.728],[-66.873,7.725],[-66.864,7.724],[-66.855,7.723],[-66.847,7.727],[-66.847,7.736],[-66.839,7.734],[-66.831,7.731],[-66.823,7.731],[-66.813,7.729],[-66.805,7.72],[-66.799,7.714],[-66.795,7.707],[-66.788,7.712],[-66.779,7.71],[-66.775,7.701],[-66.767,7.701],[-66.759,7.696],[-66.751,7.697],[-66.742,7.696],[-66.733,7.693],[-66.726,7.687],[-66.721,7.695],[-66.714,7.691],[-66.707,7.696],[-66.699,7.7],[-66.691,7.703],[-66.689,7.711],[-66.688,7.719],[-66.68,7.717],[-66.679,7.707],[-66.685,7.701],[-66.676,7.702],[-66.668,7.705],[-66.666,7.696],[-66.655,7.698],[-66.648,7.704],[-66.644,7.712],[-66.64,7.722],[-66.636,7.73],[-66.646,7.727],[-66.65,7.734],[-66.656,7.74],[-66.65,7.747],[-66.659,7.746],[-66.665,7.753],[-66.656,7.764],[-66.645,7.766],[-66.637,7.763],[-66.633,7.771],[-66.622,7.769],[-66.615,7.764],[-66.607,7.763],[-66.599,7.767],[-66.592,7.773],[-66.584,7.777],[-66.574,7.779],[-66.566,7.778],[-66.558,7.782],[-66.553,7.774],[-66.546,7.78],[-66.545,7.79],[-66.551,7.799],[-66.542,7.806],[-66.534,7.813],[-66.525,7.807],[-66.524,7.798],[-66.515,7.792],[-66.515,7.783],[-66.509,7.777],[-66.501,7.775],[-66.493,7.77],[-66.483,7.766],[-66.477,7.76],[-66.476,7.751],[-66.481,7.744],[-66.487,7.738],[-66.48,7.731],[-66.469,7.73],[-66.46,7.725],[-66.451,7.722],[-66.44,7.717],[-66.43,7.717],[-66.42,7.716],[-66.412,7.713],[-66.403,7.711],[-66.395,7.712],[-66.387,7.715],[-66.377,7.719],[-66.368,7.724],[-66.36,7.726],[-66.354,7.72],[-66.35,7.713],[-66.346,7.704],[-66.341,7.694],[-66.332,7.689],[-66.33,7.681],[-66.335,7.674],[-66.336,7.666],[-66.332,7.656],[-66.33,7.647],[-66.321,7.648],[-66.302,7.655],[-66.292,7.65],[-66.285,7.646],[-66.276,7.644],[-66.27,7.638],[-66.265,7.631],[-66.258,7.626],[-66.25,7.624],[-66.241,7.624],[-66.233,7.626],[-66.225,7.63],[-66.217,7.634],[-66.211,7.641],[-66.205,7.647],[-66.199,7.653],[-66.191,7.657],[-66.184,7.661],[-66.175,7.665],[-66.167,7.668],[-66.159,7.669],[-66.149,7.674],[-66.142,7.678],[-66.134,7.684],[-66.126,7.689],[-66.066,7.686],[-66.016,7.687],[-65.979,7.681],[-65.951,7.677],[-65.943,7.676],[-65.923,7.673],[-65.9,7.674],[-65.863,7.687],[-65.839,7.707],[-65.812,7.737],[-65.792,7.756],[-65.761,7.789],[-65.743,7.817],[-65.719,7.847],[-65.691,7.868],[-65.658,7.892],[-65.64,7.9],[-65.611,7.897],[-65.589,7.893],[-65.578,7.892],[-65.528,7.889],[-65.417,7.856],[-65.367,7.857],[-65.372,7.872],[-65.376,7.881],[-65.382,7.887],[-65.388,7.895],[-65.396,7.901],[-65.406,7.904],[-65.41,7.911],[-65.418,7.914],[-65.426,7.916],[-65.437,7.918],[-65.447,7.917],[-65.455,7.918],[-65.464,7.918],[-65.472,7.919],[-65.483,7.918],[-65.492,7.917],[-65.496,7.924],[-65.502,7.93],[-65.504,7.939],[-65.5,7.947],[-65.502,7.955],[-65.499,7.963],[-65.491,7.965],[-65.49,7.974],[-65.492,7.983],[-65.497,7.99],[-65.493,7.997],[-65.487,8.003],[-65.483,8.01],[-65.483,8.018],[-65.488,8.025],[-65.479,8.029],[-65.478,8.037],[-65.477,8.047],[-65.469,8.049],[-65.461,8.053],[-65.457,8.046],[-65.449,8.052],[-65.444,8.061],[-65.439,8.068],[-65.437,8.076],[-65.432,8.085],[-65.427,8.092],[-65.421,8.1],[-65.419,8.108],[-65.409,8.11],[-65.402,8.114],[-65.398,8.124],[-65.391,8.13],[-65.387,8.138],[-65.383,8.146],[-65.379,8.153],[-65.38,8.161],[-65.388,8.167],[-65.382,8.173],[-65.373,8.174],[-65.365,8.179],[-65.373,8.181],[-65.372,8.189],[-65.363,8.189],[-65.366,8.197],[-65.362,8.204],[-65.354,8.203],[-65.346,8.201],[-65.352,8.209],[-65.343,8.207],[-65.344,8.215],[-65.336,8.219],[-65.33,8.225],[-65.328,8.233],[-65.319,8.234],[-65.311,8.233],[-65.31,8.242],[-65.311,8.25],[-65.303,8.252],[-65.298,8.26],[-65.294,8.268],[-65.29,8.275],[-65.281,8.276],[-65.285,8.283],[-65.281,8.291],[-65.278,8.299],[-65.27,8.298],[-65.272,8.307],[-65.271,8.316],[-65.263,8.32],[-65.258,8.327],[-65.25,8.332],[-65.242,8.331],[-65.236,8.337],[-65.228,8.34],[-65.228,8.348],[-65.226,8.356],[-65.218,8.357],[-65.216,8.366],[-65.207,8.366],[-65.203,8.374],[-65.201,8.382],[-65.197,8.389],[-65.204,8.394],[-65.203,8.402],[-65.201,8.411],[-65.194,8.415],[-65.194,8.423],[-65.188,8.429],[-65.18,8.432],[-65.185,8.439],[-65.181,8.447],[-65.178,8.455],[-65.177,8.464],[-65.182,8.471],[-65.181,8.48],[-65.177,8.487],[-65.169,8.492],[-65.17,8.5],[-65.166,8.507],[-65.159,8.512],[-65.161,8.52],[-65.161,8.528],[-65.153,8.53],[-65.156,8.538],[-65.149,8.544],[-65.153,8.551],[-65.149,8.558],[-65.147,8.567],[-65.144,8.575],[-65.146,8.583],[-65.15,8.59],[-65.146,8.599],[-65.153,8.603],[-65.147,8.609],[-65.151,8.616],[-65.158,8.622],[-65.164,8.628],[-65.165,8.636],[-65.171,8.643],[-65.172,8.651],[-65.17,8.659],[-65.168,8.667],[-65.161,8.671],[-65.168,8.677],[-65.168,8.685],[-65.169,8.693],[-65.17,8.701],[-65.166,8.708],[-65.158,8.711],[-65.157,8.719],[-65.149,8.721],[-65.148,8.73],[-65.145,8.738],[-65.139,8.744],[-65.132,8.748],[-65.124,8.749],[-65.117,8.745],[-65.11,8.749],[-65.102,8.751],[-65.095,8.757],[-65.088,8.761],[-65.08,8.765],[-65.074,8.759],[-65.066,8.76],[-65.06,8.753],[-65.053,8.747],[-65.045,8.746],[-65.035,8.743],[-65.027,8.742],[-65.02,8.738],[-65.012,8.742],[-65.005,8.746],[-64.997,8.745],[-64.989,8.748],[-64.981,8.751],[-64.973,8.748],[-64.965,8.749],[-64.957,8.746],[-64.947,8.745],[-64.939,8.743],[-64.931,8.746],[-64.922,8.747],[-64.914,8.745],[-64.912,8.736],[-64.906,8.729],[-64.902,8.722],[-64.896,8.715],[-64.888,8.714],[-64.881,8.71],[-64.873,8.705],[-64.866,8.701],[-64.858,8.699],[-64.85,8.697],[-64.783,8.809],[-64.781,8.817],[-64.778,8.825],[-64.775,8.835],[-64.774,8.844],[-64.779,8.852],[-64.78,8.86],[-64.776,8.868],[-64.782,8.875],[-64.791,8.878],[-64.795,8.887],[-64.799,8.895],[-64.808,8.9],[-64.812,8.908],[-64.819,8.912],[-64.827,8.914],[-64.832,8.921],[-64.84,8.923],[-64.847,8.927],[-64.851,8.934],[-64.859,8.938],[-64.867,8.937],[-64.875,8.94],[-64.876,8.948],[-64.881,8.956],[-64.888,8.964],[-64.89,8.972],[-64.899,8.975],[-64.905,8.981],[-64.912,8.985],[-64.92,8.987],[-64.928,8.988],[-64.935,8.994],[-64.941,9.0],[-64.945,9.007],[-64.953,9.01],[-64.957,9.017],[-64.951,9.025],[-64.947,9.032],[-64.946,9.04],[-64.947,9.048],[-64.945,9.056],[-64.953,9.059],[-64.961,9.062],[-64.96,9.07],[-64.968,9.074],[-64.972,9.082],[-64.968,9.09],[-64.97,9.098],[-64.977,9.102],[-64.98,9.11],[-64.987,9.116],[-64.995,9.115],[-65.005,9.115],[-65.012,9.119],[-65.021,9.12],[-65.025,9.127],[-65.03,9.135],[-65.038,9.136],[-65.046,9.134],[-65.052,9.14],[-65.061,9.144],[-65.068,9.149],[-65.072,9.156],[-65.08,9.161],[-65.085,9.169],[-65.093,9.172],[-65.101,9.173],[-65.108,9.169],[-65.116,9.167],[-65.124,9.169],[-65.132,9.171],[-65.14,9.17],[-65.148,9.172],[-65.155,9.168],[-65.164,9.17],[-65.172,9.168],[-65.18,9.17],[-65.189,9.171],[-65.188,9.179],[-65.197,9.18],[-65.199,9.188],[-65.206,9.195],[-65.205,9.204],[-65.201,9.211],[-65.208,9.215],[-65.215,9.222],[-65.222,9.226],[-65.217,9.233],[-65.225,9.236],[-65.233,9.238],[-65.236,9.246],[-65.237,9.256],[-65.241,9.264],[-65.249,9.265],[-65.257,9.26],[-65.26,9.268],[-65.265,9.275],[-65.27,9.282],[-65.269,9.291],[-65.262,9.295],[-65.267,9.303],[-65.275,9.304],[-65.276,9.312],[-65.278,9.321],[-65.279,9.329],[-65.288,9.329],[-65.297,9.332],[-65.298,9.341],[-65.306,9.342],[-65.314,9.343],[-65.309,9.351],[-65.3,9.354],[-65.291,9.349],[-65.293,9.357],[-65.296,9.367],[-65.307,9.367],[-65.302,9.375],[-65.293,9.373],[-65.286,9.377],[-65.275,9.38],[-65.268,9.385],[-65.262,9.394],[-65.253,9.392],[-65.253,9.4],[-65.244,9.401],[-65.236,9.403],[-65.238,9.412],[-65.231,9.416],[-65.227,9.424],[-65.219,9.426],[-65.211,9.428],[-65.21,9.436],[-65.202,9.437],[-65.204,9.445],[-65.205,9.453],[-65.209,9.46],[-65.207,9.468],[-65.202,9.476],[-65.208,9.469],[-65.213,9.476],[-65.214,9.485],[-65.221,9.489],[-65.223,9.498],[-65.232,9.499],[-65.24,9.501],[-65.245,9.508],[-65.252,9.512],[-65.261,9.514],[-65.269,9.515],[-65.278,9.514],[-65.286,9.515],[-65.294,9.514],[-65.303,9.517],[-65.311,9.516],[-65.319,9.522],[-65.325,9.53],[-65.334,9.534],[-65.34,9.541],[-65.344,9.548],[-65.353,9.551],[-65.361,9.555],[-65.367,9.561],[-65.373,9.567],[-65.377,9.576],[-65.384,9.583],[-65.391,9.588],[-65.399,9.594],[-65.405,9.6],[-65.411,9.607],[-65.41,9.616],[-65.412,9.625],[-65.42,9.632],[-65.423,9.64],[-65.425,9.648],[-65.495,9.565],[-65.501,9.558],[-65.647,9.56],[-65.648,9.633],[-65.698,9.687],[-65.689,9.715],[-65.671,9.774],[-65.677,9.782],[-65.677,9.791],[-65.678,9.799],[-65.686,9.802],[-65.69,9.809],[-65.697,9.815],[-65.703,9.821],[-65.706,9.829],[-65.713,9.837],[-65.706,9.843],[-65.707,9.855],[-65.716,9.864],[-65.722,9.875],[-65.721,9.883],[-65.722,9.901],[-65.718,9.909],[-65.716,9.922],[-65.717,9.932],[-65.718,9.962],[-65.727,9.96],[-65.736,9.958],[-65.745,9.957],[-65.745,9.948],[-65.749,9.94],[-65.757,9.942],[-65.76,9.95],[-65.77,9.953],[-65.771,9.945],[-65.778,9.951],[-65.786,9.956],[-65.794,9.961],[-65.804,9.956],[-65.817,9.96],[-65.825,9.962],[-65.833,9.968],[-65.841,9.969],[-65.851,9.968],[-65.86,9.97],[-65.871,9.968],[-65.88,9.966],[-65.889,9.968],[-65.898,9.964],[-65.905,9.957],[-65.911,9.949],[-65.918,9.945],[-65.927,9.945],[-65.936,9.943],[-65.946,9.942],[-65.951,9.935],[-65.964,9.94],[-65.972,9.942],[-65.98,9.939],[-65.988,9.938],[-65.995,9.942],[-66.003,9.939],[-66.015,9.945],[-66.024,9.949],[-66.036,9.953],[-66.046,9.956],[-66.055,9.955],[-66.062,9.963],[-66.07,9.968],[-66.078,9.97],[-66.088,9.971],[-66.092,9.958],[-66.099,9.952],[-66.107,9.956],[-66.117,9.957],[-66.126,9.956],[-66.129,9.964],[-66.137,9.968],[-66.143,9.975],[-66.151,9.973],[-66.155,9.964],[-66.158,9.955],[-66.162,9.948],[-66.175,9.949],[-66.183,9.952],[-66.19,9.96],[-66.197,9.956],[-66.206,9.952],[-66.213,9.958],[-66.222,9.963],[-66.226,9.97],[-66.234,9.969],[-66.238,9.978],[-66.243,9.987],[-66.252,9.986],[-66.26,9.983],[-66.27,9.984],[-66.278,9.985],[-66.283,9.978],[-66.293,9.982],[-66.302,9.99],[-66.31,9.995],[-66.316,10.002],[-66.325,10.003],[-66.332,9.999],[-66.338,10.006],[-66.336,10.014],[-66.342,10.021],[-66.35,10.026],[-66.359,10.027],[-66.368,10.03],[-66.376,10.037],[-66.378,10.039]]]}},{"type":"Feature","id":13,"properties":{"adm1_name":"La Guaira","adm1_pcode":"VE24","source_id":13},"geometry":{"type":"Polygon","coordinates":[[[-66.49,10.631],[-66.498,10.631],[-66.507,10.631],[-66.516,10.631],[-66.524,10.63],[-66.532,10.629],[-66.54,10.629],[-66.548,10.628],[-66.556,10.627],[-66.565,10.628],[-66.574,10.629],[-66.582,10.628],[-66.59,10.629],[-66.598,10.628],[-66.606,10.626],[-66.614,10.626],[-66.623,10.627],[-66.631,10.626],[-66.64,10.625],[-66.648,10.623],[-66.656,10.624],[-66.664,10.622],[-66.672,10.623],[-66.68,10.623],[-66.689,10.623],[-66.697,10.622],[-66.706,10.622],[-66.714,10.624],[-66.721,10.62],[-66.73,10.62],[-66.737,10.624],[-66.745,10.622],[-66.751,10.616],[-66.759,10.615],[-66.767,10.616],[-66.775,10.614],[-66.783,10.613],[-66.791,10.611],[-66.799,10.611],[-66.807,10.61],[-66.815,10.611],[-66.823,10.613],[-66.831,10.613],[-66.838,10.617],[-66.845,10.621],[-66.853,10.619],[-66.861,10.616],[-66.868,10.612],[-66.876,10.61],[-66.884,10.612],[-66.892,10.609],[-66.9,10.606],[-66.907,10.602],[-66.915,10.605],[-66.923,10.604],[-66.931,10.603],[-66.94,10.603],[-66.947,10.607],[-66.94,10.603],[-66.948,10.601],[-66.956,10.601],[-66.964,10.602],[-66.971,10.607],[-66.979,10.608],[-66.987,10.611],[-66.995,10.611],[-67.003,10.61],[-67.011,10.613],[-67.019,10.614],[-67.027,10.611],[-67.035,10.608],[-67.039,10.601],[-67.046,10.597],[-67.054,10.594],[-67.062,10.591],[-67.07,10.589],[-67.078,10.589],[-67.085,10.585],[-67.092,10.58],[-67.1,10.581],[-67.107,10.577],[-67.115,10.574],[-67.126,10.57],[-67.134,10.568],[-67.142,10.57],[-67.149,10.566],[-67.157,10.562],[-67.165,10.559],[-67.174,10.56],[-67.182,10.557],[-67.191,10.555],[-67.2,10.555],[-67.208,10.557],[-67.214,10.551],[-67.225,10.551],[-67.233,10.552],[-67.242,10.55],[-67.25,10.549],[-67.259,10.547],[-67.267,10.546],[-67.275,10.546],[-67.285,10.546],[-67.293,10.546],[-67.3,10.542],[-67.308,10.541],[-67.316,10.542],[-67.326,10.542],[-67.335,10.544],[-67.343,10.544],[-67.351,10.543],[-67.359,10.539],[-67.368,10.537],[-67.377,10.534],[-67.386,10.533],[-67.394,10.533],[-67.401,10.529],[-67.407,10.523],[-67.409,10.515],[-67.41,10.507],[-67.402,10.501],[-67.395,10.497],[-67.392,10.488],[-67.385,10.482],[-67.384,10.474],[-67.381,10.465],[-67.379,10.457],[-67.374,10.45],[-67.367,10.445],[-67.363,10.438],[-67.364,10.429],[-67.362,10.421],[-67.361,10.411],[-67.354,10.406],[-67.348,10.4],[-67.348,10.388],[-67.342,10.394],[-67.336,10.402],[-67.328,10.407],[-67.32,10.409],[-67.311,10.413],[-67.296,10.422],[-67.287,10.422],[-67.279,10.423],[-67.269,10.423],[-67.261,10.423],[-67.251,10.426],[-67.243,10.421],[-67.234,10.417],[-67.225,10.41],[-67.219,10.416],[-67.211,10.415],[-67.205,10.422],[-67.196,10.424],[-67.189,10.428],[-67.181,10.43],[-67.173,10.433],[-67.165,10.436],[-67.157,10.441],[-67.148,10.444],[-67.141,10.45],[-67.131,10.454],[-67.122,10.458],[-67.113,10.46],[-67.105,10.458],[-67.097,10.459],[-67.088,10.458],[-67.08,10.461],[-67.071,10.461],[-67.064,10.465],[-67.058,10.471],[-67.056,10.479],[-67.06,10.486],[-67.058,10.494],[-67.056,10.502],[-67.062,10.508],[-67.067,10.515],[-67.058,10.519],[-67.05,10.521],[-67.045,10.528],[-67.038,10.532],[-67.03,10.533],[-67.031,10.55],[-67.023,10.554],[-67.017,10.561],[-67.009,10.562],[-66.997,10.562],[-66.984,10.559],[-66.973,10.554],[-66.966,10.55],[-66.957,10.546],[-66.949,10.543],[-66.941,10.545],[-66.934,10.549],[-66.924,10.551],[-66.916,10.553],[-66.907,10.552],[-66.899,10.549],[-66.89,10.546],[-66.883,10.542],[-66.875,10.544],[-66.869,10.55],[-66.86,10.547],[-66.853,10.541],[-66.845,10.538],[-66.838,10.542],[-66.831,10.546],[-66.823,10.549],[-66.814,10.547],[-66.808,10.541],[-66.799,10.54],[-66.791,10.541],[-66.783,10.544],[-66.775,10.546],[-66.767,10.547],[-66.758,10.545],[-66.751,10.541],[-66.741,10.547],[-66.731,10.548],[-66.723,10.547],[-66.716,10.541],[-66.704,10.542],[-66.696,10.543],[-66.688,10.545],[-66.678,10.546],[-66.669,10.543],[-66.659,10.543],[-66.651,10.542],[-66.643,10.539],[-66.635,10.541],[-66.627,10.541],[-66.618,10.541],[-66.61,10.54],[-66.602,10.542],[-66.597,10.549],[-66.59,10.554],[-66.582,10.556],[-66.573,10.552],[-66.564,10.549],[-66.555,10.548],[-66.547,10.547],[-66.539,10.55],[-66.531,10.553],[-66.522,10.551],[-66.513,10.548],[-66.505,10.547],[-66.498,10.543],[-66.488,10.538],[-66.48,10.536],[-66.472,10.532],[-66.465,10.536],[-66.458,10.54],[-66.45,10.537],[-66.446,10.53],[-66.434,10.534],[-66.427,10.54],[-66.419,10.543],[-66.411,10.54],[-66.404,10.536],[-66.396,10.535],[-66.386,10.537],[-66.376,10.538],[-66.368,10.539],[-66.36,10.541],[-66.353,10.537],[-66.348,10.53],[-66.341,10.526],[-66.332,10.525],[-66.324,10.526],[-66.316,10.53],[-66.315,10.539],[-66.322,10.548],[-66.32,10.559],[-66.317,10.567],[-66.313,10.576],[-66.31,10.584],[-66.313,10.592],[-66.312,10.602],[-66.31,10.611],[-66.313,10.619],[-66.324,10.615],[-66.332,10.612],[-66.34,10.61],[-66.348,10.607],[-66.356,10.609],[-66.364,10.61],[-66.372,10.613],[-66.38,10.618],[-66.388,10.621],[-66.397,10.624],[-66.407,10.629],[-66.415,10.631],[-66.423,10.628],[-66.431,10.629],[-66.439,10.626],[-66.447,10.628],[-66.455,10.63],[-66.463,10.629],[-66.471,10.631],[-66.479,10.629],[-66.487,10.63],[-66.489,10.631],[-66.49,10.631]]]}},{"type":"Feature","id":14,"properties":{"adm1_name":"Lara","adm1_pcode":"VE13","source_id":14},"geometry":{"type":"Polygon","coordinates":[[[-69.732,10.745],[-69.74,10.743],[-69.75,10.739],[-69.758,10.734],[-69.766,10.732],[-69.774,10.726],[-69.781,10.722],[-69.786,10.715],[-69.795,10.712],[-69.804,10.711],[-69.814,10.705],[-69.822,10.704],[-69.829,10.711],[-69.827,10.72],[-69.819,10.728],[-69.811,10.73],[-69.816,10.741],[-69.826,10.738],[-69.834,10.734],[-69.843,10.731],[-69.851,10.732],[-69.861,10.726],[-69.867,10.719],[-69.868,10.71],[-69.878,10.707],[-69.886,10.705],[-69.894,10.704],[-69.909,10.697],[-69.917,10.69],[-69.925,10.692],[-69.933,10.691],[-69.942,10.689],[-69.949,10.7],[-69.958,10.699],[-69.975,10.689],[-69.982,10.681],[-69.99,10.678],[-69.998,10.674],[-70.006,10.675],[-70.014,10.672],[-70.019,10.664],[-70.029,10.658],[-70.037,10.654],[-70.046,10.653],[-70.05,10.645],[-70.059,10.641],[-70.069,10.639],[-70.077,10.64],[-70.082,10.649],[-70.091,10.655],[-70.1,10.655],[-70.108,10.653],[-70.116,10.651],[-70.123,10.655],[-70.13,10.66],[-70.138,10.663],[-70.146,10.659],[-70.155,10.656],[-70.161,10.65],[-70.169,10.646],[-70.177,10.643],[-70.178,10.635],[-70.182,10.626],[-70.176,10.62],[-70.184,10.614],[-70.192,10.61],[-70.201,10.607],[-70.209,10.6],[-70.216,10.595],[-70.224,10.593],[-70.231,10.588],[-70.24,10.588],[-70.245,10.581],[-70.252,10.576],[-70.261,10.57],[-70.268,10.565],[-70.278,10.561],[-70.287,10.565],[-70.294,10.569],[-70.302,10.57],[-70.31,10.573],[-70.313,10.581],[-70.321,10.577],[-70.325,10.57],[-70.334,10.566],[-70.342,10.568],[-70.341,10.558],[-70.342,10.549],[-70.35,10.546],[-70.358,10.546],[-70.366,10.545],[-70.376,10.534],[-70.386,10.532],[-70.395,10.524],[-70.39,10.511],[-70.397,10.497],[-70.398,10.486],[-70.403,10.478],[-70.412,10.474],[-70.418,10.465],[-70.427,10.457],[-70.435,10.452],[-70.452,10.459],[-70.457,10.467],[-70.473,10.465],[-70.479,10.459],[-70.493,10.462],[-70.502,10.453],[-70.514,10.446],[-70.524,10.436],[-70.527,10.423],[-70.537,10.412],[-70.536,10.402],[-70.544,10.365],[-70.554,10.355],[-70.554,10.347],[-70.56,10.34],[-70.569,10.327],[-70.578,10.323],[-70.604,10.329],[-70.624,10.33],[-70.646,10.322],[-70.654,10.316],[-70.662,10.317],[-70.67,10.311],[-70.681,10.301],[-70.69,10.301],[-70.69,10.292],[-70.694,10.283],[-70.696,10.275],[-70.696,10.267],[-70.695,10.258],[-70.699,10.248],[-70.702,10.24],[-70.706,10.233],[-70.709,10.222],[-70.706,10.213],[-70.704,10.204],[-70.71,10.198],[-70.719,10.195],[-70.726,10.188],[-70.731,10.181],[-70.734,10.172],[-70.735,10.163],[-70.735,10.155],[-70.742,10.147],[-70.75,10.143],[-70.756,10.137],[-70.764,10.133],[-70.772,10.134],[-70.779,10.129],[-70.786,10.123],[-70.813,10.11],[-70.839,10.098],[-70.843,10.09],[-70.842,10.079],[-70.847,10.072],[-70.858,10.07],[-70.865,10.065],[-70.871,10.058],[-70.88,10.055],[-70.881,10.047],[-70.865,10.024],[-70.845,9.996],[-70.83,9.974],[-70.792,9.92],[-70.781,9.919],[-70.77,9.921],[-70.761,9.919],[-70.753,9.917],[-70.746,9.912],[-70.745,9.904],[-70.741,9.896],[-70.734,9.892],[-70.724,9.888],[-70.716,9.886],[-70.706,9.883],[-70.698,9.886],[-70.691,9.893],[-70.69,9.904],[-70.691,9.912],[-70.695,9.921],[-70.694,9.932],[-70.693,9.94],[-70.693,9.949],[-70.685,9.956],[-70.684,9.965],[-70.68,9.972],[-70.681,9.98],[-70.684,9.989],[-70.682,9.997],[-70.673,10.008],[-70.666,10.017],[-70.658,10.021],[-70.649,10.028],[-70.646,10.036],[-70.634,10.038],[-70.624,10.031],[-70.618,10.024],[-70.612,10.018],[-70.612,10.009],[-70.606,9.997],[-70.598,9.993],[-70.595,9.984],[-70.593,9.975],[-70.589,9.963],[-70.587,9.954],[-70.579,9.953],[-70.57,9.954],[-70.561,9.955],[-70.551,9.952],[-70.544,9.946],[-70.541,9.938],[-70.541,9.93],[-70.543,9.922],[-70.54,9.912],[-70.535,9.905],[-70.527,9.899],[-70.52,9.892],[-70.514,9.886],[-70.506,9.881],[-70.499,9.887],[-70.489,9.89],[-70.486,9.877],[-70.48,9.87],[-70.471,9.866],[-70.46,9.869],[-70.454,9.879],[-70.445,9.876],[-70.434,9.88],[-70.425,9.889],[-70.421,9.899],[-70.412,9.904],[-70.403,9.901],[-70.395,9.9],[-70.385,9.902],[-70.377,9.903],[-70.365,9.904],[-70.358,9.896],[-70.352,9.887],[-70.347,9.88],[-70.34,9.87],[-70.336,9.863],[-70.33,9.857],[-70.324,9.85],[-70.324,9.839],[-70.326,9.831],[-70.328,9.823],[-70.312,9.823],[-70.281,9.823],[-70.253,9.777],[-70.242,9.76],[-70.237,9.767],[-70.236,9.775],[-70.233,9.783],[-70.23,9.791],[-70.227,9.799],[-70.225,9.807],[-70.23,9.814],[-70.233,9.822],[-70.225,9.824],[-70.218,9.828],[-70.215,9.836],[-70.207,9.834],[-70.198,9.829],[-70.191,9.823],[-70.188,9.815],[-70.188,9.805],[-70.183,9.797],[-70.176,9.793],[-70.167,9.79],[-70.162,9.782],[-70.156,9.776],[-70.148,9.773],[-70.144,9.765],[-70.135,9.762],[-70.127,9.761],[-70.12,9.765],[-70.112,9.768],[-70.104,9.771],[-70.095,9.767],[-70.086,9.76],[-70.077,9.758],[-70.078,9.749],[-70.075,9.74],[-70.07,9.732],[-70.063,9.728],[-70.058,9.72],[-70.05,9.719],[-70.041,9.718],[-70.031,9.721],[-70.025,9.715],[-70.022,9.706],[-70.015,9.7],[-70.007,9.696],[-70.003,9.687],[-69.999,9.68],[-70.006,9.676],[-70.014,9.674],[-70.023,9.671],[-70.034,9.67],[-70.043,9.673],[-70.052,9.673],[-70.059,9.668],[-70.065,9.677],[-70.081,9.677],[-70.089,9.673],[-70.096,9.666],[-70.098,9.658],[-70.1,9.648],[-70.103,9.64],[-70.109,9.631],[-70.117,9.625],[-70.121,9.618],[-70.127,9.611],[-70.126,9.603],[-70.123,9.594],[-70.119,9.585],[-70.119,9.572],[-70.123,9.563],[-70.116,9.556],[-70.113,9.548],[-70.112,9.539],[-70.113,9.53],[-70.11,9.521],[-70.104,9.515],[-70.103,9.505],[-70.097,9.499],[-70.087,9.498],[-70.081,9.492],[-70.078,9.484],[-70.08,9.472],[-70.083,9.464],[-70.081,9.456],[-70.083,9.448],[-70.086,9.44],[-70.08,9.432],[-70.071,9.428],[-70.062,9.431],[-70.053,9.429],[-70.044,9.429],[-70.04,9.42],[-70.033,9.416],[-70.025,9.423],[-70.02,9.431],[-70.007,9.441],[-70.0,9.448],[-69.992,9.454],[-70.0,9.459],[-70.004,9.466],[-70.016,9.465],[-70.019,9.476],[-70.015,9.483],[-70.012,9.491],[-70.011,9.499],[-70.001,9.503],[-69.994,9.51],[-69.988,9.516],[-69.98,9.532],[-69.974,9.539],[-69.967,9.543],[-69.958,9.549],[-69.951,9.555],[-69.943,9.552],[-69.933,9.547],[-69.924,9.544],[-69.916,9.544],[-69.907,9.546],[-69.898,9.547],[-69.889,9.547],[-69.881,9.546],[-69.87,9.547],[-69.864,9.555],[-69.857,9.56],[-69.851,9.566],[-69.84,9.568],[-69.833,9.564],[-69.832,9.556],[-69.83,9.548],[-69.834,9.54],[-69.834,9.531],[-69.832,9.523],[-69.833,9.515],[-69.839,9.508],[-69.843,9.5],[-69.849,9.49],[-69.854,9.481],[-69.861,9.477],[-69.868,9.471],[-69.875,9.466],[-69.883,9.459],[-69.888,9.452],[-69.894,9.444],[-69.894,9.434],[-69.896,9.425],[-69.9,9.418],[-69.899,9.41],[-69.891,9.408],[-69.883,9.409],[-69.876,9.413],[-69.868,9.415],[-69.86,9.409],[-69.853,9.405],[-69.844,9.406],[-69.837,9.402],[-69.829,9.404],[-69.82,9.406],[-69.812,9.408],[-69.8,9.413],[-69.793,9.419],[-69.786,9.424],[-69.776,9.425],[-69.766,9.424],[-69.758,9.426],[-69.753,9.435],[-69.746,9.44],[-69.737,9.437],[-69.728,9.434],[-69.731,9.425],[-69.735,9.418],[-69.726,9.414],[-69.718,9.407],[-69.709,9.407],[-69.699,9.406],[-69.684,9.406],[-69.677,9.402],[-69.669,9.403],[-69.661,9.407],[-69.654,9.399],[-69.651,9.407],[-69.645,9.414],[-69.641,9.423],[-69.64,9.431],[-69.636,9.439],[-69.633,9.447],[-69.629,9.456],[-69.624,9.463],[-69.623,9.473],[-69.62,9.482],[-69.62,9.49],[-69.622,9.498],[-69.624,9.506],[-69.626,9.516],[-69.623,9.526],[-69.621,9.535],[-69.622,9.546],[-69.621,9.556],[-69.613,9.554],[-69.603,9.544],[-69.601,9.534],[-69.589,9.53],[-69.579,9.529],[-69.572,9.524],[-69.564,9.529],[-69.559,9.536],[-69.541,9.534],[-69.527,9.537],[-69.516,9.54],[-69.508,9.541],[-69.506,9.549],[-69.493,9.546],[-69.483,9.544],[-69.471,9.547],[-69.462,9.546],[-69.444,9.549],[-69.441,9.557],[-69.439,9.565],[-69.44,9.573],[-69.441,9.581],[-69.414,9.597],[-69.396,9.594],[-69.385,9.593],[-69.384,9.601],[-69.395,9.608],[-69.397,9.616],[-69.391,9.625],[-69.38,9.631],[-69.374,9.637],[-69.373,9.645],[-69.366,9.673],[-69.373,9.684],[-69.372,9.692],[-69.364,9.695],[-69.355,9.698],[-69.353,9.706],[-69.351,9.714],[-69.346,9.722],[-69.344,9.73],[-69.345,9.738],[-69.349,9.745],[-69.349,9.753],[-69.342,9.757],[-69.336,9.764],[-69.335,9.772],[-69.328,9.776],[-69.32,9.778],[-69.314,9.784],[-69.31,9.791],[-69.306,9.798],[-69.305,9.807],[-69.298,9.811],[-69.294,9.82],[-69.293,9.83],[-69.285,9.835],[-69.283,9.844],[-69.276,9.836],[-69.268,9.831],[-69.267,9.823],[-69.274,9.817],[-69.278,9.809],[-69.277,9.8],[-69.276,9.792],[-69.27,9.785],[-69.264,9.777],[-69.262,9.769],[-69.264,9.76],[-69.272,9.758],[-69.281,9.751],[-69.276,9.743],[-69.268,9.715],[-69.26,9.711],[-69.253,9.706],[-69.249,9.698],[-69.246,9.689],[-69.238,9.687],[-69.23,9.683],[-69.222,9.681],[-69.214,9.679],[-69.206,9.676],[-69.198,9.677],[-69.189,9.677],[-69.181,9.678],[-69.165,9.682],[-69.157,9.682],[-69.149,9.684],[-69.132,9.69],[-69.109,9.698],[-69.1,9.7],[-69.094,9.707],[-69.084,9.71],[-69.076,9.711],[-69.067,9.711],[-69.059,9.717],[-69.055,9.725],[-69.056,9.734],[-69.052,9.742],[-69.042,9.744],[-69.035,9.75],[-69.025,9.753],[-69.015,9.759],[-69.004,9.763],[-68.996,9.765],[-68.986,9.77],[-68.984,9.778],[-68.987,9.786],[-68.979,9.785],[-68.975,9.792],[-68.974,9.8],[-68.973,9.808],[-68.977,9.815],[-68.975,9.823],[-68.975,9.832],[-68.976,9.84],[-68.97,9.846],[-68.971,9.855],[-68.972,9.863],[-68.967,9.87],[-68.963,9.877],[-68.959,9.884],[-68.956,9.892],[-68.949,9.896],[-68.95,9.904],[-68.952,9.912],[-68.958,9.919],[-68.957,9.928],[-68.954,9.936],[-68.958,9.943],[-68.958,9.952],[-68.957,9.96],[-68.961,9.969],[-68.961,9.978],[-68.961,9.987],[-68.962,9.996],[-68.964,10.004],[-68.963,10.012],[-69.001,9.999],[-69.012,9.994],[-69.086,9.958],[-69.089,9.87],[-69.125,9.88],[-69.129,9.887],[-69.128,9.895],[-69.133,9.902],[-69.14,9.907],[-69.145,9.914],[-69.147,9.922],[-69.149,9.931],[-69.158,9.939],[-69.159,9.947],[-69.154,9.957],[-69.154,9.966],[-69.152,9.974],[-69.151,9.983],[-69.151,9.992],[-69.153,10.0],[-69.151,10.012],[-69.152,10.022],[-69.158,10.028],[-69.159,10.037],[-69.17,10.04],[-69.181,10.037],[-69.19,10.038],[-69.203,10.07],[-69.207,10.085],[-69.197,10.13],[-69.143,10.135],[-69.135,10.136],[-69.122,10.137],[-69.122,10.146],[-69.123,10.155],[-69.119,10.162],[-69.12,10.171],[-69.116,10.18],[-69.115,10.189],[-69.11,10.198],[-69.103,10.203],[-69.099,10.21],[-69.096,10.219],[-69.093,10.227],[-69.09,10.235],[-69.082,10.233],[-69.081,10.224],[-69.074,10.22],[-69.069,10.227],[-69.061,10.234],[-69.052,10.233],[-69.045,10.226],[-69.037,10.235],[-69.021,10.239],[-69.016,10.25],[-69.01,10.26],[-69.01,10.275],[-69.008,10.284],[-69.016,10.296],[-69.027,10.303],[-69.027,10.315],[-69.029,10.361],[-69.029,10.385],[-69.033,10.412],[-69.037,10.419],[-69.046,10.417],[-69.05,10.41],[-69.055,10.402],[-69.069,10.401],[-69.079,10.412],[-69.078,10.421],[-69.072,10.429],[-69.067,10.437],[-69.065,10.446],[-69.067,10.455],[-69.068,10.464],[-69.063,10.472],[-69.057,10.478],[-69.05,10.482],[-69.05,10.49],[-69.049,10.499],[-69.046,10.507],[-69.055,10.507],[-69.054,10.515],[-69.046,10.521],[-69.036,10.524],[-69.028,10.528],[-69.019,10.529],[-69.011,10.531],[-69.006,10.538],[-68.999,10.544],[-68.995,10.551],[-68.988,10.555],[-68.98,10.554],[-68.972,10.553],[-68.964,10.552],[-68.957,10.547],[-68.953,10.54],[-68.945,10.539],[-68.938,10.544],[-68.93,10.548],[-68.922,10.552],[-68.915,10.557],[-68.908,10.564],[-68.905,10.572],[-68.898,10.578],[-68.894,10.585],[-68.888,10.593],[-68.882,10.6],[-68.882,10.608],[-68.877,10.617],[-68.879,10.629],[-68.879,10.639],[-68.876,10.647],[-68.885,10.651],[-68.89,10.659],[-68.891,10.667],[-68.891,10.675],[-68.896,10.683],[-68.9,10.69],[-68.907,10.695],[-68.916,10.695],[-68.924,10.694],[-68.934,10.694],[-68.941,10.698],[-68.949,10.696],[-68.958,10.697],[-68.965,10.691],[-68.975,10.694],[-68.986,10.697],[-68.996,10.698],[-69.002,10.692],[-69.009,10.697],[-69.016,10.692],[-69.024,10.69],[-69.033,10.69],[-69.037,10.683],[-69.046,10.68],[-69.054,10.681],[-69.053,10.673],[-69.061,10.674],[-69.067,10.667],[-69.074,10.661],[-69.082,10.663],[-69.084,10.671],[-69.084,10.679],[-69.09,10.685],[-69.098,10.683],[-69.107,10.682],[-69.115,10.681],[-69.122,10.686],[-69.129,10.68],[-69.133,10.688],[-69.141,10.685],[-69.149,10.687],[-69.157,10.685],[-69.164,10.689],[-69.171,10.694],[-69.177,10.688],[-69.179,10.696],[-69.186,10.692],[-69.196,10.691],[-69.203,10.695],[-69.211,10.692],[-69.212,10.7],[-69.22,10.701],[-69.226,10.694],[-69.234,10.693],[-69.241,10.697],[-69.248,10.691],[-69.255,10.698],[-69.263,10.699],[-69.271,10.698],[-69.28,10.698],[-69.288,10.699],[-69.296,10.701],[-69.305,10.701],[-69.313,10.7],[-69.321,10.698],[-69.328,10.702],[-69.336,10.701],[-69.343,10.705],[-69.35,10.701],[-69.358,10.702],[-69.367,10.705],[-69.375,10.706],[-69.381,10.712],[-69.386,10.705],[-69.395,10.704],[-69.401,10.71],[-69.409,10.707],[-69.416,10.703],[-69.424,10.7],[-69.433,10.702],[-69.441,10.699],[-69.451,10.699],[-69.458,10.694],[-69.465,10.69],[-69.474,10.69],[-69.483,10.691],[-69.492,10.693],[-69.501,10.694],[-69.51,10.692],[-69.518,10.695],[-69.519,10.704],[-69.52,10.712],[-69.52,10.721],[-69.516,10.728],[-69.517,10.737],[-69.524,10.741],[-69.533,10.742],[-69.541,10.743],[-69.55,10.74],[-69.559,10.735],[-69.567,10.73],[-69.576,10.732],[-69.584,10.731],[-69.593,10.729],[-69.604,10.731],[-69.613,10.731],[-69.62,10.727],[-69.642,10.737],[-69.65,10.739],[-69.658,10.737],[-69.674,10.726],[-69.683,10.721],[-69.691,10.719],[-69.721,10.745],[-69.729,10.744],[-69.732,10.745]]]}},{"type":"Feature","id":15,"properties":{"adm1_name":"Mérida","adm1_pcode":"VE14","source_id":15},"geometry":{"type":"Polygon","coordinates":[[[-71.218,9.196],[-71.222,9.188],[-71.223,9.178],[-71.219,9.171],[-71.224,9.164],[-71.217,9.159],[-71.211,9.153],[-71.207,9.144],[-71.203,9.137],[-71.199,9.13],[-71.193,9.124],[-71.186,9.118],[-71.178,9.117],[-71.169,9.118],[-71.161,9.116],[-71.153,9.11],[-71.147,9.104],[-71.139,9.099],[-71.131,9.096],[-71.124,9.091],[-71.117,9.085],[-71.111,9.079],[-71.106,9.072],[-71.102,9.065],[-71.098,9.057],[-71.099,9.048],[-71.123,9.028],[-71.236,8.951],[-71.25,8.941],[-71.269,8.928],[-71.308,8.902],[-71.312,8.911],[-71.32,8.916],[-71.327,8.92],[-71.335,8.921],[-71.343,8.917],[-71.351,8.916],[-71.358,8.921],[-71.364,8.927],[-71.37,8.933],[-71.377,8.938],[-71.394,8.926],[-71.417,8.907],[-71.502,8.843],[-71.536,8.818],[-71.597,8.768],[-71.643,8.73],[-71.661,8.716],[-71.671,8.708],[-71.702,8.677],[-71.792,8.677],[-71.865,8.676],[-71.869,8.669],[-71.876,8.664],[-71.884,8.659],[-71.889,8.652],[-71.896,8.647],[-71.906,8.643],[-71.913,8.637],[-71.906,8.63],[-71.898,8.626],[-71.892,8.62],[-71.885,8.615],[-71.877,8.611],[-71.866,8.608],[-71.857,8.605],[-71.85,8.6],[-71.84,8.598],[-71.834,8.592],[-71.826,8.589],[-71.822,8.582],[-71.817,8.575],[-71.811,8.569],[-71.809,8.561],[-71.805,8.553],[-71.802,8.545],[-71.801,8.537],[-71.794,8.533],[-71.788,8.525],[-71.784,8.517],[-71.782,8.508],[-71.779,8.499],[-71.775,8.49],[-71.774,8.481],[-71.775,8.473],[-71.775,8.465],[-71.779,8.457],[-71.783,8.449],[-71.79,8.442],[-71.796,8.436],[-71.799,8.428],[-71.802,8.419],[-71.81,8.415],[-71.813,8.405],[-71.806,8.397],[-71.802,8.389],[-71.807,8.381],[-71.814,8.375],[-71.819,8.365],[-71.82,8.355],[-71.82,8.346],[-71.812,8.338],[-71.806,8.332],[-71.806,8.324],[-71.813,8.318],[-71.822,8.312],[-71.831,8.31],[-71.837,8.302],[-71.843,8.296],[-71.847,8.289],[-71.852,8.281],[-71.859,8.276],[-71.861,8.266],[-71.868,8.26],[-71.874,8.253],[-71.882,8.246],[-71.888,8.24],[-71.892,8.231],[-71.897,8.222],[-71.9,8.214],[-71.908,8.211],[-71.911,8.202],[-71.911,8.193],[-71.908,8.185],[-71.902,8.176],[-71.903,8.168],[-71.901,8.16],[-71.892,8.162],[-71.883,8.164],[-71.875,8.168],[-71.877,8.176],[-71.866,8.178],[-71.857,8.18],[-71.851,8.174],[-71.848,8.166],[-71.841,8.162],[-71.833,8.16],[-71.824,8.158],[-71.821,8.15],[-71.816,8.142],[-71.814,8.133],[-71.809,8.126],[-71.803,8.119],[-71.795,8.118],[-71.787,8.115],[-71.783,8.108],[-71.779,8.1],[-71.771,8.098],[-71.765,8.09],[-71.764,8.082],[-71.76,8.075],[-71.759,8.067],[-71.755,8.059],[-71.747,8.053],[-71.74,8.048],[-71.733,8.044],[-71.725,8.04],[-71.717,8.041],[-71.709,8.043],[-71.706,8.034],[-71.703,8.026],[-71.695,8.026],[-71.691,8.019],[-71.685,8.013],[-71.677,8.007],[-71.668,8.005],[-71.664,8.013],[-71.657,8.02],[-71.652,8.027],[-71.644,8.032],[-71.638,8.039],[-71.629,8.039],[-71.622,8.043],[-71.616,8.05],[-71.607,8.054],[-71.598,8.054],[-71.59,8.05],[-71.584,8.044],[-71.575,8.041],[-71.57,8.034],[-71.568,8.026],[-71.568,8.014],[-71.571,8.004],[-71.564,7.997],[-71.558,7.99],[-71.553,7.983],[-71.548,7.976],[-71.54,7.978],[-71.531,7.975],[-71.529,7.967],[-71.522,7.961],[-71.514,7.954],[-71.512,7.946],[-71.51,7.935],[-71.51,7.927],[-71.509,7.917],[-71.511,7.909],[-71.51,7.898],[-71.51,7.89],[-71.51,7.882],[-71.511,7.874],[-71.519,7.869],[-71.517,7.86],[-71.516,7.851],[-71.516,7.843],[-71.514,7.834],[-71.519,7.827],[-71.523,7.82],[-71.523,7.812],[-71.519,7.805],[-71.514,7.798],[-71.519,7.79],[-71.524,7.783],[-71.524,7.773],[-71.529,7.764],[-71.533,7.757],[-71.528,7.749],[-71.52,7.743],[-71.516,7.735],[-71.513,7.726],[-71.508,7.716],[-71.5,7.71],[-71.498,7.701],[-71.497,7.69],[-71.494,7.68],[-71.493,7.667],[-71.485,7.663],[-71.478,7.667],[-71.477,7.675],[-71.468,7.676],[-71.461,7.681],[-71.456,7.689],[-71.446,7.692],[-71.444,7.7],[-71.448,7.707],[-71.453,7.715],[-71.459,7.721],[-71.465,7.727],[-71.465,7.735],[-71.464,7.743],[-71.467,7.751],[-71.463,7.758],[-71.46,7.766],[-71.461,7.775],[-71.455,7.782],[-71.447,7.787],[-71.441,7.793],[-71.432,7.794],[-71.423,7.8],[-71.416,7.805],[-71.407,7.809],[-71.401,7.815],[-71.393,7.82],[-71.386,7.825],[-71.383,7.835],[-71.377,7.841],[-71.373,7.848],[-71.364,7.852],[-71.356,7.852],[-71.352,7.86],[-71.341,7.865],[-71.334,7.871],[-71.329,7.878],[-71.321,7.886],[-71.31,7.883],[-71.303,7.89],[-71.296,7.895],[-71.293,7.905],[-71.289,7.914],[-71.283,7.908],[-71.273,7.907],[-71.266,7.911],[-71.26,7.919],[-71.255,7.926],[-71.248,7.931],[-71.244,7.939],[-71.239,7.946],[-71.231,7.947],[-71.236,7.955],[-71.229,7.96],[-71.22,7.966],[-71.211,7.972],[-71.2,7.976],[-71.191,7.983],[-71.184,7.988],[-71.179,7.996],[-71.171,7.995],[-71.171,8.003],[-71.168,8.012],[-71.158,8.013],[-71.151,8.02],[-71.143,8.022],[-71.135,8.025],[-71.13,8.033],[-71.123,8.039],[-71.115,8.039],[-71.108,8.044],[-71.103,8.052],[-71.097,8.058],[-71.094,8.069],[-71.084,8.073],[-71.077,8.078],[-71.07,8.087],[-71.063,8.096],[-71.056,8.102],[-71.053,8.11],[-71.045,8.116],[-71.047,8.124],[-71.043,8.131],[-71.047,8.138],[-71.045,8.146],[-71.041,8.155],[-71.035,8.162],[-71.028,8.167],[-71.021,8.174],[-71.017,8.181],[-71.013,8.189],[-71.009,8.198],[-71.014,8.205],[-71.019,8.212],[-71.021,8.221],[-71.026,8.228],[-71.026,8.236],[-71.03,8.243],[-71.018,8.243],[-71.011,8.248],[-71.002,8.259],[-70.995,8.265],[-70.985,8.267],[-70.975,8.267],[-70.969,8.261],[-70.967,8.249],[-70.96,8.243],[-70.951,8.245],[-70.943,8.249],[-70.936,8.258],[-70.926,8.263],[-70.91,8.267],[-70.911,8.28],[-70.91,8.289],[-70.908,8.3],[-70.905,8.319],[-70.907,8.329],[-70.909,8.338],[-70.907,8.354],[-70.905,8.363],[-70.899,8.371],[-70.891,8.378],[-70.879,8.381],[-70.87,8.391],[-70.866,8.399],[-70.856,8.411],[-70.847,8.426],[-70.84,8.433],[-70.843,8.446],[-70.839,8.457],[-70.84,8.469],[-70.839,8.478],[-70.832,8.488],[-70.834,8.498],[-70.843,8.513],[-70.847,8.524],[-70.844,8.538],[-70.844,8.549],[-70.849,8.56],[-70.849,8.575],[-70.851,8.586],[-70.841,8.591],[-70.832,8.597],[-70.819,8.597],[-70.809,8.597],[-70.798,8.605],[-70.786,8.607],[-70.777,8.607],[-70.763,8.611],[-70.756,8.615],[-70.75,8.621],[-70.739,8.622],[-70.731,8.624],[-70.725,8.631],[-70.718,8.641],[-70.715,8.649],[-70.715,8.661],[-70.708,8.67],[-70.71,8.678],[-70.718,8.687],[-70.727,8.699],[-70.741,8.703],[-70.749,8.708],[-70.751,8.717],[-70.756,8.725],[-70.749,8.733],[-70.743,8.74],[-70.734,8.748],[-70.727,8.752],[-70.718,8.755],[-70.711,8.763],[-70.704,8.771],[-70.695,8.778],[-70.689,8.787],[-70.686,8.795],[-70.68,8.803],[-70.671,8.808],[-70.664,8.813],[-70.663,8.823],[-70.659,8.831],[-70.651,8.836],[-70.644,8.841],[-70.636,8.845],[-70.628,8.842],[-70.62,8.837],[-70.612,8.835],[-70.609,8.843],[-70.601,8.847],[-70.592,8.846],[-70.584,8.843],[-70.576,8.85],[-70.569,8.856],[-70.572,8.864],[-70.578,8.872],[-70.576,8.88],[-70.577,8.888],[-70.579,8.896],[-70.576,8.905],[-70.57,8.912],[-70.565,8.919],[-70.56,8.926],[-70.552,8.932],[-70.552,8.941],[-70.553,8.95],[-70.554,8.958],[-70.555,8.966],[-70.548,8.976],[-70.547,8.984],[-70.547,8.992],[-70.544,9.0],[-70.55,9.006],[-70.559,9.009],[-70.567,9.012],[-70.575,9.011],[-70.58,9.018],[-70.582,9.027],[-70.592,9.024],[-70.6,9.017],[-70.608,9.015],[-70.616,9.014],[-70.622,9.006],[-70.629,9.002],[-70.637,8.998],[-70.643,8.991],[-70.652,8.986],[-70.66,8.983],[-70.667,8.977],[-70.675,8.979],[-70.683,8.988],[-70.687,8.995],[-70.697,8.997],[-70.711,9.008],[-70.706,9.015],[-70.711,9.022],[-70.718,9.026],[-70.723,9.033],[-70.726,9.043],[-70.729,9.052],[-70.738,9.055],[-70.746,9.057],[-70.753,9.052],[-70.761,9.05],[-70.769,9.053],[-70.779,9.059],[-70.783,9.07],[-70.784,9.079],[-70.789,9.072],[-70.796,9.076],[-70.806,9.075],[-70.814,9.078],[-70.822,9.082],[-70.83,9.088],[-70.84,9.088],[-70.847,9.092],[-70.85,9.102],[-70.856,9.114],[-70.859,9.122],[-70.862,9.131],[-70.866,9.138],[-70.869,9.146],[-70.878,9.151],[-70.886,9.154],[-70.893,9.16],[-70.891,9.168],[-70.897,9.176],[-70.898,9.185],[-70.898,9.194],[-70.937,9.162],[-70.95,9.151],[-70.96,9.143],[-70.988,9.12],[-71.0,9.11],[-71.03,9.086],[-71.034,9.094],[-71.041,9.101],[-71.048,9.105],[-71.056,9.106],[-71.064,9.11],[-71.072,9.114],[-71.077,9.122],[-71.08,9.13],[-71.081,9.138],[-71.086,9.145],[-71.093,9.149],[-71.101,9.152],[-71.111,9.152],[-71.12,9.153],[-71.128,9.154],[-71.136,9.153],[-71.144,9.15],[-71.151,9.154],[-71.159,9.159],[-71.167,9.161],[-71.171,9.168],[-71.177,9.174],[-71.182,9.181],[-71.19,9.183],[-71.197,9.187],[-71.204,9.191],[-71.212,9.193],[-71.217,9.196],[-71.218,9.196]]]}},{"type":"Feature","id":16,"properties":{"adm1_name":"Miranda","adm1_pcode":"VE15","source_id":16},"geometry":{"type":"Polygon","coordinates":[[[-66.256,10.649],[-66.265,10.647],[-66.274,10.646],[-66.283,10.646],[-66.291,10.643],[-66.299,10.64],[-66.305,10.634],[-66.31,10.627],[-66.315,10.62],[-66.31,10.611],[-66.312,10.602],[-66.312,10.593],[-66.31,10.584],[-66.313,10.576],[-66.315,10.568],[-66.319,10.56],[-66.322,10.548],[-66.316,10.542],[-66.314,10.532],[-66.322,10.527],[-66.33,10.523],[-66.339,10.526],[-66.347,10.527],[-66.351,10.535],[-66.36,10.541],[-66.368,10.539],[-66.376,10.538],[-66.384,10.537],[-66.393,10.535],[-66.401,10.537],[-66.41,10.54],[-66.418,10.543],[-66.426,10.541],[-66.432,10.534],[-66.44,10.533],[-66.449,10.534],[-66.455,10.54],[-66.462,10.536],[-66.47,10.533],[-66.48,10.536],[-66.488,10.538],[-66.496,10.539],[-66.502,10.545],[-66.511,10.548],[-66.52,10.551],[-66.528,10.553],[-66.537,10.553],[-66.544,10.547],[-66.554,10.547],[-66.564,10.549],[-66.573,10.552],[-66.582,10.556],[-66.59,10.554],[-66.597,10.549],[-66.602,10.542],[-66.61,10.54],[-66.618,10.541],[-66.627,10.541],[-66.635,10.541],[-66.643,10.539],[-66.651,10.542],[-66.659,10.543],[-66.669,10.543],[-66.677,10.545],[-66.688,10.545],[-66.696,10.543],[-66.704,10.542],[-66.713,10.541],[-66.721,10.547],[-66.731,10.548],[-66.739,10.547],[-66.747,10.543],[-66.755,10.544],[-66.766,10.547],[-66.775,10.546],[-66.783,10.544],[-66.791,10.541],[-66.799,10.54],[-66.808,10.541],[-66.814,10.547],[-66.823,10.549],[-66.831,10.546],[-66.838,10.542],[-66.845,10.538],[-66.853,10.541],[-66.86,10.547],[-66.867,10.551],[-66.872,10.543],[-66.871,10.533],[-66.867,10.526],[-66.864,10.517],[-66.863,10.509],[-66.867,10.502],[-66.87,10.494],[-66.874,10.487],[-66.881,10.491],[-66.883,10.483],[-66.882,10.475],[-66.886,10.468],[-66.892,10.462],[-66.894,10.454],[-66.896,10.446],[-66.897,10.438],[-66.899,10.43],[-66.898,10.422],[-66.896,10.414],[-66.904,10.408],[-66.912,10.411],[-66.921,10.414],[-66.93,10.414],[-66.938,10.419],[-66.945,10.424],[-66.953,10.423],[-66.957,10.416],[-66.964,10.412],[-66.971,10.407],[-66.978,10.401],[-66.985,10.397],[-66.994,10.394],[-66.999,10.387],[-67.008,10.386],[-67.016,10.383],[-67.024,10.39],[-67.032,10.392],[-67.041,10.388],[-67.05,10.388],[-67.061,10.391],[-67.071,10.394],[-67.08,10.393],[-67.087,10.401],[-67.095,10.406],[-67.103,10.405],[-67.113,10.405],[-67.122,10.408],[-67.132,10.41],[-67.141,10.409],[-67.149,10.412],[-67.157,10.415],[-67.158,10.425],[-67.159,10.433],[-67.167,10.435],[-67.175,10.432],[-67.183,10.429],[-67.191,10.426],[-67.199,10.424],[-67.207,10.421],[-67.214,10.417],[-67.22,10.411],[-67.219,10.403],[-67.212,10.396],[-67.205,10.39],[-67.204,10.381],[-67.201,10.373],[-67.196,10.366],[-67.192,10.358],[-67.184,10.352],[-67.175,10.349],[-67.166,10.345],[-67.162,10.336],[-67.17,10.33],[-67.179,10.326],[-67.188,10.325],[-67.187,10.313],[-67.184,10.301],[-67.175,10.298],[-67.166,10.296],[-67.156,10.291],[-67.149,10.286],[-67.14,10.279],[-67.129,10.271],[-67.12,10.265],[-67.098,10.239],[-67.099,10.231],[-67.103,10.224],[-67.11,10.219],[-67.116,10.212],[-67.112,10.203],[-67.111,10.195],[-67.112,10.185],[-67.117,10.178],[-67.125,10.174],[-67.129,10.163],[-67.138,10.159],[-67.137,10.151],[-67.129,10.142],[-67.124,10.134],[-67.118,10.126],[-67.117,10.118],[-67.11,10.11],[-67.105,10.103],[-67.111,10.095],[-67.106,10.088],[-67.098,10.086],[-67.091,10.08],[-67.082,10.077],[-67.074,10.069],[-67.067,10.065],[-67.061,10.058],[-67.053,10.059],[-67.045,10.06],[-67.036,10.065],[-67.027,10.066],[-67.016,10.064],[-67.008,10.064],[-67.0,10.065],[-66.992,10.07],[-66.984,10.069],[-66.976,10.071],[-66.968,10.068],[-66.964,10.059],[-66.96,10.043],[-66.951,10.038],[-66.943,10.039],[-66.933,10.035],[-66.925,10.026],[-66.932,10.015],[-66.924,10.014],[-66.915,10.015],[-66.908,10.019],[-66.899,10.018],[-66.891,10.013],[-66.885,10.006],[-66.879,10.0],[-66.871,10.0],[-66.861,10.003],[-66.852,10.008],[-66.845,10.013],[-66.838,10.019],[-66.832,10.027],[-66.818,10.022],[-66.813,10.015],[-66.804,10.015],[-66.793,10.012],[-66.785,10.014],[-66.777,10.016],[-66.771,10.008],[-66.766,10.0],[-66.75,9.999],[-66.744,9.992],[-66.736,9.991],[-66.727,9.992],[-66.719,9.99],[-66.711,9.988],[-66.704,9.983],[-66.695,9.982],[-66.687,9.981],[-66.679,9.976],[-66.671,9.979],[-66.663,9.981],[-66.656,9.975],[-66.647,9.972],[-66.639,9.97],[-66.631,9.969],[-66.622,9.97],[-66.613,9.972],[-66.606,9.976],[-66.597,9.976],[-66.589,9.981],[-66.58,9.981],[-66.572,9.978],[-66.563,9.979],[-66.556,9.973],[-66.547,9.966],[-66.539,9.969],[-66.532,9.974],[-66.524,9.979],[-66.512,9.98],[-66.502,9.985],[-66.494,9.991],[-66.489,10.0],[-66.488,10.011],[-66.486,10.019],[-66.478,10.021],[-66.47,10.02],[-66.463,10.013],[-66.452,10.014],[-66.444,10.015],[-66.434,10.018],[-66.434,10.028],[-66.427,10.032],[-66.417,10.035],[-66.407,10.039],[-66.397,10.037],[-66.386,10.041],[-66.378,10.039],[-66.371,10.032],[-66.364,10.028],[-66.355,10.027],[-66.347,10.025],[-66.34,10.019],[-66.336,10.01],[-66.338,10.002],[-66.33,10.0],[-66.321,10.002],[-66.313,9.997],[-66.306,9.993],[-66.298,9.986],[-66.29,9.979],[-66.282,9.98],[-66.274,9.984],[-66.265,9.984],[-66.254,9.985],[-66.246,9.988],[-66.24,9.982],[-66.234,9.969],[-66.226,9.97],[-66.222,9.963],[-66.213,9.958],[-66.208,9.951],[-66.2,9.957],[-66.192,9.958],[-66.183,9.952],[-66.175,9.949],[-66.167,9.947],[-66.159,9.951],[-66.156,9.959],[-66.154,9.968],[-66.148,9.976],[-66.141,9.97],[-66.134,9.966],[-66.127,9.959],[-66.117,9.957],[-66.109,9.956],[-66.101,9.953],[-66.092,9.958],[-66.088,9.967],[-66.078,9.97],[-66.07,9.968],[-66.062,9.967],[-66.061,9.958],[-66.053,9.956],[-66.043,9.954],[-66.031,9.951],[-66.021,9.949],[-66.005,9.94],[-65.996,9.942],[-65.988,9.938],[-65.98,9.939],[-65.972,9.942],[-65.964,9.94],[-65.956,9.936],[-65.948,9.938],[-65.942,9.945],[-65.933,9.945],[-65.925,9.945],[-65.916,9.946],[-65.907,9.95],[-65.902,9.959],[-65.896,9.965],[-65.88,9.966],[-65.871,9.968],[-65.863,9.969],[-65.854,9.968],[-65.844,9.97],[-65.835,9.969],[-65.828,9.965],[-65.82,9.961],[-65.811,9.957],[-65.8,9.956],[-65.792,9.961],[-65.784,9.956],[-65.778,9.948],[-65.771,9.943],[-65.771,9.952],[-65.763,9.95],[-65.757,9.942],[-65.749,9.94],[-65.745,9.948],[-65.745,9.957],[-65.737,9.958],[-65.728,9.96],[-65.72,9.961],[-65.712,9.97],[-65.703,9.977],[-65.694,9.98],[-65.684,9.976],[-65.675,9.971],[-65.669,9.963],[-65.668,9.955],[-65.656,9.953],[-65.643,9.951],[-65.635,9.952],[-65.627,9.959],[-65.629,9.967],[-65.621,9.969],[-65.611,9.971],[-65.604,9.976],[-65.601,9.985],[-65.604,9.993],[-65.604,10.002],[-65.595,10.003],[-65.587,10.006],[-65.578,10.007],[-65.569,10.005],[-65.561,10.004],[-65.553,10.003],[-65.554,10.012],[-65.548,10.018],[-65.543,10.025],[-65.539,10.033],[-65.536,10.041],[-65.532,10.048],[-65.524,10.053],[-65.516,10.057],[-65.509,10.061],[-65.503,10.067],[-65.496,10.063],[-65.497,10.072],[-65.49,10.068],[-65.487,10.076],[-65.483,10.084],[-65.475,10.084],[-65.469,10.09],[-65.461,10.091],[-65.454,10.095],[-65.456,10.103],[-65.453,10.111],[-65.449,10.119],[-65.44,10.116],[-65.439,10.124],[-65.432,10.128],[-65.428,10.136],[-65.439,10.142],[-65.449,10.144],[-65.457,10.146],[-65.467,10.148],[-65.476,10.151],[-65.485,10.154],[-65.499,10.157],[-65.508,10.16],[-65.518,10.163],[-65.53,10.167],[-65.542,10.17],[-65.555,10.174],[-65.564,10.177],[-65.572,10.179],[-65.58,10.183],[-65.588,10.185],[-65.598,10.187],[-65.607,10.191],[-65.615,10.194],[-65.625,10.197],[-65.635,10.2],[-65.643,10.203],[-65.652,10.207],[-65.66,10.209],[-65.672,10.215],[-65.68,10.218],[-65.69,10.221],[-65.699,10.225],[-65.707,10.228],[-65.715,10.231],[-65.724,10.235],[-65.736,10.239],[-65.744,10.243],[-65.752,10.246],[-65.76,10.249],[-65.769,10.253],[-65.777,10.256],[-65.785,10.26],[-65.793,10.264],[-65.803,10.268],[-65.811,10.272],[-65.82,10.276],[-65.828,10.28],[-65.837,10.285],[-65.847,10.29],[-65.854,10.294],[-65.863,10.298],[-65.873,10.304],[-65.883,10.31],[-65.89,10.315],[-65.897,10.32],[-65.909,10.328],[-65.916,10.332],[-65.923,10.337],[-65.929,10.343],[-65.937,10.349],[-65.944,10.353],[-65.951,10.359],[-65.959,10.365],[-65.967,10.371],[-65.976,10.379],[-65.983,10.386],[-65.99,10.391],[-65.997,10.396],[-66.021,10.411],[-66.029,10.416],[-66.039,10.423],[-66.048,10.429],[-66.055,10.434],[-66.073,10.451],[-66.087,10.467],[-66.093,10.476],[-66.097,10.483],[-66.096,10.491],[-66.104,10.49],[-66.108,10.497],[-66.112,10.504],[-66.114,10.512],[-66.116,10.52],[-66.114,10.528],[-66.107,10.532],[-66.115,10.535],[-66.119,10.528],[-66.119,10.52],[-66.119,10.511],[-66.113,10.505],[-66.114,10.497],[-66.108,10.491],[-66.115,10.495],[-66.119,10.502],[-66.12,10.51],[-66.121,10.518],[-66.127,10.524],[-66.123,10.531],[-66.125,10.539],[-66.117,10.54],[-66.11,10.544],[-66.102,10.541],[-66.101,10.533],[-66.094,10.537],[-66.101,10.541],[-66.093,10.544],[-66.093,10.536],[-66.084,10.54],[-66.077,10.544],[-66.069,10.546],[-66.062,10.55],[-66.057,10.557],[-66.054,10.565],[-66.047,10.569],[-66.048,10.578],[-66.055,10.583],[-66.062,10.587],[-66.061,10.579],[-66.069,10.576],[-66.077,10.577],[-66.089,10.583],[-66.097,10.587],[-66.104,10.591],[-66.112,10.592],[-66.12,10.594],[-66.127,10.599],[-66.135,10.599],[-66.143,10.601],[-66.151,10.604],[-66.159,10.607],[-66.167,10.608],[-66.177,10.61],[-66.189,10.618],[-66.199,10.625],[-66.211,10.633],[-66.219,10.64],[-66.228,10.645],[-66.236,10.649],[-66.246,10.649],[-66.254,10.648],[-66.256,10.649]]]}},{"type":"Feature","id":17,"properties":{"adm1_name":"Monagas","adm1_pcode":"VE16","source_id":17},"geometry":{"type":"Polygon","coordinates":[[[-63.448,10.298],[-63.455,10.305],[-63.457,10.315],[-63.466,10.318],[-63.475,10.315],[-63.483,10.308],[-63.489,10.3],[-63.496,10.296],[-63.505,10.295],[-63.514,10.296],[-63.523,10.29],[-63.53,10.286],[-63.536,10.28],[-63.544,10.272],[-63.548,10.259],[-63.543,10.252],[-63.545,10.243],[-63.548,10.235],[-63.555,10.231],[-63.558,10.223],[-63.559,10.215],[-63.562,10.207],[-63.572,10.202],[-63.58,10.201],[-63.587,10.197],[-63.597,10.207],[-63.6,10.215],[-63.609,10.216],[-63.618,10.217],[-63.627,10.215],[-63.635,10.218],[-63.642,10.223],[-63.651,10.22],[-63.66,10.217],[-63.669,10.214],[-63.678,10.208],[-63.686,10.205],[-63.695,10.202],[-63.702,10.197],[-63.724,10.189],[-63.756,10.178],[-63.769,10.183],[-63.774,10.157],[-63.784,10.157],[-63.794,10.15],[-63.794,10.139],[-63.806,10.122],[-63.814,10.104],[-63.826,10.111],[-63.833,10.107],[-63.87,10.106],[-63.878,10.102],[-63.889,10.099],[-63.915,10.092],[-63.932,10.084],[-63.944,10.088],[-63.952,10.086],[-63.959,10.08],[-63.958,10.072],[-63.959,10.064],[-63.957,10.055],[-63.966,10.053],[-63.975,10.051],[-63.983,10.048],[-63.991,10.046],[-63.999,10.042],[-64.007,10.042],[-64.017,10.04],[-64.032,10.045],[-64.043,10.049],[-64.056,10.053],[-64.063,10.045],[-64.057,10.037],[-64.056,10.028],[-64.058,10.02],[-64.061,10.011],[-64.061,9.999],[-64.052,9.991],[-64.048,9.981],[-64.048,9.972],[-64.046,9.963],[-64.044,9.948],[-64.038,9.939],[-64.038,9.93],[-64.027,9.933],[-64.018,9.935],[-64.008,9.932],[-63.997,9.933],[-63.99,9.937],[-63.988,9.925],[-63.985,9.916],[-63.983,9.908],[-63.977,9.9],[-63.969,9.898],[-63.961,9.897],[-63.954,9.893],[-63.945,9.886],[-63.943,9.878],[-63.935,9.876],[-63.93,9.869],[-63.921,9.862],[-63.913,9.852],[-63.919,9.846],[-63.927,9.844],[-63.935,9.845],[-63.941,9.838],[-63.948,9.833],[-63.953,9.825],[-63.952,9.817],[-63.948,9.81],[-63.945,9.799],[-63.946,9.788],[-63.952,9.782],[-63.959,9.774],[-63.96,9.765],[-63.959,9.756],[-63.961,9.747],[-63.959,9.738],[-63.953,9.73],[-63.952,9.722],[-63.95,9.711],[-63.936,9.687],[-63.905,9.645],[-63.845,9.569],[-63.825,9.544],[-63.973,9.415],[-63.972,9.357],[-63.972,9.339],[-63.966,9.333],[-63.963,9.312],[-63.957,9.299],[-63.947,9.292],[-63.939,9.287],[-63.935,9.279],[-63.929,9.273],[-63.927,9.265],[-63.918,9.258],[-63.911,9.194],[-63.903,9.198],[-63.895,9.201],[-63.888,9.206],[-63.88,9.209],[-63.872,9.211],[-63.863,9.213],[-63.856,9.219],[-63.847,9.223],[-63.839,9.227],[-63.83,9.229],[-63.823,9.223],[-63.813,9.217],[-63.791,9.217],[-63.781,9.226],[-63.771,9.225],[-63.761,9.223],[-63.754,9.219],[-63.748,9.212],[-63.744,9.204],[-63.737,9.198],[-63.729,9.197],[-63.721,9.198],[-63.712,9.194],[-63.708,9.187],[-63.7,9.184],[-63.696,9.176],[-63.689,9.17],[-63.687,9.162],[-63.679,9.166],[-63.68,9.158],[-63.672,9.16],[-63.664,9.159],[-63.656,9.159],[-63.648,9.157],[-63.639,9.154],[-63.631,9.152],[-63.623,9.153],[-63.614,9.148],[-63.606,9.146],[-63.608,9.138],[-63.602,9.131],[-63.602,9.123],[-63.609,9.118],[-63.605,9.111],[-63.602,9.103],[-63.594,9.101],[-63.587,9.106],[-63.579,9.106],[-63.571,9.104],[-63.57,9.096],[-63.563,9.092],[-63.555,9.088],[-63.547,9.086],[-63.539,9.085],[-63.534,9.077],[-63.526,9.074],[-63.525,9.066],[-63.518,9.07],[-63.509,9.071],[-63.51,9.062],[-63.508,9.054],[-63.501,9.048],[-63.494,9.054],[-63.486,9.058],[-63.482,9.049],[-63.488,9.042],[-63.489,9.034],[-63.48,9.035],[-63.476,9.025],[-63.472,9.017],[-63.468,9.025],[-63.465,9.017],[-63.458,9.013],[-63.456,9.021],[-63.45,9.015],[-63.446,9.008],[-63.439,9.004],[-63.434,9.011],[-63.428,9.004],[-63.42,9.008],[-63.414,9.002],[-63.407,8.997],[-63.403,9.004],[-63.396,8.998],[-63.398,8.99],[-63.39,8.989],[-63.386,8.982],[-63.384,8.974],[-63.381,8.966],[-63.375,8.96],[-63.37,8.953],[-63.342,8.765],[-63.331,8.77],[-63.326,8.777],[-63.318,8.783],[-63.307,8.781],[-63.299,8.776],[-63.296,8.768],[-63.288,8.765],[-63.278,8.76],[-63.263,8.761],[-63.25,8.762],[-63.242,8.766],[-63.234,8.77],[-63.223,8.768],[-63.215,8.762],[-63.207,8.762],[-63.099,8.769],[-63.002,8.774],[-63.003,8.752],[-63.011,8.751],[-63.019,8.752],[-63.026,8.747],[-63.03,8.74],[-63.033,8.731],[-63.037,8.724],[-63.041,8.717],[-63.044,8.707],[-63.043,8.663],[-63.046,8.645],[-63.04,8.604],[-63.001,8.547],[-62.836,8.506],[-62.77,8.49],[-62.726,8.479],[-62.715,8.471],[-62.722,8.461],[-62.727,8.451],[-62.721,8.423],[-62.7,8.411],[-62.693,8.399],[-62.686,8.39],[-62.68,8.382],[-62.673,8.386],[-62.664,8.392],[-62.631,8.417],[-62.621,8.43],[-62.612,8.441],[-62.604,8.45],[-62.596,8.457],[-62.589,8.463],[-62.575,8.482],[-62.566,8.483],[-62.546,8.488],[-62.531,8.494],[-62.519,8.503],[-62.509,8.511],[-62.499,8.519],[-62.488,8.522],[-62.48,8.519],[-62.472,8.518],[-62.424,8.531],[-62.413,8.535],[-62.398,8.541],[-62.384,8.548],[-62.354,8.566],[-62.341,8.57],[-62.322,8.573],[-62.304,8.577],[-62.292,8.581],[-62.274,8.591],[-62.256,8.598],[-62.242,8.601],[-62.23,8.604],[-62.222,8.606],[-62.231,8.619],[-62.229,8.631],[-62.225,8.64],[-62.219,8.655],[-62.212,8.667],[-62.203,8.681],[-62.191,8.691],[-62.181,8.699],[-62.16,8.703],[-62.142,8.706],[-62.123,8.718],[-62.115,8.724],[-62.093,8.741],[-62.071,8.757],[-62.064,8.77],[-62.06,8.784],[-62.062,8.799],[-62.062,8.81],[-62.059,8.819],[-62.041,8.83],[-62.03,8.84],[-62.02,8.848],[-62.007,8.861],[-62.001,8.869],[-61.997,8.876],[-61.997,8.887],[-62.009,8.891],[-62.027,8.884],[-62.039,8.876],[-62.049,8.879],[-62.058,8.888],[-62.063,8.901],[-62.064,8.913],[-62.068,8.921],[-62.071,8.929],[-62.084,8.946],[-62.09,8.961],[-62.089,8.978],[-62.085,8.985],[-62.072,9.003],[-62.065,9.015],[-62.059,9.028],[-62.055,9.04],[-62.058,9.048],[-62.06,9.057],[-62.075,9.061],[-62.091,9.072],[-62.102,9.077],[-62.112,9.068],[-62.113,9.053],[-62.124,9.048],[-62.133,9.053],[-62.144,9.062],[-62.147,9.075],[-62.147,9.09],[-62.148,9.098],[-62.154,9.106],[-62.163,9.103],[-62.164,9.091],[-62.173,9.087],[-62.183,9.087],[-62.189,9.081],[-62.191,9.069],[-62.201,9.064],[-62.209,9.063],[-62.219,9.058],[-62.225,9.064],[-62.224,9.075],[-62.224,9.084],[-62.234,9.091],[-62.24,9.098],[-62.251,9.104],[-62.259,9.11],[-62.264,9.118],[-62.263,9.131],[-62.271,9.135],[-62.282,9.135],[-62.292,9.134],[-62.301,9.135],[-62.315,9.13],[-62.324,9.13],[-62.326,9.141],[-62.324,9.158],[-62.323,9.166],[-62.322,9.177],[-62.309,9.179],[-62.302,9.19],[-62.303,9.199],[-62.307,9.212],[-62.301,9.221],[-62.302,9.231],[-62.309,9.235],[-62.314,9.242],[-62.32,9.25],[-62.326,9.262],[-62.327,9.271],[-62.326,9.281],[-62.322,9.294],[-62.333,9.305],[-62.34,9.318],[-62.341,9.328],[-62.331,9.34],[-62.325,9.346],[-62.323,9.354],[-62.327,9.363],[-62.333,9.369],[-62.344,9.376],[-62.354,9.385],[-62.368,9.388],[-62.378,9.392],[-62.394,9.399],[-62.402,9.403],[-62.409,9.408],[-62.408,9.427],[-62.401,9.452],[-62.399,9.463],[-62.402,9.474],[-62.419,9.482],[-62.428,9.481],[-62.436,9.484],[-62.442,9.492],[-62.444,9.5],[-62.443,9.511],[-62.442,9.528],[-62.44,9.545],[-62.434,9.552],[-62.412,9.582],[-62.411,9.592],[-62.393,9.611],[-62.387,9.623],[-62.379,9.623],[-62.371,9.624],[-62.366,9.631],[-62.359,9.637],[-62.351,9.647],[-62.352,9.656],[-62.354,9.667],[-62.354,9.676],[-62.359,9.688],[-62.356,9.697],[-62.348,9.701],[-62.339,9.703],[-62.333,9.709],[-62.326,9.716],[-62.318,9.715],[-62.314,9.724],[-62.306,9.734],[-62.295,9.739],[-62.296,9.749],[-62.294,9.758],[-62.295,9.77],[-62.3,9.786],[-62.31,9.796],[-62.319,9.806],[-62.32,9.817],[-62.313,9.826],[-62.31,9.834],[-62.31,9.857],[-62.308,9.872],[-62.306,9.887],[-62.303,9.908],[-62.3,9.916],[-62.296,9.924],[-62.291,9.934],[-62.283,9.938],[-62.295,9.953],[-62.301,9.963],[-62.301,9.972],[-62.297,9.984],[-62.293,9.994],[-62.314,9.995],[-62.329,9.995],[-62.348,9.995],[-62.435,9.997],[-62.44,10.022],[-62.45,10.038],[-62.461,10.053],[-62.462,10.072],[-62.467,10.091],[-62.48,10.126],[-62.485,10.144],[-62.49,10.163],[-62.498,10.179],[-62.507,10.188],[-62.517,10.197],[-62.524,10.205],[-62.539,10.217],[-62.555,10.223],[-62.569,10.231],[-62.6,10.243],[-62.631,10.267],[-62.632,10.259],[-62.634,10.251],[-62.635,10.241],[-62.635,10.222],[-62.633,10.201],[-62.619,10.154],[-62.613,10.132],[-62.609,10.119],[-62.611,10.106],[-62.627,10.096],[-62.641,10.085],[-62.656,10.072],[-62.669,10.066],[-62.681,10.063],[-62.689,10.063],[-62.705,10.058],[-62.719,10.058],[-62.728,10.059],[-62.74,10.068],[-62.745,10.079],[-62.753,10.085],[-62.761,10.084],[-62.769,10.082],[-62.783,10.069],[-62.79,10.053],[-62.79,10.045],[-62.787,10.035],[-62.795,10.033],[-62.807,10.033],[-62.815,10.034],[-62.826,10.037],[-62.834,10.047],[-62.836,10.06],[-62.838,10.072],[-62.845,10.077],[-62.854,10.076],[-62.856,10.067],[-62.858,10.058],[-62.866,10.05],[-62.878,10.051],[-62.887,10.053],[-62.895,10.055],[-62.894,10.071],[-62.893,10.083],[-62.897,10.092],[-62.907,10.093],[-62.916,10.089],[-62.924,10.082],[-62.933,10.075],[-62.939,10.083],[-62.947,10.093],[-62.958,10.095],[-62.967,10.093],[-62.972,10.085],[-62.971,10.077],[-62.977,10.069],[-62.985,10.069],[-62.991,10.075],[-62.997,10.085],[-63.004,10.092],[-63.012,10.095],[-63.021,10.1],[-63.028,10.106],[-63.032,10.113],[-63.041,10.118],[-63.045,10.125],[-63.044,10.135],[-63.046,10.144],[-63.053,10.15],[-63.057,10.16],[-63.054,10.169],[-63.063,10.176],[-63.066,10.184],[-63.064,10.192],[-63.066,10.2],[-63.074,10.201],[-63.082,10.199],[-63.086,10.189],[-63.095,10.184],[-63.103,10.186],[-63.11,10.194],[-63.115,10.201],[-63.119,10.209],[-63.118,10.219],[-63.126,10.223],[-63.132,10.217],[-63.138,10.211],[-63.139,10.203],[-63.144,10.196],[-63.148,10.189],[-63.146,10.18],[-63.151,10.172],[-63.156,10.163],[-63.165,10.16],[-63.175,10.156],[-63.183,10.149],[-63.196,10.162],[-63.212,10.163],[-63.224,10.192],[-63.255,10.192],[-63.257,10.202],[-63.287,10.212],[-63.317,10.213],[-63.336,10.213],[-63.355,10.244],[-63.388,10.239],[-63.401,10.259],[-63.427,10.255],[-63.419,10.272],[-63.413,10.285],[-63.427,10.288],[-63.446,10.289],[-63.447,10.295],[-63.448,10.298]]]}},{"type":"Feature","id":18,"properties":{"adm1_name":"Nueva Esparta","adm1_pcode":"VE17","source_id":18},"geometry":{"type":"MultiPolygon","coordinates":[[[[-63.879,11.178],[-63.887,11.175],[-63.891,11.167],[-63.892,11.158],[-63.9,11.156],[-63.905,11.149],[-63.909,11.142],[-63.915,11.135],[-63.921,11.129],[-63.928,11.124],[-63.934,11.118],[-63.942,11.118],[-63.949,11.112],[-63.957,11.112],[-63.965,11.112],[-63.974,11.11],[-63.98,11.104],[-63.982,11.096],[-63.976,11.09],[-63.972,11.081],[-63.979,11.075],[-63.988,11.071],[-63.996,11.068],[-64.004,11.069],[-64.012,11.068],[-64.015,11.06],[-64.015,11.052],[-64.015,11.042],[-64.014,11.034],[-64.019,11.026],[-64.023,11.019],[-64.024,11.011],[-64.022,11.002],[-64.028,10.994],[-64.035,10.989],[-64.045,10.985],[-64.053,10.984],[-64.061,10.983],[-64.069,10.982],[-64.078,10.983],[-64.087,10.983],[-64.095,10.985],[-64.104,10.987],[-64.112,10.989],[-64.12,10.991],[-64.13,10.995],[-64.142,11.0],[-64.15,11.004],[-64.159,11.01],[-64.167,11.017],[-64.174,11.021],[-64.181,11.026],[-64.188,11.032],[-64.194,11.039],[-64.201,11.046],[-64.206,11.054],[-64.2,11.061],[-64.196,11.068],[-64.194,11.076],[-64.195,11.084],[-64.203,11.085],[-64.211,11.086],[-64.219,11.083],[-64.226,11.077],[-64.234,11.076],[-64.242,11.074],[-64.248,11.068],[-64.256,11.067],[-64.264,11.068],[-64.272,11.063],[-64.281,11.065],[-64.29,11.068],[-64.297,11.072],[-64.302,11.065],[-64.31,11.064],[-64.317,11.058],[-64.325,11.059],[-64.333,11.057],[-64.341,11.053],[-64.35,11.05],[-64.358,11.052],[-64.366,11.051],[-64.374,11.048],[-64.381,11.044],[-64.381,11.036],[-64.376,11.029],[-64.377,11.02],[-64.382,11.012],[-64.383,11.004],[-64.39,10.998],[-64.396,10.992],[-64.403,10.987],[-64.407,10.979],[-64.401,10.973],[-64.393,10.969],[-64.385,10.968],[-64.377,10.966],[-64.369,10.964],[-64.361,10.962],[-64.353,10.96],[-64.344,10.959],[-64.336,10.957],[-64.327,10.957],[-64.317,10.957],[-64.308,10.953],[-64.301,10.948],[-64.293,10.945],[-64.284,10.946],[-64.276,10.944],[-64.267,10.944],[-64.259,10.943],[-64.25,10.941],[-64.242,10.939],[-64.234,10.942],[-64.225,10.941],[-64.217,10.937],[-64.208,10.935],[-64.201,10.939],[-64.193,10.943],[-64.186,10.948],[-64.182,10.955],[-64.181,10.963],[-64.175,10.969],[-64.169,10.976],[-64.169,10.968],[-64.161,10.965],[-64.159,10.957],[-64.151,10.958],[-64.143,10.96],[-64.139,10.953],[-64.132,10.949],[-64.14,10.952],[-64.136,10.945],[-64.13,10.939],[-64.124,10.931],[-64.119,10.924],[-64.111,10.925],[-64.116,10.918],[-64.112,10.909],[-64.104,10.908],[-64.096,10.909],[-64.1,10.902],[-64.108,10.904],[-64.1,10.9],[-64.092,10.898],[-64.084,10.896],[-64.076,10.898],[-64.068,10.894],[-64.06,10.887],[-64.055,10.88],[-64.054,10.872],[-64.06,10.865],[-64.052,10.863],[-64.045,10.868],[-64.037,10.869],[-64.03,10.873],[-64.021,10.873],[-64.013,10.872],[-64.006,10.877],[-63.998,10.881],[-63.992,10.888],[-63.985,10.895],[-63.977,10.899],[-63.969,10.9],[-63.96,10.898],[-63.951,10.901],[-63.943,10.902],[-63.951,10.904],[-63.944,10.909],[-63.947,10.917],[-63.955,10.92],[-63.954,10.928],[-63.949,10.935],[-63.941,10.928],[-63.929,10.925],[-63.921,10.925],[-63.928,10.917],[-63.92,10.914],[-63.912,10.916],[-63.9,10.913],[-63.908,10.91],[-63.917,10.903],[-63.927,10.906],[-63.933,10.912],[-63.94,10.907],[-63.934,10.9],[-63.931,10.892],[-63.923,10.889],[-63.915,10.887],[-63.906,10.887],[-63.897,10.883],[-63.89,10.887],[-63.888,10.895],[-63.889,10.903],[-63.887,10.912],[-63.886,10.921],[-63.885,10.93],[-63.88,10.938],[-63.873,10.944],[-63.865,10.945],[-63.858,10.949],[-63.85,10.951],[-63.842,10.954],[-63.835,10.958],[-63.827,10.955],[-63.824,10.947],[-63.816,10.945],[-63.817,10.953],[-63.819,10.961],[-63.819,10.97],[-63.818,10.978],[-63.811,10.982],[-63.803,10.984],[-63.801,10.992],[-63.794,10.999],[-63.787,10.995],[-63.777,10.996],[-63.781,11.004],[-63.786,11.011],[-63.79,11.018],[-63.796,11.025],[-63.802,11.031],[-63.806,11.04],[-63.811,11.047],[-63.815,11.054],[-63.819,11.062],[-63.824,11.073],[-63.829,11.08],[-63.831,11.088],[-63.835,11.096],[-63.839,11.104],[-63.843,11.112],[-63.844,11.121],[-63.842,11.129],[-63.849,11.134],[-63.856,11.14],[-63.862,11.146],[-63.869,11.152],[-63.873,11.16],[-63.877,11.167],[-63.88,11.175],[-63.879,11.177],[-63.879,11.178]]],[[[-63.993,10.809],[-63.994,10.8],[-63.992,10.792],[-63.996,10.785],[-64.002,10.778],[-63.996,10.77],[-63.988,10.767],[-63.979,10.765],[-63.971,10.764],[-63.963,10.763],[-63.957,10.757],[-63.949,10.756],[-63.947,10.748],[-63.955,10.749],[-63.963,10.751],[-63.956,10.747],[-63.948,10.744],[-63.94,10.741],[-63.934,10.735],[-63.926,10.732],[-63.918,10.73],[-63.91,10.732],[-63.902,10.734],[-63.897,10.741],[-63.893,10.749],[-63.894,10.757],[-63.899,10.764],[-63.903,10.771],[-63.908,10.778],[-63.912,10.786],[-63.92,10.79],[-63.928,10.791],[-63.937,10.793],[-63.945,10.794],[-63.954,10.796],[-63.962,10.799],[-63.97,10.801],[-63.977,10.806],[-63.986,10.805],[-63.993,10.808],[-63.993,10.809]]],[[[-64.154,10.821],[-64.16,10.831],[-64.169,10.82],[-64.179,10.825],[-64.19,10.827],[-64.201,10.827],[-64.216,10.826],[-64.23,10.814],[-64.225,10.806],[-64.221,10.798],[-64.2,10.795],[-64.187,10.796],[-64.173,10.799],[-64.156,10.801],[-64.149,10.811],[-64.146,10.818],[-64.154,10.821]]]]}},{"type":"Feature","id":19,"properties":{"adm1_name":"Portuguesa","adm1_pcode":"VE18","source_id":19},"geometry":{"type":"Polygon","coordinates":[[[-69.284,9.846],[-69.286,9.838],[-69.29,9.831],[-69.294,9.824],[-69.295,9.813],[-69.302,9.809],[-69.305,9.8],[-69.31,9.792],[-69.313,9.783],[-69.32,9.778],[-69.328,9.777],[-69.335,9.773],[-69.336,9.765],[-69.342,9.757],[-69.349,9.753],[-69.349,9.745],[-69.345,9.738],[-69.344,9.73],[-69.346,9.722],[-69.351,9.714],[-69.353,9.706],[-69.355,9.698],[-69.363,9.696],[-69.372,9.692],[-69.373,9.684],[-69.366,9.673],[-69.369,9.651],[-69.373,9.638],[-69.38,9.631],[-69.391,9.625],[-69.397,9.616],[-69.395,9.608],[-69.384,9.601],[-69.385,9.593],[-69.396,9.594],[-69.411,9.597],[-69.44,9.588],[-69.44,9.579],[-69.44,9.571],[-69.439,9.563],[-69.442,9.555],[-69.462,9.546],[-69.471,9.547],[-69.483,9.544],[-69.493,9.546],[-69.502,9.553],[-69.508,9.541],[-69.516,9.54],[-69.527,9.537],[-69.541,9.534],[-69.552,9.536],[-69.562,9.534],[-69.572,9.524],[-69.579,9.529],[-69.589,9.53],[-69.601,9.534],[-69.603,9.544],[-69.613,9.554],[-69.621,9.556],[-69.622,9.546],[-69.621,9.537],[-69.623,9.526],[-69.626,9.516],[-69.624,9.507],[-69.622,9.498],[-69.62,9.49],[-69.62,9.482],[-69.623,9.473],[-69.624,9.463],[-69.629,9.456],[-69.633,9.449],[-69.635,9.441],[-69.639,9.432],[-69.641,9.423],[-69.645,9.415],[-69.649,9.408],[-69.654,9.4],[-69.661,9.407],[-69.668,9.402],[-69.677,9.402],[-69.684,9.406],[-69.697,9.407],[-69.706,9.406],[-69.714,9.407],[-69.724,9.412],[-69.735,9.418],[-69.731,9.425],[-69.728,9.434],[-69.737,9.437],[-69.746,9.44],[-69.753,9.435],[-69.753,9.427],[-69.762,9.425],[-69.771,9.425],[-69.781,9.425],[-69.79,9.422],[-69.797,9.415],[-69.805,9.41],[-69.814,9.408],[-69.822,9.407],[-69.831,9.404],[-69.839,9.402],[-69.846,9.406],[-69.855,9.405],[-69.862,9.412],[-69.87,9.413],[-69.878,9.411],[-69.886,9.41],[-69.895,9.407],[-69.901,9.413],[-69.897,9.422],[-69.894,9.432],[-69.895,9.441],[-69.889,9.45],[-69.883,9.459],[-69.878,9.466],[-69.87,9.47],[-69.865,9.477],[-69.855,9.478],[-69.852,9.487],[-69.847,9.494],[-69.842,9.502],[-69.838,9.509],[-69.833,9.518],[-69.834,9.531],[-69.834,9.54],[-69.83,9.548],[-69.832,9.556],[-69.833,9.564],[-69.84,9.568],[-69.849,9.567],[-69.857,9.56],[-69.864,9.555],[-69.868,9.548],[-69.879,9.546],[-69.889,9.547],[-69.898,9.547],[-69.906,9.546],[-69.916,9.544],[-69.924,9.544],[-69.933,9.547],[-69.941,9.55],[-69.95,9.555],[-69.958,9.549],[-69.966,9.544],[-69.974,9.539],[-69.98,9.532],[-69.988,9.516],[-69.994,9.51],[-70.001,9.503],[-70.01,9.499],[-70.012,9.491],[-70.014,9.483],[-70.019,9.476],[-70.019,9.467],[-70.01,9.465],[-70.002,9.465],[-69.998,9.458],[-69.994,9.451],[-70.002,9.446],[-70.014,9.436],[-70.021,9.429],[-70.027,9.421],[-70.034,9.416],[-70.038,9.409],[-70.038,9.401],[-70.036,9.379],[-70.042,9.372],[-70.048,9.366],[-70.055,9.361],[-70.063,9.357],[-70.071,9.351],[-70.075,9.342],[-70.083,9.337],[-70.091,9.336],[-70.099,9.324],[-70.104,9.316],[-70.108,9.308],[-70.114,9.299],[-70.105,9.29],[-70.092,9.281],[-70.081,9.281],[-70.074,9.285],[-70.066,9.282],[-70.063,9.274],[-70.063,9.265],[-70.065,9.257],[-70.067,9.249],[-70.075,9.244],[-70.081,9.237],[-70.086,9.23],[-70.093,9.225],[-70.097,9.218],[-70.093,9.211],[-70.086,9.206],[-70.078,9.208],[-70.072,9.201],[-70.069,9.193],[-70.068,9.185],[-70.064,9.178],[-70.053,9.165],[-70.045,9.158],[-70.045,9.146],[-70.049,9.138],[-70.054,9.13],[-70.062,9.123],[-70.069,9.113],[-70.078,9.105],[-70.087,9.099],[-70.095,9.094],[-70.109,9.087],[-70.121,9.086],[-70.133,9.085],[-70.141,9.084],[-70.151,9.082],[-70.159,9.079],[-70.16,9.07],[-70.171,9.067],[-70.18,9.061],[-70.189,9.059],[-70.199,9.056],[-70.196,9.047],[-70.188,9.041],[-70.188,9.03],[-70.189,9.019],[-70.184,9.01],[-70.179,9.002],[-70.178,8.994],[-70.172,8.988],[-70.166,8.981],[-70.158,8.978],[-70.15,8.974],[-70.142,8.973],[-70.134,8.975],[-70.127,8.969],[-70.126,8.961],[-70.122,8.954],[-70.116,8.948],[-70.108,8.945],[-70.099,8.942],[-70.09,8.939],[-70.082,8.937],[-70.073,8.936],[-70.067,8.93],[-70.059,8.929],[-70.053,8.923],[-70.048,8.916],[-70.047,8.908],[-70.046,8.9],[-70.042,8.892],[-70.035,8.888],[-70.034,8.88],[-70.028,8.874],[-70.024,8.867],[-70.019,8.86],[-70.014,8.853],[-70.01,8.846],[-70.004,8.84],[-70.0,8.833],[-69.993,8.829],[-69.985,8.827],[-69.977,8.829],[-69.97,8.822],[-69.966,8.829],[-69.958,8.825],[-69.951,8.82],[-69.956,8.813],[-69.947,8.809],[-69.941,8.803],[-69.932,8.801],[-69.924,8.803],[-69.931,8.797],[-69.931,8.789],[-69.923,8.788],[-69.915,8.786],[-69.909,8.78],[-69.904,8.773],[-69.896,8.772],[-69.89,8.778],[-69.892,8.786],[-69.884,8.785],[-69.886,8.776],[-69.89,8.769],[-69.882,8.768],[-69.875,8.772],[-69.874,8.764],[-69.867,8.759],[-69.859,8.761],[-69.852,8.757],[-69.845,8.752],[-69.836,8.751],[-69.829,8.744],[-69.821,8.743],[-69.814,8.747],[-69.806,8.749],[-69.799,8.743],[-69.792,8.739],[-69.784,8.741],[-69.776,8.74],[-69.768,8.741],[-69.761,8.746],[-69.765,8.738],[-69.759,8.732],[-69.751,8.735],[-69.743,8.733],[-69.739,8.726],[-69.733,8.719],[-69.726,8.723],[-69.721,8.716],[-69.714,8.712],[-69.706,8.715],[-69.699,8.711],[-69.691,8.708],[-69.685,8.714],[-69.678,8.718],[-69.67,8.713],[-69.664,8.707],[-69.66,8.714],[-69.665,8.721],[-69.658,8.717],[-69.651,8.721],[-69.646,8.728],[-69.639,8.732],[-69.631,8.729],[-69.623,8.732],[-69.615,8.731],[-69.607,8.73],[-69.599,8.731],[-69.591,8.729],[-69.583,8.728],[-69.577,8.722],[-69.569,8.718],[-69.561,8.716],[-69.562,8.708],[-69.564,8.699],[-69.556,8.698],[-69.55,8.692],[-69.54,8.692],[-69.533,8.698],[-69.534,8.69],[-69.531,8.682],[-69.526,8.69],[-69.523,8.682],[-69.514,8.676],[-69.506,8.673],[-69.496,8.672],[-69.488,8.667],[-69.48,8.668],[-69.471,8.668],[-69.463,8.67],[-69.455,8.669],[-69.445,8.668],[-69.436,8.668],[-69.428,8.665],[-69.42,8.66],[-69.414,8.654],[-69.408,8.648],[-69.401,8.641],[-69.393,8.638],[-69.389,8.63],[-69.38,8.627],[-69.371,8.632],[-69.362,8.637],[-69.354,8.638],[-69.345,8.638],[-69.335,8.638],[-69.327,8.635],[-69.318,8.634],[-69.304,8.644],[-69.297,8.638],[-69.289,8.637],[-69.282,8.63],[-69.287,8.62],[-69.288,8.612],[-69.28,8.606],[-69.273,8.602],[-69.269,8.594],[-69.263,8.588],[-69.255,8.589],[-69.248,8.581],[-69.244,8.572],[-69.241,8.564],[-69.235,8.558],[-69.227,8.557],[-69.217,8.557],[-69.213,8.549],[-69.214,8.541],[-69.206,8.534],[-69.197,8.534],[-69.195,8.526],[-69.191,8.519],[-69.194,8.51],[-69.19,8.503],[-69.19,8.494],[-69.19,8.485],[-69.186,8.477],[-69.179,8.473],[-69.178,8.464],[-69.174,8.456],[-69.17,8.449],[-69.164,8.443],[-69.154,8.445],[-69.146,8.443],[-69.139,8.447],[-69.132,8.443],[-69.128,8.436],[-69.12,8.435],[-69.111,8.434],[-69.114,8.426],[-69.113,8.418],[-69.119,8.412],[-69.127,8.411],[-69.135,8.408],[-69.141,8.402],[-69.133,8.405],[-69.135,8.394],[-69.139,8.386],[-69.14,8.376],[-69.144,8.369],[-69.142,8.361],[-69.138,8.354],[-69.132,8.348],[-69.125,8.343],[-69.118,8.337],[-69.109,8.336],[-69.103,8.329],[-69.101,8.321],[-69.097,8.314],[-69.094,8.305],[-69.097,8.297],[-69.09,8.293],[-69.085,8.3],[-69.077,8.296],[-69.069,8.295],[-69.065,8.288],[-69.057,8.289],[-69.049,8.285],[-69.041,8.281],[-69.034,8.277],[-69.03,8.27],[-69.023,8.266],[-69.016,8.261],[-69.009,8.256],[-69.006,8.248],[-68.998,8.249],[-68.991,8.245],[-68.985,8.239],[-68.976,8.236],[-68.968,8.234],[-68.966,8.226],[-68.964,8.217],[-68.961,8.209],[-68.959,8.2],[-68.958,8.191],[-68.954,8.184],[-68.946,8.182],[-68.938,8.179],[-68.931,8.174],[-68.925,8.168],[-68.919,8.162],[-68.92,8.154],[-68.911,8.153],[-68.904,8.148],[-68.895,8.152],[-68.893,8.143],[-68.888,8.136],[-68.883,8.127],[-68.882,8.117],[-68.874,8.115],[-68.872,8.106],[-68.861,8.104],[-68.857,8.096],[-68.85,8.092],[-68.843,8.098],[-68.837,8.091],[-68.828,8.093],[-68.819,8.098],[-68.823,8.106],[-68.831,8.105],[-68.847,8.162],[-68.826,8.22],[-68.795,8.265],[-68.788,8.317],[-68.742,8.332],[-68.605,8.469],[-68.544,8.531],[-68.518,8.558],[-68.512,8.564],[-68.53,8.595],[-68.537,8.599],[-68.545,8.605],[-68.55,8.614],[-68.559,8.617],[-68.567,8.615],[-68.575,8.616],[-68.581,8.622],[-68.582,8.632],[-68.591,8.637],[-68.595,8.629],[-68.604,8.628],[-68.614,8.63],[-68.623,8.635],[-68.632,8.637],[-68.64,8.635],[-68.647,8.64],[-68.642,8.647],[-68.634,8.651],[-68.635,8.66],[-68.642,8.666],[-68.647,8.673],[-68.647,8.684],[-68.648,8.692],[-68.649,8.701],[-68.655,8.708],[-68.664,8.71],[-68.673,8.708],[-68.679,8.702],[-68.687,8.698],[-68.697,8.698],[-68.705,8.704],[-68.713,8.706],[-68.718,8.713],[-68.722,8.72],[-68.725,8.728],[-68.733,8.735],[-68.736,8.743],[-68.729,8.747],[-68.727,8.739],[-68.719,8.738],[-68.713,8.744],[-68.705,8.743],[-68.697,8.744],[-68.689,8.749],[-68.69,8.757],[-68.683,8.763],[-68.674,8.765],[-68.666,8.768],[-68.658,8.771],[-68.654,8.778],[-68.645,8.777],[-68.64,8.784],[-68.641,8.792],[-68.634,8.798],[-68.627,8.803],[-68.619,8.807],[-68.62,8.815],[-68.611,8.816],[-68.609,8.824],[-68.601,8.82],[-68.594,8.825],[-68.586,8.822],[-68.584,8.83],[-68.58,8.837],[-68.571,8.837],[-68.561,8.833],[-68.553,8.837],[-68.565,8.845],[-68.572,8.849],[-68.579,8.854],[-68.576,8.862],[-68.584,8.865],[-68.586,8.874],[-68.594,8.876],[-68.595,8.884],[-68.603,8.887],[-68.604,8.895],[-68.611,8.899],[-68.618,8.905],[-68.621,8.913],[-68.62,8.921],[-68.621,8.929],[-68.626,8.936],[-68.63,8.943],[-68.636,8.949],[-68.644,8.953],[-68.651,8.957],[-68.658,8.963],[-68.655,8.972],[-68.658,8.981],[-68.663,8.989],[-68.629,9.219],[-68.637,9.222],[-68.645,9.216],[-68.648,9.226],[-68.656,9.229],[-68.663,9.225],[-68.67,9.23],[-68.677,9.234],[-68.686,9.235],[-68.693,9.24],[-68.697,9.248],[-68.703,9.256],[-68.705,9.248],[-68.713,9.25],[-68.721,9.252],[-68.728,9.257],[-68.735,9.261],[-68.743,9.26],[-68.748,9.267],[-68.757,9.269],[-68.764,9.273],[-68.772,9.275],[-68.78,9.276],[-68.779,9.284],[-68.771,9.29],[-68.764,9.294],[-68.762,9.302],[-68.763,9.31],[-68.771,9.309],[-68.779,9.315],[-68.782,9.323],[-68.789,9.327],[-68.788,9.335],[-68.796,9.335],[-68.8,9.342],[-68.811,9.346],[-68.818,9.35],[-68.826,9.356],[-68.835,9.359],[-68.842,9.363],[-68.848,9.369],[-68.855,9.377],[-68.859,9.386],[-68.868,9.391],[-68.865,9.399],[-68.864,9.407],[-68.874,9.406],[-68.88,9.399],[-68.887,9.405],[-68.885,9.413],[-68.886,9.421],[-68.891,9.428],[-68.896,9.436],[-68.895,9.444],[-68.895,9.453],[-68.892,9.461],[-68.896,9.47],[-68.9,9.478],[-68.9,9.487],[-68.895,9.494],[-68.894,9.504],[-68.893,9.514],[-68.898,9.521],[-68.901,9.529],[-68.908,9.534],[-68.907,9.543],[-68.906,9.551],[-68.905,9.559],[-68.908,9.567],[-68.911,9.575],[-68.917,9.583],[-68.92,9.591],[-68.923,9.599],[-68.924,9.608],[-68.922,9.617],[-68.929,9.622],[-68.933,9.63],[-68.938,9.637],[-68.944,9.644],[-68.945,9.652],[-68.95,9.659],[-68.957,9.664],[-68.964,9.67],[-68.965,9.679],[-68.963,9.687],[-68.963,9.695],[-68.964,9.704],[-68.969,9.712],[-68.97,9.72],[-68.977,9.715],[-68.983,9.721],[-68.987,9.728],[-68.983,9.735],[-68.982,9.743],[-68.98,9.751],[-68.984,9.759],[-68.977,9.764],[-68.977,9.772],[-68.984,9.778],[-68.986,9.77],[-68.996,9.765],[-69.004,9.763],[-69.015,9.759],[-69.022,9.755],[-69.032,9.752],[-69.039,9.746],[-69.047,9.744],[-69.055,9.738],[-69.056,9.73],[-69.056,9.72],[-69.062,9.714],[-69.07,9.711],[-69.079,9.711],[-69.087,9.71],[-69.095,9.706],[-69.103,9.699],[-69.126,9.691],[-69.144,9.686],[-69.154,9.683],[-69.163,9.682],[-69.177,9.679],[-69.185,9.678],[-69.193,9.675],[-69.201,9.676],[-69.211,9.679],[-69.22,9.68],[-69.228,9.682],[-69.237,9.684],[-69.244,9.688],[-69.248,9.695],[-69.251,9.704],[-69.255,9.711],[-69.263,9.713],[-69.275,9.741],[-69.281,9.747],[-69.275,9.757],[-69.266,9.76],[-69.261,9.768],[-69.264,9.776],[-69.269,9.783],[-69.275,9.79],[-69.276,9.798],[-69.278,9.807],[-69.274,9.814],[-69.269,9.821],[-69.268,9.831],[-69.276,9.836],[-69.278,9.842],[-69.284,9.846]]]}},{"type":"Feature","id":20,"properties":{"adm1_name":"Sucre","adm1_pcode":"VE19","source_id":20},"geometry":{"type":"MultiPolygon","coordinates":[[[[-62.711,10.765],[-62.719,10.762],[-62.727,10.759],[-62.735,10.756],[-62.741,10.75],[-62.749,10.747],[-62.753,10.74],[-62.761,10.736],[-62.769,10.734],[-62.777,10.734],[-62.785,10.733],[-62.793,10.73],[-62.801,10.728],[-62.807,10.721],[-62.815,10.719],[-62.823,10.72],[-62.83,10.715],[-62.838,10.712],[-62.846,10.714],[-62.853,10.709],[-62.861,10.708],[-62.868,10.704],[-62.875,10.698],[-62.883,10.7],[-62.891,10.702],[-62.898,10.697],[-62.905,10.692],[-62.913,10.695],[-62.921,10.698],[-62.929,10.698],[-62.938,10.698],[-62.947,10.699],[-62.955,10.7],[-62.963,10.7],[-62.971,10.703],[-62.978,10.709],[-62.986,10.71],[-62.993,10.714],[-62.999,10.72],[-63.008,10.72],[-63.013,10.713],[-63.021,10.71],[-63.029,10.71],[-63.037,10.711],[-63.048,10.715],[-63.056,10.716],[-63.064,10.714],[-63.072,10.712],[-63.08,10.709],[-63.088,10.712],[-63.096,10.71],[-63.104,10.709],[-63.112,10.706],[-63.119,10.701],[-63.127,10.702],[-63.135,10.703],[-63.142,10.708],[-63.151,10.711],[-63.157,10.717],[-63.153,10.724],[-63.161,10.726],[-63.16,10.718],[-63.166,10.712],[-63.174,10.709],[-63.182,10.707],[-63.19,10.704],[-63.198,10.701],[-63.206,10.697],[-63.214,10.695],[-63.221,10.691],[-63.229,10.689],[-63.229,10.681],[-63.235,10.675],[-63.243,10.675],[-63.251,10.672],[-63.26,10.671],[-63.268,10.671],[-63.272,10.678],[-63.275,10.67],[-63.279,10.663],[-63.288,10.664],[-63.296,10.667],[-63.303,10.671],[-63.311,10.674],[-63.317,10.68],[-63.325,10.682],[-63.329,10.675],[-63.335,10.669],[-63.344,10.671],[-63.353,10.675],[-63.359,10.681],[-63.362,10.689],[-63.366,10.682],[-63.374,10.681],[-63.383,10.684],[-63.386,10.692],[-63.392,10.686],[-63.397,10.679],[-63.4,10.687],[-63.402,10.679],[-63.404,10.671],[-63.409,10.664],[-63.417,10.661],[-63.426,10.661],[-63.432,10.667],[-63.436,10.66],[-63.44,10.653],[-63.446,10.659],[-63.454,10.662],[-63.462,10.661],[-63.468,10.655],[-63.475,10.649],[-63.483,10.65],[-63.491,10.653],[-63.499,10.654],[-63.492,10.648],[-63.495,10.64],[-63.501,10.634],[-63.511,10.632],[-63.519,10.63],[-63.527,10.628],[-63.536,10.628],[-63.545,10.628],[-63.553,10.63],[-63.561,10.632],[-63.57,10.629],[-63.578,10.632],[-63.586,10.634],[-63.595,10.63],[-63.603,10.633],[-63.611,10.635],[-63.619,10.634],[-63.627,10.635],[-63.636,10.635],[-63.644,10.638],[-63.652,10.638],[-63.66,10.64],[-63.668,10.641],[-63.677,10.641],[-63.685,10.642],[-63.693,10.645],[-63.701,10.649],[-63.708,10.654],[-63.716,10.656],[-63.724,10.653],[-63.732,10.653],[-63.74,10.654],[-63.748,10.656],[-63.756,10.659],[-63.764,10.66],[-63.775,10.669],[-63.784,10.679],[-63.793,10.688],[-63.803,10.698],[-63.809,10.706],[-63.815,10.7],[-63.815,10.689],[-63.821,10.681],[-63.825,10.674],[-63.823,10.666],[-63.815,10.668],[-63.807,10.671],[-63.8,10.676],[-63.795,10.683],[-63.787,10.68],[-63.788,10.672],[-63.797,10.67],[-63.805,10.666],[-63.809,10.658],[-63.815,10.652],[-63.817,10.66],[-63.826,10.662],[-63.824,10.653],[-63.832,10.65],[-63.839,10.643],[-63.847,10.64],[-63.856,10.639],[-63.864,10.637],[-63.873,10.634],[-63.882,10.634],[-63.889,10.63],[-63.897,10.629],[-63.905,10.628],[-63.913,10.627],[-63.921,10.625],[-63.931,10.626],[-63.938,10.631],[-63.946,10.633],[-63.954,10.633],[-63.961,10.629],[-63.969,10.628],[-63.978,10.629],[-63.988,10.633],[-63.996,10.63],[-64.003,10.634],[-64.01,10.629],[-64.018,10.631],[-64.026,10.632],[-64.034,10.634],[-64.039,10.641],[-64.044,10.649],[-64.052,10.651],[-64.06,10.649],[-64.068,10.648],[-64.071,10.64],[-64.079,10.637],[-64.087,10.635],[-64.095,10.634],[-64.104,10.634],[-64.111,10.63],[-64.116,10.623],[-64.124,10.62],[-64.132,10.62],[-64.139,10.616],[-64.146,10.621],[-64.154,10.619],[-64.16,10.625],[-64.168,10.629],[-64.176,10.627],[-64.184,10.63],[-64.189,10.637],[-64.196,10.641],[-64.204,10.642],[-64.212,10.64],[-64.221,10.64],[-64.23,10.64],[-64.238,10.638],[-64.246,10.643],[-64.253,10.652],[-64.257,10.66],[-64.264,10.664],[-64.266,10.656],[-64.271,10.649],[-64.279,10.647],[-64.284,10.64],[-64.292,10.639],[-64.296,10.632],[-64.291,10.624],[-64.287,10.614],[-64.284,10.606],[-64.282,10.597],[-64.276,10.591],[-64.273,10.583],[-64.267,10.577],[-64.259,10.574],[-64.251,10.576],[-64.247,10.584],[-64.239,10.583],[-64.239,10.575],[-64.246,10.569],[-64.253,10.565],[-64.258,10.572],[-64.26,10.564],[-64.261,10.556],[-64.263,10.548],[-64.26,10.539],[-64.254,10.533],[-64.25,10.526],[-64.247,10.518],[-64.241,10.512],[-64.234,10.508],[-64.225,10.51],[-64.218,10.516],[-64.214,10.524],[-64.213,10.532],[-64.212,10.542],[-64.205,10.55],[-64.199,10.556],[-64.191,10.557],[-64.183,10.558],[-64.176,10.562],[-64.169,10.567],[-64.162,10.571],[-64.154,10.572],[-64.146,10.575],[-64.138,10.576],[-64.13,10.578],[-64.125,10.571],[-64.117,10.569],[-64.109,10.566],[-64.101,10.568],[-64.093,10.57],[-64.085,10.571],[-64.078,10.576],[-64.07,10.573],[-64.062,10.575],[-64.054,10.576],[-64.06,10.582],[-64.052,10.584],[-64.051,10.592],[-64.05,10.6],[-64.047,10.592],[-64.038,10.592],[-64.03,10.593],[-64.022,10.594],[-64.028,10.588],[-64.036,10.585],[-64.044,10.582],[-64.04,10.575],[-64.032,10.577],[-64.024,10.576],[-64.016,10.577],[-64.008,10.579],[-63.999,10.579],[-63.991,10.578],[-63.983,10.577],[-63.975,10.578],[-63.967,10.579],[-63.959,10.58],[-63.951,10.579],[-63.945,10.573],[-63.937,10.57],[-63.93,10.565],[-63.922,10.56],[-63.915,10.555],[-63.906,10.553],[-63.897,10.552],[-63.888,10.552],[-63.88,10.551],[-63.872,10.552],[-63.864,10.554],[-63.856,10.552],[-63.848,10.553],[-63.839,10.552],[-63.831,10.55],[-63.823,10.55],[-63.814,10.546],[-63.807,10.542],[-63.801,10.536],[-63.794,10.532],[-63.787,10.526],[-63.779,10.527],[-63.771,10.524],[-63.763,10.522],[-63.756,10.517],[-63.75,10.511],[-63.744,10.505],[-63.74,10.498],[-63.732,10.496],[-63.724,10.495],[-63.716,10.493],[-63.708,10.491],[-63.704,10.482],[-63.696,10.481],[-63.688,10.482],[-63.681,10.486],[-63.674,10.49],[-63.667,10.494],[-63.658,10.495],[-63.65,10.495],[-63.643,10.49],[-63.651,10.49],[-63.659,10.487],[-63.661,10.479],[-63.668,10.474],[-63.677,10.47],[-63.685,10.471],[-63.692,10.467],[-63.7,10.465],[-63.708,10.467],[-63.715,10.463],[-63.724,10.461],[-63.731,10.466],[-63.739,10.464],[-63.746,10.458],[-63.754,10.459],[-63.759,10.452],[-63.767,10.451],[-63.775,10.449],[-63.783,10.446],[-63.792,10.443],[-63.8,10.441],[-63.808,10.441],[-63.815,10.445],[-63.821,10.439],[-63.829,10.441],[-63.836,10.445],[-63.845,10.448],[-63.852,10.444],[-63.86,10.443],[-63.868,10.442],[-63.877,10.443],[-63.885,10.445],[-63.893,10.445],[-63.899,10.451],[-63.906,10.455],[-63.913,10.451],[-63.922,10.449],[-63.93,10.448],[-63.938,10.449],[-63.946,10.45],[-63.954,10.453],[-63.962,10.449],[-63.97,10.446],[-63.979,10.447],[-63.987,10.446],[-63.995,10.444],[-64.01,10.442],[-64.018,10.441],[-64.024,10.435],[-64.029,10.442],[-64.037,10.444],[-64.045,10.441],[-64.054,10.441],[-64.063,10.444],[-64.071,10.445],[-64.079,10.446],[-64.087,10.449],[-64.093,10.455],[-64.099,10.461],[-64.106,10.466],[-64.11,10.474],[-64.116,10.48],[-64.117,10.472],[-64.125,10.475],[-64.133,10.474],[-64.141,10.473],[-64.15,10.473],[-64.157,10.477],[-64.165,10.478],[-64.173,10.48],[-64.181,10.478],[-64.189,10.476],[-64.193,10.469],[-64.194,10.461],[-64.191,10.453],[-64.195,10.446],[-64.199,10.439],[-64.205,10.433],[-64.211,10.427],[-64.217,10.421],[-64.224,10.417],[-64.232,10.414],[-64.24,10.413],[-64.248,10.415],[-64.256,10.412],[-64.264,10.413],[-64.272,10.414],[-64.28,10.413],[-64.288,10.411],[-64.294,10.404],[-64.3,10.41],[-64.308,10.41],[-64.315,10.406],[-64.321,10.399],[-64.329,10.402],[-64.337,10.399],[-64.338,10.391],[-64.334,10.384],[-64.342,10.383],[-64.34,10.375],[-64.336,10.368],[-64.344,10.365],[-64.34,10.358],[-64.338,10.35],[-64.345,10.346],[-64.352,10.342],[-64.36,10.34],[-64.366,10.334],[-64.368,10.342],[-64.363,10.349],[-64.362,10.357],[-64.354,10.36],[-64.349,10.367],[-64.349,10.376],[-64.348,10.384],[-64.355,10.389],[-64.353,10.397],[-64.361,10.398],[-64.366,10.391],[-64.372,10.385],[-64.376,10.392],[-64.382,10.386],[-64.389,10.382],[-64.393,10.375],[-64.385,10.372],[-64.378,10.368],[-64.385,10.364],[-64.386,10.356],[-64.381,10.349],[-64.377,10.342],[-64.384,10.337],[-64.393,10.338],[-64.399,10.331],[-64.407,10.333],[-64.415,10.332],[-64.421,10.325],[-64.428,10.319],[-64.436,10.318],[-64.441,10.325],[-64.449,10.324],[-64.455,10.331],[-64.463,10.333],[-64.457,10.326],[-64.459,10.317],[-64.45,10.318],[-64.444,10.312],[-64.434,10.315],[-64.426,10.318],[-64.419,10.313],[-64.41,10.314],[-64.4,10.314],[-64.392,10.314],[-64.385,10.318],[-64.376,10.321],[-64.368,10.317],[-64.365,10.308],[-64.371,10.302],[-64.378,10.306],[-64.381,10.298],[-64.389,10.294],[-64.397,10.29],[-64.403,10.283],[-64.411,10.285],[-64.419,10.286],[-64.427,10.283],[-64.435,10.282],[-64.442,10.277],[-64.45,10.279],[-64.444,10.273],[-64.447,10.264],[-64.456,10.263],[-64.457,10.255],[-64.465,10.253],[-64.472,10.249],[-64.481,10.245],[-64.489,10.242],[-64.498,10.244],[-64.505,10.248],[-64.513,10.25],[-64.523,10.252],[-64.531,10.253],[-64.523,10.246],[-64.515,10.238],[-64.512,10.229],[-64.515,10.221],[-64.508,10.217],[-64.499,10.215],[-64.493,10.208],[-64.489,10.199],[-64.48,10.195],[-64.471,10.192],[-64.461,10.193],[-64.45,10.191],[-64.442,10.189],[-64.444,10.126],[-64.429,10.131],[-64.423,10.137],[-64.413,10.136],[-64.405,10.134],[-64.399,10.127],[-64.398,10.119],[-64.391,10.114],[-64.39,10.105],[-64.384,10.098],[-64.376,10.097],[-64.365,10.097],[-64.369,10.09],[-64.361,10.085],[-64.352,10.085],[-64.345,10.08],[-64.335,10.081],[-64.328,10.086],[-64.322,10.092],[-64.313,10.094],[-64.3,10.095],[-64.286,10.093],[-64.282,10.086],[-64.275,10.08],[-64.272,10.063],[-64.263,10.062],[-64.254,10.062],[-64.246,10.063],[-64.236,10.063],[-64.228,10.064],[-64.22,10.065],[-64.212,10.067],[-64.202,10.066],[-64.188,10.07],[-64.178,10.068],[-64.17,10.071],[-64.162,10.075],[-64.154,10.077],[-64.143,10.08],[-64.135,10.082],[-64.126,10.084],[-64.117,10.085],[-64.107,10.09],[-64.098,10.092],[-64.09,10.097],[-64.081,10.097],[-64.073,10.095],[-64.063,10.096],[-64.053,10.099],[-64.052,10.107],[-64.048,10.115],[-64.038,10.12],[-64.029,10.12],[-64.021,10.119],[-64.013,10.112],[-64.002,10.109],[-63.993,10.11],[-63.981,10.107],[-63.966,10.104],[-63.961,10.094],[-63.956,10.084],[-63.945,10.088],[-63.933,10.084],[-63.915,10.092],[-63.889,10.099],[-63.878,10.102],[-63.87,10.106],[-63.836,10.106],[-63.826,10.111],[-63.814,10.104],[-63.806,10.122],[-63.794,10.139],[-63.794,10.15],[-63.784,10.157],[-63.774,10.157],[-63.769,10.183],[-63.756,10.178],[-63.724,10.189],[-63.709,10.195],[-63.699,10.197],[-63.691,10.203],[-63.683,10.206],[-63.674,10.21],[-63.66,10.217],[-63.652,10.22],[-63.644,10.222],[-63.635,10.218],[-63.627,10.215],[-63.619,10.216],[-63.609,10.216],[-63.6,10.215],[-63.597,10.207],[-63.593,10.2],[-63.584,10.198],[-63.573,10.202],[-63.564,10.205],[-63.559,10.214],[-63.558,10.223],[-63.555,10.231],[-63.548,10.235],[-63.545,10.243],[-63.543,10.252],[-63.547,10.259],[-63.55,10.268],[-63.541,10.275],[-63.534,10.281],[-63.529,10.288],[-63.519,10.291],[-63.511,10.296],[-63.501,10.296],[-63.492,10.298],[-63.487,10.305],[-63.478,10.311],[-63.47,10.316],[-63.461,10.319],[-63.458,10.31],[-63.452,10.303],[-63.447,10.295],[-63.427,10.289],[-63.411,10.288],[-63.419,10.272],[-63.428,10.256],[-63.401,10.259],[-63.388,10.239],[-63.355,10.244],[-63.336,10.213],[-63.317,10.213],[-63.287,10.212],[-63.257,10.202],[-63.255,10.192],[-63.224,10.192],[-63.212,10.163],[-63.196,10.162],[-63.188,10.144],[-63.18,10.151],[-63.172,10.157],[-63.163,10.16],[-63.154,10.166],[-63.15,10.174],[-63.146,10.182],[-63.147,10.191],[-63.142,10.198],[-63.139,10.207],[-63.135,10.215],[-63.13,10.223],[-63.121,10.222],[-63.12,10.212],[-63.115,10.204],[-63.111,10.196],[-63.105,10.188],[-63.095,10.184],[-63.087,10.186],[-63.084,10.196],[-63.077,10.201],[-63.067,10.201],[-63.064,10.192],[-63.066,10.184],[-63.063,10.176],[-63.055,10.174],[-63.056,10.163],[-63.055,10.154],[-63.05,10.147],[-63.044,10.141],[-63.045,10.131],[-63.045,10.123],[-63.037,10.116],[-63.031,10.11],[-63.023,10.102],[-63.013,10.096],[-63.004,10.092],[-62.997,10.085],[-62.991,10.075],[-62.985,10.069],[-62.977,10.069],[-62.971,10.077],[-62.972,10.085],[-62.967,10.093],[-62.958,10.095],[-62.947,10.093],[-62.939,10.083],[-62.936,10.075],[-62.924,10.082],[-62.916,10.089],[-62.907,10.093],[-62.897,10.092],[-62.893,10.083],[-62.894,10.071],[-62.899,10.061],[-62.887,10.053],[-62.878,10.051],[-62.866,10.05],[-62.858,10.058],[-62.856,10.067],[-62.854,10.076],[-62.845,10.077],[-62.838,10.072],[-62.836,10.06],[-62.835,10.051],[-62.83,10.04],[-62.821,10.034],[-62.807,10.033],[-62.795,10.033],[-62.787,10.035],[-62.79,10.045],[-62.79,10.053],[-62.786,10.063],[-62.775,10.078],[-62.761,10.084],[-62.753,10.085],[-62.745,10.079],[-62.74,10.068],[-62.733,10.061],[-62.719,10.058],[-62.705,10.058],[-62.689,10.063],[-62.681,10.063],[-62.669,10.066],[-62.656,10.072],[-62.641,10.085],[-62.627,10.096],[-62.616,10.101],[-62.609,10.111],[-62.613,10.132],[-62.619,10.154],[-62.633,10.201],[-62.635,10.222],[-62.635,10.241],[-62.634,10.251],[-62.632,10.259],[-62.631,10.267],[-62.665,10.297],[-62.647,10.331],[-62.649,10.342],[-62.653,10.355],[-62.742,10.454],[-62.754,10.471],[-62.761,10.495],[-62.769,10.502],[-62.808,10.492],[-62.811,10.468],[-62.807,10.443],[-62.8,10.422],[-62.81,10.399],[-62.817,10.387],[-62.828,10.397],[-62.826,10.41],[-62.824,10.422],[-62.827,10.435],[-62.831,10.448],[-62.836,10.462],[-62.838,10.475],[-62.838,10.488],[-62.833,10.508],[-62.839,10.524],[-62.85,10.531],[-62.852,10.539],[-62.838,10.539],[-62.83,10.539],[-62.822,10.54],[-62.813,10.543],[-62.805,10.546],[-62.796,10.551],[-62.787,10.557],[-62.779,10.558],[-62.771,10.559],[-62.762,10.559],[-62.754,10.563],[-62.748,10.556],[-62.739,10.559],[-62.729,10.559],[-62.721,10.558],[-62.713,10.56],[-62.704,10.561],[-62.696,10.564],[-62.689,10.57],[-62.68,10.574],[-62.672,10.576],[-62.664,10.577],[-62.656,10.578],[-62.648,10.576],[-62.64,10.574],[-62.633,10.569],[-62.624,10.572],[-62.615,10.57],[-62.606,10.568],[-62.598,10.567],[-62.59,10.564],[-62.582,10.565],[-62.574,10.563],[-62.567,10.559],[-62.558,10.555],[-62.547,10.55],[-62.539,10.551],[-62.531,10.548],[-62.524,10.544],[-62.516,10.548],[-62.501,10.553],[-62.492,10.552],[-62.484,10.55],[-62.476,10.55],[-62.464,10.549],[-62.453,10.54],[-62.441,10.533],[-62.433,10.534],[-62.426,10.538],[-62.415,10.546],[-62.408,10.55],[-62.399,10.55],[-62.391,10.554],[-62.381,10.55],[-62.373,10.544],[-62.364,10.54],[-62.358,10.533],[-62.35,10.534],[-62.34,10.535],[-62.332,10.54],[-62.323,10.538],[-62.317,10.545],[-62.312,10.552],[-62.308,10.559],[-62.301,10.563],[-62.291,10.568],[-62.292,10.576],[-62.289,10.584],[-62.285,10.593],[-62.278,10.598],[-62.272,10.604],[-62.268,10.611],[-62.264,10.618],[-62.259,10.625],[-62.253,10.631],[-62.245,10.633],[-62.236,10.634],[-62.227,10.635],[-62.219,10.632],[-62.211,10.636],[-62.203,10.635],[-62.195,10.634],[-62.187,10.634],[-62.179,10.635],[-62.171,10.637],[-62.163,10.637],[-62.156,10.641],[-62.149,10.636],[-62.141,10.635],[-62.133,10.633],[-62.13,10.641],[-62.125,10.634],[-62.117,10.635],[-62.109,10.634],[-62.101,10.631],[-62.093,10.634],[-62.086,10.63],[-62.078,10.631],[-62.077,10.639],[-62.069,10.642],[-62.061,10.641],[-62.064,10.633],[-62.056,10.635],[-62.05,10.641],[-62.046,10.634],[-62.038,10.632],[-62.03,10.633],[-62.027,10.641],[-62.019,10.644],[-62.013,10.638],[-62.006,10.642],[-61.998,10.641],[-61.992,10.647],[-61.985,10.652],[-61.981,10.644],[-61.973,10.642],[-61.965,10.644],[-61.957,10.644],[-61.951,10.65],[-61.944,10.654],[-61.939,10.661],[-61.931,10.664],[-61.928,10.656],[-61.92,10.657],[-61.913,10.661],[-61.905,10.664],[-61.909,10.671],[-61.906,10.679],[-61.903,10.687],[-61.899,10.694],[-61.9,10.686],[-61.901,10.678],[-61.894,10.673],[-61.889,10.68],[-61.883,10.686],[-61.884,10.694],[-61.878,10.7],[-61.879,10.708],[-61.878,10.716],[-61.877,10.724],[-61.869,10.723],[-61.864,10.73],[-61.856,10.733],[-61.848,10.734],[-61.855,10.74],[-61.863,10.742],[-61.871,10.74],[-61.875,10.732],[-61.883,10.731],[-61.892,10.731],[-61.902,10.731],[-61.91,10.73],[-61.917,10.734],[-61.919,10.725],[-61.924,10.718],[-61.931,10.714],[-61.939,10.714],[-61.946,10.719],[-61.953,10.723],[-61.961,10.726],[-61.959,10.718],[-61.967,10.716],[-61.975,10.714],[-61.98,10.721],[-61.988,10.72],[-61.995,10.724],[-62.003,10.726],[-62.002,10.718],[-62.006,10.71],[-62.014,10.712],[-62.018,10.705],[-62.026,10.708],[-62.027,10.716],[-62.036,10.716],[-62.044,10.717],[-62.052,10.714],[-62.05,10.706],[-62.057,10.701],[-62.065,10.702],[-62.073,10.701],[-62.081,10.705],[-62.089,10.703],[-62.096,10.699],[-62.1,10.706],[-62.109,10.704],[-62.117,10.701],[-62.125,10.702],[-62.133,10.701],[-62.141,10.704],[-62.144,10.696],[-62.151,10.69],[-62.157,10.684],[-62.165,10.683],[-62.173,10.685],[-62.182,10.685],[-62.189,10.691],[-62.193,10.698],[-62.201,10.7],[-62.208,10.696],[-62.216,10.696],[-62.224,10.698],[-62.232,10.699],[-62.24,10.699],[-62.248,10.697],[-62.256,10.696],[-62.263,10.7],[-62.271,10.697],[-62.278,10.692],[-62.286,10.691],[-62.291,10.698],[-62.299,10.697],[-62.307,10.699],[-62.309,10.707],[-62.317,10.705],[-62.325,10.707],[-62.333,10.71],[-62.341,10.711],[-62.349,10.712],[-62.357,10.712],[-62.365,10.714],[-62.373,10.712],[-62.381,10.716],[-62.389,10.717],[-62.398,10.717],[-62.407,10.717],[-62.415,10.718],[-62.424,10.719],[-62.432,10.719],[-62.44,10.723],[-62.448,10.723],[-62.456,10.723],[-62.464,10.724],[-62.472,10.725],[-62.48,10.724],[-62.487,10.728],[-62.495,10.726],[-62.503,10.729],[-62.511,10.73],[-62.519,10.728],[-62.526,10.733],[-62.534,10.732],[-62.542,10.733],[-62.55,10.732],[-62.557,10.736],[-62.565,10.735],[-62.573,10.739],[-62.581,10.736],[-62.589,10.737],[-62.596,10.741],[-62.604,10.739],[-62.612,10.742],[-62.62,10.741],[-62.628,10.742],[-62.636,10.744],[-62.644,10.742],[-62.652,10.742],[-62.66,10.743],[-62.668,10.742],[-62.676,10.744],[-62.684,10.745],[-62.692,10.746],[-62.699,10.752],[-62.705,10.758],[-62.71,10.765],[-62.711,10.765]]],[[[-64.473,10.262],[-64.473,10.262],[-64.473,10.263],[-64.473,10.262]]],[[[-64.488,10.268],[-64.482,10.262],[-64.488,10.268],[-64.488,10.267],[-64.488,10.268]]],[[[-64.494,10.268],[-64.494,10.268],[-64.494,10.268]]],[[[-64.496,10.363],[-64.502,10.357],[-64.508,10.351],[-64.5,10.35],[-64.498,10.358],[-64.495,10.363],[-64.496,10.363]]],[[[-64.496,10.365],[-64.496,10.366],[-64.495,10.366],[-64.496,10.365]]],[[[-64.403,10.373],[-64.403,10.364],[-64.408,10.357],[-64.412,10.35],[-64.404,10.353],[-64.396,10.357],[-64.398,10.365],[-64.402,10.373],[-64.403,10.373]]],[[[-64.454,10.371],[-64.462,10.369],[-64.469,10.365],[-64.461,10.363],[-64.454,10.359],[-64.446,10.357],[-64.44,10.35],[-64.431,10.35],[-64.438,10.354],[-64.439,10.362],[-64.443,10.369],[-64.45,10.365],[-64.452,10.371],[-64.454,10.371]]],[[[-64.425,10.382],[-64.428,10.374],[-64.437,10.372],[-64.436,10.364],[-64.432,10.357],[-64.425,10.361],[-64.416,10.362],[-64.417,10.37],[-64.412,10.377],[-64.419,10.381],[-64.424,10.382],[-64.425,10.382]]],[[[-63.971,10.666],[-63.971,10.666],[-63.971,10.666]]],[[[-63.969,10.677],[-63.969,10.678],[-63.97,10.677],[-63.969,10.677]]],[[[-63.875,10.69],[-63.874,10.69],[-63.874,10.69],[-63.875,10.69]]]]}},{"type":"Feature","id":21,"properties":{"adm1_name":"Táchira","adm1_pcode":"VE20","source_id":21},"geometry":{"type":"Polygon","coordinates":[[[-71.974,8.647],[-71.982,8.646],[-71.987,8.638],[-71.983,8.63],[-71.983,8.622],[-71.985,8.614],[-71.981,8.607],[-71.974,8.602],[-71.976,8.594],[-71.978,8.586],[-71.982,8.579],[-71.985,8.571],[-71.985,8.562],[-71.984,8.553],[-71.981,8.545],[-71.979,8.537],[-71.977,8.528],[-71.975,8.52],[-71.995,8.494],[-72.071,8.429],[-72.084,8.428],[-72.158,8.424],[-72.173,8.423],[-72.216,8.422],[-72.309,8.376],[-72.309,8.391],[-72.319,8.404],[-72.323,8.434],[-72.323,8.445],[-72.325,8.459],[-72.335,8.473],[-72.341,8.49],[-72.344,8.501],[-72.351,8.496],[-72.35,8.488],[-72.351,8.48],[-72.359,8.478],[-72.36,8.469],[-72.352,8.468],[-72.35,8.459],[-72.353,8.451],[-72.352,8.443],[-72.355,8.434],[-72.363,8.431],[-72.368,8.424],[-72.376,8.43],[-72.381,8.421],[-72.389,8.417],[-72.392,8.408],[-72.4,8.405],[-72.394,8.399],[-72.401,8.395],[-72.406,8.388],[-72.403,8.379],[-72.404,8.371],[-72.403,8.363],[-72.402,8.355],[-72.395,8.359],[-72.394,8.351],[-72.388,8.345],[-72.395,8.341],[-72.395,8.332],[-72.394,8.324],[-72.387,8.318],[-72.382,8.311],[-72.386,8.304],[-72.386,8.296],[-72.389,8.288],[-72.387,8.28],[-72.387,8.271],[-72.39,8.263],[-72.391,8.255],[-72.387,8.248],[-72.386,8.24],[-72.382,8.233],[-72.381,8.225],[-72.377,8.217],[-72.377,8.209],[-72.371,8.203],[-72.374,8.195],[-72.367,8.19],[-72.364,8.182],[-72.359,8.175],[-72.355,8.167],[-72.353,8.159],[-72.359,8.153],[-72.366,8.149],[-72.365,8.141],[-72.361,8.134],[-72.362,8.126],[-72.364,8.118],[-72.37,8.112],[-72.374,8.105],[-72.371,8.097],[-72.365,8.091],[-72.357,8.088],[-72.351,8.082],[-72.352,8.074],[-72.35,8.066],[-72.349,8.058],[-72.348,8.05],[-72.347,8.042],[-72.349,8.034],[-72.355,8.028],[-72.349,8.021],[-72.348,8.013],[-72.349,8.005],[-72.357,8.008],[-72.363,8.014],[-72.368,8.021],[-72.375,8.025],[-72.38,8.032],[-72.388,8.035],[-72.396,8.033],[-72.404,8.035],[-72.412,8.034],[-72.413,8.026],[-72.416,8.018],[-72.418,8.01],[-72.419,8.002],[-72.42,7.994],[-72.427,7.99],[-72.435,7.992],[-72.44,7.985],[-72.443,7.977],[-72.447,7.97],[-72.454,7.966],[-72.462,7.963],[-72.47,7.961],[-72.476,7.955],[-72.482,7.949],[-72.488,7.943],[-72.488,7.935],[-72.487,7.927],[-72.478,7.927],[-72.475,7.919],[-72.467,7.918],[-72.461,7.912],[-72.462,7.904],[-72.459,7.896],[-72.457,7.888],[-72.457,7.88],[-72.451,7.874],[-72.449,7.866],[-72.445,7.859],[-72.449,7.852],[-72.448,7.844],[-72.451,7.836],[-72.448,7.828],[-72.45,7.82],[-72.454,7.813],[-72.457,7.805],[-72.463,7.799],[-72.469,7.793],[-72.469,7.785],[-72.469,7.777],[-72.47,7.769],[-72.472,7.761],[-72.474,7.753],[-72.472,7.745],[-72.472,7.737],[-72.471,7.729],[-72.473,7.721],[-72.471,7.713],[-72.471,7.705],[-72.474,7.697],[-72.474,7.689],[-72.476,7.681],[-72.473,7.673],[-72.474,7.665],[-72.475,7.657],[-72.474,7.649],[-72.474,7.641],[-72.476,7.633],[-72.473,7.625],[-72.47,7.617],[-72.468,7.609],[-72.466,7.601],[-72.465,7.593],[-72.46,7.586],[-72.456,7.579],[-72.453,7.571],[-72.453,7.563],[-72.455,7.555],[-72.456,7.547],[-72.46,7.54],[-72.466,7.534],[-72.47,7.527],[-72.474,7.52],[-72.474,7.512],[-72.474,7.504],[-72.478,7.497],[-72.476,7.489],[-72.47,7.483],[-72.462,7.482],[-72.458,7.475],[-72.453,7.468],[-72.447,7.462],[-72.445,7.454],[-72.443,7.446],[-72.442,7.438],[-72.442,7.43],[-72.442,7.422],[-72.438,7.414],[-72.432,7.406],[-72.425,7.401],[-72.416,7.401],[-72.411,7.408],[-72.403,7.411],[-72.395,7.411],[-72.384,7.414],[-72.376,7.417],[-72.367,7.42],[-72.358,7.42],[-72.349,7.418],[-72.341,7.422],[-72.335,7.428],[-72.326,7.43],[-72.317,7.434],[-72.308,7.433],[-72.301,7.429],[-72.293,7.427],[-72.284,7.429],[-72.276,7.427],[-72.266,7.423],[-72.259,7.427],[-72.251,7.426],[-72.242,7.426],[-72.234,7.429],[-72.226,7.432],[-72.218,7.431],[-72.211,7.426],[-72.204,7.421],[-72.195,7.418],[-72.189,7.411],[-72.182,7.404],[-72.174,7.402],[-72.17,7.394],[-72.167,7.386],[-72.158,7.387],[-72.147,7.387],[-72.139,7.388],[-72.131,7.393],[-72.122,7.395],[-72.112,7.399],[-72.103,7.403],[-72.094,7.402],[-72.086,7.399],[-72.078,7.395],[-72.074,7.387],[-72.068,7.378],[-72.061,7.371],[-72.053,7.369],[-72.044,7.365],[-72.036,7.363],[-72.028,7.365],[-72.02,7.362],[-72.009,7.362],[-72.0,7.362],[-71.99,7.366],[-71.982,7.368],[-71.975,7.373],[-71.968,7.378],[-71.961,7.382],[-71.954,7.386],[-71.945,7.387],[-71.938,7.391],[-71.93,7.395],[-71.922,7.398],[-71.915,7.402],[-71.907,7.408],[-71.899,7.409],[-71.891,7.41],[-71.883,7.415],[-71.875,7.417],[-71.869,7.425],[-71.862,7.429],[-71.862,7.437],[-71.858,7.444],[-71.856,7.452],[-71.854,7.462],[-71.848,7.47],[-71.851,7.478],[-71.848,7.486],[-71.84,7.489],[-71.844,7.498],[-71.852,7.501],[-71.855,7.492],[-71.862,7.498],[-71.87,7.504],[-71.877,7.5],[-71.872,7.508],[-71.863,7.51],[-71.856,7.514],[-71.855,7.523],[-71.845,7.519],[-71.839,7.525],[-71.837,7.533],[-71.828,7.535],[-71.82,7.535],[-71.81,7.53],[-71.805,7.537],[-71.797,7.536],[-71.788,7.54],[-71.788,7.532],[-71.783,7.525],[-71.774,7.528],[-71.765,7.529],[-71.77,7.539],[-71.765,7.546],[-71.757,7.538],[-71.749,7.536],[-71.738,7.538],[-71.731,7.534],[-71.722,7.531],[-71.723,7.539],[-71.717,7.545],[-71.71,7.54],[-71.699,7.539],[-71.693,7.547],[-71.685,7.544],[-71.676,7.54],[-71.665,7.537],[-71.66,7.53],[-71.651,7.531],[-71.649,7.522],[-71.641,7.528],[-71.632,7.525],[-71.623,7.52],[-71.614,7.523],[-71.606,7.517],[-71.601,7.525],[-71.593,7.522],[-71.593,7.514],[-71.585,7.511],[-71.576,7.518],[-71.575,7.527],[-71.566,7.523],[-71.559,7.517],[-71.55,7.518],[-71.542,7.517],[-71.534,7.521],[-71.526,7.517],[-71.515,7.514],[-71.508,7.51],[-71.5,7.505],[-71.491,7.5],[-71.481,7.499],[-71.472,7.497],[-71.462,7.501],[-71.453,7.503],[-71.447,7.509],[-71.438,7.505],[-71.43,7.504],[-71.423,7.5],[-71.417,7.494],[-71.415,7.486],[-71.408,7.481],[-71.4,7.48],[-71.392,7.477],[-71.383,7.48],[-71.373,7.479],[-71.366,7.475],[-71.358,7.477],[-71.349,7.479],[-71.341,7.478],[-71.331,7.478],[-71.324,7.484],[-71.318,7.49],[-71.322,7.497],[-71.333,7.498],[-71.333,7.506],[-71.343,7.506],[-71.351,7.507],[-71.359,7.502],[-71.367,7.498],[-71.375,7.499],[-71.371,7.506],[-71.372,7.516],[-71.376,7.525],[-71.384,7.521],[-71.391,7.527],[-71.398,7.521],[-71.398,7.529],[-71.407,7.532],[-71.406,7.54],[-71.399,7.535],[-71.394,7.543],[-71.402,7.546],[-71.406,7.554],[-71.414,7.551],[-71.423,7.551],[-71.433,7.555],[-71.435,7.563],[-71.426,7.559],[-71.421,7.567],[-71.417,7.576],[-71.425,7.575],[-71.436,7.578],[-71.443,7.582],[-71.438,7.59],[-71.449,7.591],[-71.459,7.592],[-71.469,7.597],[-71.477,7.601],[-71.478,7.611],[-71.487,7.61],[-71.491,7.602],[-71.498,7.598],[-71.505,7.604],[-71.502,7.612],[-71.501,7.62],[-71.494,7.626],[-71.501,7.632],[-71.496,7.641],[-71.489,7.647],[-71.497,7.649],[-71.499,7.657],[-71.493,7.667],[-71.493,7.678],[-71.497,7.69],[-71.498,7.701],[-71.5,7.709],[-71.508,7.712],[-71.512,7.719],[-71.513,7.729],[-71.518,7.739],[-71.525,7.747],[-71.533,7.752],[-71.529,7.762],[-71.525,7.77],[-71.524,7.779],[-71.522,7.787],[-71.516,7.794],[-71.518,7.803],[-71.523,7.812],[-71.523,7.82],[-71.519,7.827],[-71.514,7.834],[-71.514,7.842],[-71.519,7.849],[-71.516,7.857],[-71.519,7.867],[-71.514,7.874],[-71.51,7.882],[-71.51,7.89],[-71.51,7.898],[-71.511,7.906],[-71.509,7.917],[-71.51,7.927],[-71.51,7.935],[-71.512,7.946],[-71.514,7.954],[-71.52,7.96],[-71.528,7.965],[-71.529,7.973],[-71.535,7.979],[-71.543,7.978],[-71.551,7.98],[-71.557,7.986],[-71.56,7.994],[-71.567,8.0],[-71.571,8.007],[-71.567,8.021],[-71.569,8.029],[-71.57,8.038],[-71.578,8.042],[-71.585,8.046],[-71.593,8.051],[-71.6,8.056],[-71.609,8.052],[-71.619,8.048],[-71.626,8.041],[-71.634,8.039],[-71.642,8.034],[-71.649,8.029],[-71.655,8.022],[-71.661,8.016],[-71.667,8.01],[-71.674,8.005],[-71.682,8.012],[-71.689,8.016],[-71.693,8.024],[-71.702,8.026],[-71.707,8.033],[-71.703,8.04],[-71.711,8.043],[-71.719,8.04],[-71.727,8.041],[-71.734,8.045],[-71.741,8.049],[-71.749,8.054],[-71.756,8.062],[-71.759,8.07],[-71.764,8.077],[-71.767,8.086],[-71.768,8.094],[-71.774,8.1],[-71.781,8.105],[-71.784,8.113],[-71.791,8.119],[-71.803,8.119],[-71.809,8.126],[-71.814,8.133],[-71.816,8.141],[-71.819,8.149],[-71.824,8.156],[-71.831,8.16],[-71.841,8.162],[-71.848,8.166],[-71.851,8.174],[-71.857,8.18],[-71.866,8.178],[-71.876,8.179],[-71.876,8.171],[-71.881,8.164],[-71.889,8.163],[-71.896,8.158],[-71.903,8.162],[-71.903,8.172],[-71.906,8.182],[-71.912,8.189],[-71.912,8.198],[-71.908,8.211],[-71.9,8.214],[-71.897,8.222],[-71.892,8.23],[-71.889,8.238],[-71.883,8.245],[-71.877,8.252],[-71.87,8.257],[-71.864,8.264],[-71.86,8.272],[-71.855,8.279],[-71.849,8.286],[-71.845,8.294],[-71.838,8.299],[-71.834,8.307],[-71.828,8.313],[-71.819,8.313],[-71.812,8.32],[-71.806,8.327],[-71.809,8.336],[-71.816,8.341],[-71.82,8.348],[-71.82,8.358],[-71.818,8.371],[-71.812,8.377],[-71.804,8.384],[-71.802,8.392],[-71.808,8.399],[-71.813,8.41],[-71.805,8.417],[-71.799,8.423],[-71.799,8.432],[-71.792,8.439],[-71.786,8.445],[-71.78,8.453],[-71.776,8.46],[-71.775,8.47],[-71.775,8.48],[-71.774,8.488],[-71.778,8.498],[-71.782,8.506],[-71.785,8.514],[-71.787,8.522],[-71.792,8.53],[-71.799,8.537],[-71.802,8.545],[-71.805,8.553],[-71.809,8.561],[-71.811,8.569],[-71.817,8.575],[-71.822,8.582],[-71.826,8.589],[-71.834,8.592],[-71.84,8.598],[-71.849,8.599],[-71.856,8.604],[-71.864,8.606],[-71.873,8.61],[-71.882,8.613],[-71.89,8.614],[-71.894,8.621],[-71.9,8.627],[-71.908,8.632],[-71.916,8.631],[-71.924,8.63],[-71.928,8.623],[-71.934,8.617],[-71.942,8.616],[-71.95,8.618],[-71.958,8.619],[-71.962,8.626],[-71.957,8.633],[-71.965,8.636],[-71.971,8.642],[-71.973,8.646],[-71.974,8.647]]]}},{"type":"Feature","id":22,"properties":{"adm1_name":"Trujillo","adm1_pcode":"VE21","source_id":22},"geometry":{"type":"Polygon","coordinates":[[[-70.587,9.954],[-70.589,9.963],[-70.59,9.971],[-70.594,9.979],[-70.595,9.987],[-70.599,9.995],[-70.609,10.003],[-70.611,10.014],[-70.618,10.024],[-70.624,10.031],[-70.632,10.035],[-70.64,10.039],[-70.647,10.032],[-70.658,10.021],[-70.666,10.017],[-70.673,10.008],[-70.682,9.997],[-70.684,9.989],[-70.681,9.98],[-70.68,9.972],[-70.684,9.965],[-70.685,9.956],[-70.693,9.949],[-70.693,9.94],[-70.694,9.932],[-70.696,9.923],[-70.693,9.915],[-70.69,9.904],[-70.69,9.895],[-70.696,9.888],[-70.697,9.879],[-70.691,9.873],[-70.685,9.865],[-70.681,9.857],[-70.677,9.849],[-70.672,9.842],[-70.672,9.834],[-70.669,9.826],[-70.669,9.818],[-70.672,9.81],[-70.679,9.806],[-70.685,9.8],[-70.688,9.791],[-70.688,9.783],[-70.689,9.774],[-70.693,9.764],[-70.701,9.759],[-70.711,9.755],[-70.718,9.75],[-70.725,9.754],[-70.733,9.757],[-70.741,9.759],[-70.745,9.751],[-70.747,9.743],[-70.747,9.735],[-70.749,9.727],[-70.755,9.721],[-70.758,9.713],[-70.762,9.706],[-70.763,9.698],[-70.765,9.69],[-70.773,9.686],[-70.783,9.688],[-70.843,9.586],[-70.852,9.587],[-70.859,9.591],[-70.868,9.589],[-70.879,9.588],[-70.888,9.588],[-70.896,9.592],[-70.903,9.588],[-70.905,9.58],[-70.907,9.589],[-70.913,9.596],[-70.92,9.591],[-70.929,9.594],[-70.937,9.593],[-70.945,9.591],[-70.954,9.59],[-70.962,9.592],[-70.97,9.595],[-70.979,9.595],[-70.99,9.598],[-70.999,9.599],[-71.007,9.6],[-71.016,9.602],[-71.025,9.604],[-71.036,9.603],[-71.045,9.606],[-71.052,9.61],[-71.06,9.616],[-71.062,9.602],[-71.063,9.594],[-71.066,9.584],[-71.07,9.572],[-71.074,9.564],[-71.081,9.558],[-71.084,9.545],[-71.088,9.538],[-71.088,9.525],[-71.085,9.516],[-71.082,9.507],[-71.079,9.498],[-71.085,9.492],[-71.091,9.483],[-71.082,9.486],[-71.073,9.486],[-71.071,9.477],[-71.07,9.455],[-71.072,9.435],[-71.076,9.408],[-71.074,9.398],[-71.074,9.384],[-71.071,9.367],[-71.061,9.361],[-71.053,9.355],[-71.045,9.357],[-71.039,9.351],[-71.031,9.349],[-71.024,9.345],[-71.017,9.34],[-71.009,9.337],[-71.001,9.335],[-70.993,9.337],[-70.985,9.334],[-70.981,9.326],[-70.972,9.321],[-70.966,9.314],[-70.959,9.31],[-70.952,9.302],[-70.949,9.294],[-70.942,9.288],[-70.935,9.281],[-70.925,9.281],[-70.918,9.277],[-70.911,9.271],[-70.904,9.265],[-70.9,9.255],[-70.899,9.247],[-70.896,9.239],[-70.893,9.23],[-70.899,9.223],[-70.907,9.219],[-70.904,9.21],[-70.898,9.204],[-70.898,9.196],[-70.898,9.187],[-70.898,9.178],[-70.892,9.17],[-70.893,9.162],[-70.89,9.154],[-70.881,9.152],[-70.871,9.152],[-70.867,9.143],[-70.864,9.135],[-70.86,9.126],[-70.856,9.114],[-70.851,9.104],[-70.849,9.096],[-70.845,9.089],[-70.837,9.088],[-70.828,9.087],[-70.819,9.08],[-70.809,9.075],[-70.801,9.079],[-70.789,9.072],[-70.784,9.079],[-70.783,9.07],[-70.78,9.061],[-70.775,9.054],[-70.767,9.053],[-70.759,9.05],[-70.751,9.054],[-70.742,9.057],[-70.734,9.056],[-70.727,9.047],[-70.725,9.038],[-70.721,9.031],[-70.715,9.025],[-70.709,9.019],[-70.71,9.008],[-70.705,8.997],[-70.693,8.997],[-70.685,8.992],[-70.679,8.983],[-70.673,8.976],[-70.665,8.979],[-70.658,8.984],[-70.65,8.989],[-70.641,8.993],[-70.632,8.998],[-70.625,9.006],[-70.619,9.013],[-70.611,9.014],[-70.602,9.016],[-70.593,9.022],[-70.586,9.027],[-70.581,9.019],[-70.577,9.011],[-70.569,9.012],[-70.561,9.009],[-70.553,9.007],[-70.546,9.003],[-70.547,8.992],[-70.547,8.984],[-70.548,8.976],[-70.554,8.969],[-70.554,8.959],[-70.545,8.957],[-70.534,8.963],[-70.527,8.969],[-70.518,8.979],[-70.512,8.985],[-70.505,8.997],[-70.498,9.002],[-70.49,9.007],[-70.482,9.011],[-70.471,9.011],[-70.463,9.011],[-70.455,9.016],[-70.447,9.019],[-70.438,9.023],[-70.429,9.024],[-70.42,9.025],[-70.413,9.032],[-70.405,9.038],[-70.399,9.045],[-70.392,9.051],[-70.385,9.056],[-70.376,9.059],[-70.368,9.057],[-70.355,9.055],[-70.346,9.059],[-70.337,9.056],[-70.329,9.052],[-70.319,9.049],[-70.311,9.047],[-70.302,9.043],[-70.296,9.036],[-70.286,9.033],[-70.278,9.031],[-70.27,9.034],[-70.262,9.036],[-70.252,9.044],[-70.248,9.051],[-70.239,9.058],[-70.23,9.06],[-70.222,9.055],[-70.211,9.055],[-70.203,9.054],[-70.195,9.057],[-70.187,9.059],[-70.175,9.065],[-70.166,9.069],[-70.159,9.073],[-70.155,9.08],[-70.145,9.083],[-70.133,9.085],[-70.121,9.086],[-70.112,9.088],[-70.099,9.091],[-70.092,9.096],[-70.083,9.102],[-70.073,9.109],[-70.065,9.119],[-70.058,9.126],[-70.052,9.133],[-70.048,9.14],[-70.042,9.152],[-70.047,9.16],[-70.059,9.172],[-70.065,9.18],[-70.068,9.188],[-70.069,9.196],[-70.074,9.203],[-70.082,9.207],[-70.091,9.21],[-70.097,9.217],[-70.093,9.225],[-70.086,9.23],[-70.081,9.237],[-70.076,9.244],[-70.068,9.248],[-70.066,9.256],[-70.062,9.263],[-70.063,9.272],[-70.066,9.28],[-70.074,9.285],[-70.081,9.281],[-70.092,9.281],[-70.099,9.286],[-70.11,9.293],[-70.113,9.302],[-70.106,9.31],[-70.103,9.318],[-70.093,9.33],[-70.085,9.335],[-70.078,9.34],[-70.073,9.349],[-70.066,9.354],[-70.058,9.36],[-70.05,9.364],[-70.042,9.372],[-70.036,9.378],[-70.038,9.394],[-70.038,9.403],[-70.037,9.411],[-70.04,9.42],[-70.043,9.428],[-70.053,9.429],[-70.062,9.431],[-70.071,9.428],[-70.079,9.43],[-70.086,9.437],[-70.083,9.446],[-70.079,9.454],[-70.082,9.462],[-70.08,9.472],[-70.077,9.482],[-70.08,9.49],[-70.085,9.498],[-70.093,9.498],[-70.101,9.501],[-70.104,9.51],[-70.105,9.518],[-70.111,9.525],[-70.112,9.534],[-70.112,9.544],[-70.116,9.553],[-70.123,9.558],[-70.122,9.567],[-70.118,9.578],[-70.12,9.587],[-70.125,9.596],[-70.126,9.605],[-70.127,9.613],[-70.12,9.62],[-70.114,9.626],[-70.107,9.634],[-70.102,9.643],[-70.099,9.652],[-70.097,9.664],[-70.09,9.671],[-70.083,9.677],[-70.071,9.678],[-70.062,9.675],[-70.058,9.668],[-70.051,9.673],[-70.04,9.672],[-70.03,9.668],[-70.021,9.672],[-70.012,9.674],[-70.003,9.676],[-70.002,9.684],[-70.005,9.693],[-70.012,9.699],[-70.02,9.705],[-70.025,9.712],[-70.029,9.72],[-70.037,9.72],[-70.045,9.718],[-70.055,9.719],[-70.062,9.724],[-70.069,9.731],[-70.073,9.739],[-70.077,9.747],[-70.078,9.756],[-70.086,9.76],[-70.092,9.766],[-70.099,9.77],[-70.108,9.77],[-70.115,9.766],[-70.123,9.763],[-70.131,9.761],[-70.139,9.763],[-70.146,9.769],[-70.152,9.775],[-70.16,9.779],[-70.164,9.787],[-70.172,9.79],[-70.179,9.794],[-70.186,9.799],[-70.188,9.808],[-70.189,9.818],[-70.193,9.825],[-70.2,9.831],[-70.208,9.835],[-70.213,9.842],[-70.216,9.834],[-70.219,9.826],[-70.227,9.825],[-70.232,9.818],[-70.227,9.811],[-70.224,9.803],[-70.229,9.796],[-70.231,9.787],[-70.235,9.78],[-70.236,9.772],[-70.238,9.764],[-70.252,9.775],[-70.281,9.823],[-70.311,9.823],[-70.321,9.822],[-70.328,9.826],[-70.324,9.839],[-70.323,9.847],[-70.327,9.855],[-70.336,9.863],[-70.34,9.87],[-70.347,9.88],[-70.352,9.887],[-70.358,9.896],[-70.364,9.903],[-70.374,9.904],[-70.385,9.902],[-70.395,9.9],[-70.403,9.901],[-70.411,9.902],[-70.421,9.899],[-70.425,9.891],[-70.434,9.88],[-70.445,9.876],[-70.453,9.878],[-70.46,9.869],[-70.47,9.866],[-70.48,9.87],[-70.486,9.877],[-70.487,9.886],[-70.496,9.89],[-70.5,9.883],[-70.51,9.884],[-70.518,9.888],[-70.523,9.895],[-70.532,9.902],[-70.537,9.909],[-70.541,9.916],[-70.542,9.926],[-70.54,9.936],[-70.544,9.944],[-70.551,9.95],[-70.559,9.956],[-70.568,9.955],[-70.577,9.953],[-70.585,9.952],[-70.587,9.954]]]}},{"type":"Feature","id":23,"properties":{"adm1_name":"Yaracuy","adm1_pcode":"VE22","source_id":23},"geometry":{"type":"Polygon","coordinates":[[[-68.622,10.758],[-68.62,10.768],[-68.629,10.768],[-68.635,10.761],[-68.642,10.756],[-68.646,10.748],[-68.65,10.741],[-68.656,10.733],[-68.663,10.729],[-68.67,10.723],[-68.676,10.729],[-68.685,10.73],[-68.692,10.726],[-68.7,10.729],[-68.708,10.728],[-68.716,10.729],[-68.726,10.726],[-68.734,10.724],[-68.743,10.721],[-68.752,10.722],[-68.76,10.724],[-68.768,10.727],[-68.777,10.728],[-68.776,10.72],[-68.781,10.712],[-68.786,10.705],[-68.794,10.701],[-68.794,10.692],[-68.803,10.694],[-68.811,10.691],[-68.817,10.685],[-68.823,10.677],[-68.827,10.67],[-68.834,10.662],[-68.84,10.655],[-68.848,10.65],[-68.858,10.65],[-68.869,10.65],[-68.877,10.645],[-68.879,10.636],[-68.878,10.624],[-68.877,10.614],[-68.882,10.606],[-68.884,10.597],[-68.891,10.592],[-68.894,10.584],[-68.899,10.577],[-68.906,10.57],[-68.909,10.562],[-68.917,10.556],[-68.924,10.55],[-68.933,10.547],[-68.94,10.542],[-68.949,10.539],[-68.956,10.543],[-68.96,10.55],[-68.971,10.553],[-68.979,10.554],[-68.988,10.555],[-68.995,10.551],[-68.999,10.544],[-69.006,10.538],[-69.011,10.531],[-69.019,10.529],[-69.028,10.528],[-69.036,10.524],[-69.046,10.521],[-69.054,10.515],[-69.055,10.507],[-69.047,10.508],[-69.048,10.5],[-69.05,10.492],[-69.05,10.483],[-69.057,10.478],[-69.063,10.472],[-69.067,10.465],[-69.067,10.455],[-69.065,10.446],[-69.067,10.437],[-69.072,10.429],[-69.078,10.421],[-69.079,10.412],[-69.075,10.403],[-69.061,10.404],[-69.05,10.403],[-69.048,10.414],[-69.042,10.42],[-69.033,10.412],[-69.029,10.385],[-69.029,10.361],[-69.027,10.315],[-69.027,10.303],[-69.016,10.296],[-69.011,10.289],[-69.01,10.275],[-69.01,10.26],[-69.016,10.25],[-69.015,10.242],[-69.035,10.237],[-69.041,10.231],[-69.049,10.229],[-69.056,10.234],[-69.064,10.231],[-69.072,10.224],[-69.08,10.22],[-69.078,10.229],[-69.09,10.235],[-69.093,10.227],[-69.096,10.219],[-69.099,10.21],[-69.103,10.203],[-69.11,10.198],[-69.115,10.189],[-69.116,10.18],[-69.12,10.171],[-69.118,10.163],[-69.123,10.155],[-69.122,10.147],[-69.121,10.139],[-69.135,10.136],[-69.143,10.135],[-69.197,10.131],[-69.208,10.088],[-69.203,10.07],[-69.194,10.042],[-69.187,10.036],[-69.177,10.038],[-69.166,10.04],[-69.161,10.033],[-69.156,10.026],[-69.153,10.018],[-69.153,10.007],[-69.152,9.997],[-69.151,9.989],[-69.151,9.981],[-69.152,9.972],[-69.154,9.963],[-69.156,9.954],[-69.159,9.945],[-69.154,9.935],[-69.148,9.927],[-69.145,9.917],[-69.141,9.909],[-69.133,9.902],[-69.128,9.895],[-69.129,9.887],[-69.125,9.88],[-69.089,9.87],[-69.086,9.955],[-69.016,9.992],[-69.001,9.999],[-68.964,10.017],[-68.964,10.008],[-68.962,10.0],[-68.96,9.991],[-68.961,9.982],[-68.96,9.974],[-68.959,9.966],[-68.957,9.957],[-68.957,9.949],[-68.956,9.941],[-68.954,9.933],[-68.959,9.926],[-68.957,9.918],[-68.952,9.911],[-68.95,9.902],[-68.951,9.894],[-68.956,9.887],[-68.962,9.88],[-68.966,9.873],[-68.971,9.866],[-68.972,9.858],[-68.97,9.85],[-68.974,9.843],[-68.964,9.843],[-68.957,9.848],[-68.948,9.852],[-68.941,9.846],[-68.931,9.846],[-68.923,9.849],[-68.913,9.847],[-68.906,9.841],[-68.898,9.842],[-68.889,9.842],[-68.877,9.842],[-68.867,9.838],[-68.859,9.834],[-68.845,9.839],[-68.838,9.843],[-68.827,9.847],[-68.817,9.845],[-68.806,9.843],[-68.799,9.847],[-68.794,9.854],[-68.788,9.861],[-68.781,9.865],[-68.772,9.87],[-68.762,9.87],[-68.749,9.87],[-68.741,9.872],[-68.728,9.876],[-68.719,9.885],[-68.715,9.892],[-68.72,9.899],[-68.723,9.909],[-68.722,9.922],[-68.718,9.929],[-68.717,9.938],[-68.71,9.946],[-68.7,9.947],[-68.69,9.951],[-68.683,9.955],[-68.676,9.961],[-68.667,9.967],[-68.663,9.975],[-68.653,9.974],[-68.644,9.966],[-68.636,9.963],[-68.629,9.967],[-68.621,9.968],[-68.613,9.967],[-68.611,9.957],[-68.61,9.949],[-68.609,9.941],[-68.605,9.932],[-68.595,9.933],[-68.585,9.935],[-68.573,9.935],[-68.563,9.932],[-68.554,9.932],[-68.546,9.931],[-68.537,9.935],[-68.529,9.935],[-68.528,9.927],[-68.53,9.918],[-68.537,9.913],[-68.537,9.905],[-68.539,9.897],[-68.541,9.889],[-68.533,9.891],[-68.526,9.897],[-68.522,9.888],[-68.514,9.889],[-68.506,9.893],[-68.496,9.898],[-68.49,9.905],[-68.483,9.909],[-68.476,9.915],[-68.467,9.918],[-68.46,9.923],[-68.452,9.926],[-68.444,9.929],[-68.435,9.936],[-68.428,9.94],[-68.423,9.947],[-68.417,9.953],[-68.409,9.955],[-68.406,9.963],[-68.397,9.966],[-68.39,9.971],[-68.383,9.975],[-68.378,9.982],[-68.371,9.987],[-68.375,9.994],[-68.381,10.001],[-68.385,10.008],[-68.388,10.016],[-68.387,10.024],[-68.386,10.032],[-68.382,10.039],[-68.378,10.046],[-68.382,10.053],[-68.389,10.057],[-68.397,10.06],[-68.403,10.066],[-68.402,10.074],[-68.406,10.081],[-68.405,10.089],[-68.401,10.096],[-68.399,10.104],[-68.398,10.112],[-68.397,10.12],[-68.401,10.128],[-68.407,10.134],[-68.413,10.141],[-68.414,10.15],[-68.42,10.157],[-68.425,10.164],[-68.427,10.172],[-68.425,10.18],[-68.419,10.186],[-68.415,10.193],[-68.413,10.201],[-68.411,10.209],[-68.41,10.218],[-68.401,10.221],[-68.391,10.221],[-68.384,10.225],[-68.377,10.229],[-68.371,10.235],[-68.368,10.243],[-68.364,10.253],[-68.359,10.26],[-68.36,10.268],[-68.365,10.277],[-68.37,10.284],[-68.372,10.292],[-68.372,10.3],[-68.375,10.308],[-68.381,10.315],[-68.385,10.322],[-68.389,10.329],[-68.39,10.337],[-68.394,10.344],[-68.394,10.354],[-68.399,10.363],[-68.398,10.371],[-68.4,10.386],[-68.398,10.394],[-68.396,10.402],[-68.4,10.41],[-68.401,10.418],[-68.4,10.427],[-68.4,10.435],[-68.399,10.443],[-68.397,10.451],[-68.399,10.459],[-68.403,10.466],[-68.403,10.474],[-68.396,10.478],[-68.39,10.484],[-68.398,10.486],[-68.399,10.494],[-68.391,10.497],[-68.387,10.504],[-68.387,10.513],[-68.383,10.52],[-68.384,10.528],[-68.378,10.534],[-68.371,10.54],[-68.364,10.545],[-68.358,10.551],[-68.349,10.55],[-68.341,10.549],[-68.331,10.547],[-68.323,10.543],[-68.316,10.538],[-68.307,10.538],[-68.301,10.544],[-68.293,10.548],[-68.285,10.549],[-68.278,10.554],[-68.271,10.56],[-68.264,10.564],[-68.258,10.57],[-68.257,10.578],[-68.249,10.579],[-68.269,10.58],[-68.284,10.581],[-68.347,10.585],[-68.384,10.588],[-68.52,10.597],[-68.528,10.597],[-68.536,10.599],[-68.544,10.598],[-68.552,10.6],[-68.56,10.603],[-68.568,10.601],[-68.576,10.6],[-68.584,10.599],[-68.591,10.604],[-68.599,10.602],[-68.607,10.605],[-68.615,10.606],[-68.621,10.612],[-68.629,10.615],[-68.652,10.619],[-68.649,10.631],[-68.631,10.714],[-68.622,10.758]]]}},{"type":"Feature","id":24,"properties":{"adm1_name":"Zulia","adm1_pcode":"VE23","source_id":24},"geometry":{"type":"MultiPolygon","coordinates":[[[[-71.341,11.83],[-71.337,11.838],[-71.345,11.835],[-71.352,11.83],[-71.357,11.823],[-71.361,11.816],[-71.368,11.811],[-71.376,11.809],[-71.384,11.81],[-71.415,11.8],[-71.428,11.796],[-71.457,11.787],[-71.467,11.784],[-71.475,11.781],[-71.483,11.779],[-71.493,11.777],[-71.509,11.773],[-71.518,11.771],[-71.541,11.765],[-71.57,11.757],[-71.6,11.749],[-71.611,11.746],[-71.619,11.744],[-71.642,11.735],[-71.659,11.729],[-71.7,11.715],[-71.715,11.71],[-71.732,11.704],[-71.751,11.698],[-71.776,11.689],[-71.8,11.681],[-71.827,11.676],[-71.841,11.674],[-71.849,11.672],[-71.861,11.669],[-71.877,11.665],[-71.901,11.66],[-71.912,11.658],[-71.922,11.655],[-71.931,11.653],[-71.946,11.651],[-71.971,11.646],[-71.977,11.636],[-71.981,11.629],[-71.987,11.617],[-72.0,11.594],[-72.003,11.586],[-72.009,11.576],[-72.014,11.568],[-72.024,11.548],[-72.029,11.539],[-72.035,11.529],[-72.046,11.509],[-72.051,11.502],[-72.06,11.484],[-72.067,11.472],[-72.084,11.441],[-72.088,11.433],[-72.098,11.415],[-72.107,11.4],[-72.117,11.38],[-72.125,11.366],[-72.129,11.359],[-72.138,11.343],[-72.144,11.332],[-72.151,11.319],[-72.158,11.306],[-72.162,11.299],[-72.168,11.288],[-72.172,11.281],[-72.176,11.273],[-72.187,11.253],[-72.192,11.244],[-72.197,11.235],[-72.201,11.228],[-72.209,11.212],[-72.213,11.204],[-72.218,11.197],[-72.227,11.18],[-72.231,11.173],[-72.236,11.163],[-72.243,11.15],[-72.248,11.143],[-72.257,11.14],[-72.266,11.138],[-72.275,11.139],[-72.283,11.141],[-72.291,11.143],[-72.299,11.145],[-72.308,11.144],[-72.317,11.145],[-72.325,11.146],[-72.333,11.144],[-72.341,11.149],[-72.349,11.151],[-72.356,11.147],[-72.363,11.141],[-72.371,11.138],[-72.38,11.136],[-72.388,11.134],[-72.397,11.131],[-72.405,11.128],[-72.413,11.126],[-72.421,11.126],[-72.429,11.122],[-72.436,11.118],[-72.442,11.124],[-72.45,11.124],[-72.457,11.119],[-72.464,11.114],[-72.471,11.109],[-72.477,11.103],[-72.485,11.099],[-72.489,11.092],[-72.496,11.087],[-72.492,11.08],[-72.489,11.072],[-72.486,11.064],[-72.484,11.056],[-72.491,11.051],[-72.497,11.044],[-72.504,11.039],[-72.507,11.031],[-72.508,11.023],[-72.516,11.02],[-72.52,11.013],[-72.524,11.006],[-72.52,10.999],[-72.527,10.995],[-72.533,10.989],[-72.538,10.982],[-72.538,10.973],[-72.543,10.965],[-72.547,10.958],[-72.551,10.951],[-72.554,10.943],[-72.559,10.936],[-72.563,10.929],[-72.57,10.925],[-72.574,10.918],[-72.579,10.911],[-72.587,10.909],[-72.594,10.905],[-72.601,10.899],[-72.607,10.892],[-72.611,10.885],[-72.619,10.887],[-72.63,10.885],[-72.638,10.885],[-72.646,10.882],[-72.648,10.874],[-72.65,10.866],[-72.654,10.859],[-72.658,10.852],[-72.66,10.844],[-72.663,10.836],[-72.664,10.828],[-72.67,10.822],[-72.676,10.816],[-72.675,10.808],[-72.679,10.801],[-72.682,10.792],[-72.678,10.784],[-72.682,10.777],[-72.683,10.768],[-72.685,10.76],[-72.693,10.757],[-72.701,10.759],[-72.709,10.756],[-72.712,10.748],[-72.716,10.741],[-72.714,10.733],[-72.718,10.726],[-72.719,10.718],[-72.717,10.71],[-72.721,10.702],[-72.728,10.698],[-72.732,10.691],[-72.733,10.683],[-72.736,10.675],[-72.739,10.667],[-72.74,10.659],[-72.746,10.653],[-72.75,10.646],[-72.75,10.638],[-72.754,10.631],[-72.762,10.626],[-72.769,10.622],[-72.776,10.617],[-72.782,10.611],[-72.789,10.605],[-72.79,10.596],[-72.794,10.588],[-72.805,10.58],[-72.814,10.574],[-72.822,10.568],[-72.824,10.558],[-72.825,10.55],[-72.832,10.545],[-72.838,10.539],[-72.838,10.53],[-72.836,10.522],[-72.836,10.514],[-72.842,10.508],[-72.843,10.5],[-72.847,10.493],[-72.845,10.485],[-72.854,10.481],[-72.858,10.473],[-72.861,10.465],[-72.868,10.46],[-72.876,10.457],[-72.884,10.454],[-72.892,10.451],[-72.893,10.443],[-72.9,10.437],[-72.896,10.43],[-72.895,10.422],[-72.896,10.414],[-72.899,10.406],[-72.899,10.398],[-72.891,10.395],[-72.887,10.388],[-72.889,10.38],[-72.892,10.372],[-72.893,10.364],[-72.901,10.361],[-72.905,10.354],[-72.907,10.346],[-72.906,10.338],[-72.906,10.329],[-72.905,10.321],[-72.899,10.314],[-72.899,10.306],[-72.901,10.298],[-72.903,10.29],[-72.905,10.282],[-72.906,10.274],[-72.906,10.265],[-72.904,10.256],[-72.901,10.248],[-72.903,10.24],[-72.902,10.232],[-72.901,10.224],[-72.897,10.217],[-72.899,10.209],[-72.907,10.207],[-72.909,10.199],[-72.908,10.19],[-72.908,10.181],[-72.91,10.173],[-72.915,10.166],[-72.917,10.158],[-72.919,10.15],[-72.92,10.142],[-72.92,10.133],[-72.916,10.125],[-72.913,10.117],[-72.918,10.11],[-72.924,10.103],[-72.926,10.095],[-72.931,10.088],[-72.937,10.082],[-72.943,10.076],[-72.949,10.07],[-72.955,10.064],[-72.956,10.056],[-72.957,10.048],[-72.955,10.04],[-72.953,10.032],[-72.955,10.024],[-72.963,10.018],[-72.961,10.01],[-72.964,10.002],[-72.97,9.996],[-72.976,9.99],[-72.979,9.982],[-72.984,9.975],[-72.983,9.967],[-72.98,9.959],[-72.987,9.955],[-72.989,9.947],[-72.993,9.938],[-72.995,9.93],[-72.999,9.923],[-72.994,9.916],[-72.985,9.917],[-72.984,9.908],[-72.988,9.901],[-72.984,9.893],[-72.977,9.889],[-72.985,9.884],[-72.992,9.88],[-72.986,9.874],[-72.979,9.869],[-72.971,9.867],[-72.971,9.859],[-72.964,9.854],[-72.956,9.851],[-72.948,9.847],[-72.946,9.839],[-72.95,9.832],[-72.956,9.826],[-72.961,9.819],[-72.968,9.815],[-72.972,9.808],[-72.977,9.801],[-72.984,9.797],[-72.989,9.79],[-72.994,9.783],[-72.998,9.776],[-73.001,9.768],[-73.001,9.76],[-73.005,9.753],[-73.005,9.745],[-73.009,9.738],[-73.017,9.735],[-73.02,9.727],[-73.026,9.721],[-73.03,9.714],[-73.034,9.707],[-73.038,9.699],[-73.045,9.693],[-73.049,9.686],[-73.054,9.679],[-73.056,9.671],[-73.059,9.663],[-73.06,9.655],[-73.062,9.647],[-73.066,9.64],[-73.07,9.633],[-73.076,9.625],[-73.078,9.615],[-73.072,9.609],[-73.074,9.601],[-73.078,9.592],[-73.082,9.584],[-73.083,9.575],[-73.085,9.567],[-73.084,9.559],[-73.092,9.557],[-73.102,9.557],[-73.111,9.554],[-73.12,9.555],[-73.128,9.554],[-73.136,9.55],[-73.142,9.544],[-73.147,9.537],[-73.152,9.53],[-73.156,9.523],[-73.162,9.517],[-73.167,9.51],[-73.174,9.505],[-73.177,9.497],[-73.173,9.49],[-73.173,9.482],[-73.18,9.478],[-73.188,9.475],[-73.196,9.477],[-73.203,9.47],[-73.201,9.462],[-73.193,9.458],[-73.189,9.45],[-73.193,9.443],[-73.2,9.439],[-73.203,9.431],[-73.207,9.424],[-73.215,9.422],[-73.223,9.419],[-73.229,9.413],[-73.236,9.407],[-73.242,9.4],[-73.241,9.392],[-73.245,9.384],[-73.25,9.377],[-73.258,9.374],[-73.262,9.364],[-73.262,9.356],[-73.26,9.348],[-73.261,9.34],[-73.263,9.332],[-73.269,9.325],[-73.277,9.323],[-73.284,9.319],[-73.289,9.312],[-73.29,9.304],[-73.293,9.296],[-73.295,9.288],[-73.298,9.28],[-73.298,9.271],[-73.304,9.265],[-73.309,9.257],[-73.315,9.25],[-73.317,9.242],[-73.321,9.235],[-73.327,9.229],[-73.329,9.221],[-73.333,9.214],[-73.341,9.215],[-73.349,9.218],[-73.357,9.215],[-73.359,9.207],[-73.363,9.2],[-73.362,9.192],[-73.366,9.185],[-73.366,9.177],[-73.365,9.169],[-73.357,9.168],[-73.349,9.172],[-73.341,9.173],[-73.333,9.172],[-73.325,9.169],[-73.317,9.168],[-73.309,9.171],[-73.3,9.171],[-73.292,9.168],[-73.283,9.164],[-73.275,9.165],[-73.267,9.164],[-73.259,9.163],[-73.252,9.159],[-73.245,9.163],[-73.238,9.168],[-73.233,9.175],[-73.225,9.175],[-73.218,9.18],[-73.21,9.18],[-73.202,9.179],[-73.194,9.176],[-73.185,9.175],[-73.177,9.177],[-73.171,9.183],[-73.164,9.189],[-73.157,9.193],[-73.151,9.2],[-73.153,9.208],[-73.146,9.212],[-73.139,9.216],[-73.133,9.222],[-73.127,9.228],[-73.119,9.23],[-73.111,9.229],[-73.103,9.23],[-73.095,9.227],[-73.088,9.231],[-73.083,9.238],[-73.075,9.242],[-73.077,9.25],[-73.075,9.259],[-73.068,9.263],[-73.057,9.263],[-73.05,9.258],[-73.043,9.262],[-73.041,9.27],[-73.038,9.279],[-73.031,9.285],[-73.023,9.284],[-73.016,9.288],[-73.008,9.291],[-73.003,9.283],[-73.005,9.275],[-72.997,9.274],[-72.994,9.266],[-72.995,9.257],[-72.988,9.253],[-72.987,9.245],[-72.988,9.237],[-72.988,9.229],[-72.996,9.225],[-72.989,9.221],[-72.981,9.217],[-72.973,9.214],[-72.969,9.207],[-72.965,9.2],[-72.964,9.192],[-72.961,9.184],[-72.956,9.177],[-72.963,9.17],[-72.964,9.161],[-72.968,9.154],[-72.976,9.152],[-72.982,9.146],[-72.978,9.138],[-72.971,9.134],[-72.967,9.127],[-72.963,9.12],[-72.959,9.112],[-72.952,9.107],[-72.95,9.099],[-72.946,9.092],[-72.938,9.09],[-72.934,9.083],[-72.926,9.086],[-72.92,9.092],[-72.912,9.095],[-72.904,9.098],[-72.896,9.099],[-72.889,9.103],[-72.884,9.11],[-72.885,9.118],[-72.884,9.126],[-72.878,9.133],[-72.87,9.13],[-72.862,9.129],[-72.854,9.13],[-72.846,9.131],[-72.839,9.125],[-72.831,9.122],[-72.823,9.122],[-72.823,9.13],[-72.824,9.138],[-72.816,9.137],[-72.809,9.132],[-72.81,9.124],[-72.802,9.122],[-72.796,9.116],[-72.799,9.108],[-72.791,9.106],[-72.787,9.114],[-72.779,9.115],[-72.776,9.107],[-72.768,9.106],[-72.775,9.101],[-72.767,9.098],[-72.766,9.09],[-72.773,9.086],[-72.765,9.085],[-72.762,9.077],[-72.758,9.057],[-72.747,9.015],[-72.737,8.987],[-72.73,8.966],[-72.727,8.958],[-72.72,8.941],[-72.716,8.917],[-72.713,8.897],[-72.707,8.86],[-72.701,8.824],[-72.698,8.806],[-72.695,8.792],[-72.692,8.78],[-72.687,8.758],[-72.685,8.749],[-72.682,8.738],[-72.68,8.727],[-72.677,8.716],[-72.672,8.695],[-72.67,8.685],[-72.668,8.674],[-72.666,8.666],[-72.664,8.657],[-72.662,8.648],[-72.66,8.639],[-72.656,8.623],[-72.655,8.614],[-72.647,8.611],[-72.639,8.608],[-72.635,8.601],[-72.629,8.607],[-72.633,8.599],[-72.625,8.597],[-72.617,8.595],[-72.611,8.589],[-72.606,8.582],[-72.599,8.575],[-72.576,8.541],[-72.568,8.533],[-72.552,8.516],[-72.544,8.506],[-72.536,8.498],[-72.524,8.486],[-72.513,8.474],[-72.502,8.462],[-72.496,8.455],[-72.485,8.443],[-72.473,8.43],[-72.463,8.42],[-72.457,8.413],[-72.451,8.407],[-72.434,8.389],[-72.428,8.382],[-72.42,8.383],[-72.413,8.379],[-72.408,8.372],[-72.415,8.368],[-72.407,8.367],[-72.402,8.374],[-72.404,8.382],[-72.406,8.391],[-72.399,8.395],[-72.403,8.402],[-72.395,8.406],[-72.393,8.415],[-72.385,8.418],[-72.381,8.425],[-72.374,8.429],[-72.365,8.431],[-72.356,8.433],[-72.352,8.441],[-72.353,8.449],[-72.351,8.458],[-72.35,8.466],[-72.358,8.468],[-72.361,8.476],[-72.353,8.48],[-72.349,8.487],[-72.351,8.496],[-72.344,8.501],[-72.341,8.49],[-72.335,8.473],[-72.325,8.459],[-72.323,8.445],[-72.323,8.434],[-72.319,8.404],[-72.309,8.391],[-72.309,8.376],[-72.216,8.422],[-72.173,8.423],[-72.158,8.424],[-72.088,8.428],[-72.071,8.429],[-71.995,8.494],[-71.972,8.513],[-71.976,8.521],[-71.977,8.53],[-71.98,8.539],[-71.98,8.547],[-71.985,8.554],[-71.984,8.564],[-71.985,8.573],[-71.981,8.581],[-71.977,8.588],[-71.976,8.597],[-71.976,8.605],[-71.983,8.609],[-71.986,8.617],[-71.984,8.625],[-71.986,8.633],[-71.985,8.641],[-71.979,8.647],[-71.971,8.645],[-71.966,8.638],[-71.958,8.635],[-71.964,8.628],[-71.959,8.621],[-71.952,8.617],[-71.944,8.616],[-71.936,8.619],[-71.928,8.623],[-71.924,8.63],[-71.916,8.631],[-71.912,8.639],[-71.903,8.645],[-71.895,8.647],[-71.889,8.655],[-71.882,8.659],[-71.875,8.664],[-71.869,8.67],[-71.799,8.677],[-71.702,8.677],[-71.673,8.706],[-71.661,8.716],[-71.643,8.73],[-71.597,8.768],[-71.537,8.818],[-71.505,8.841],[-71.42,8.904],[-71.394,8.926],[-71.379,8.938],[-71.371,8.937],[-71.367,8.93],[-71.361,8.923],[-71.354,8.917],[-71.346,8.915],[-71.339,8.92],[-71.33,8.921],[-71.322,8.917],[-71.315,8.913],[-71.309,8.907],[-71.271,8.927],[-71.251,8.941],[-71.236,8.951],[-71.123,9.028],[-71.1,9.044],[-71.098,9.052],[-71.099,9.06],[-71.104,9.067],[-71.108,9.074],[-71.111,9.082],[-71.118,9.086],[-71.125,9.092],[-71.132,9.098],[-71.141,9.101],[-71.148,9.106],[-71.155,9.111],[-71.163,9.117],[-71.171,9.116],[-71.179,9.117],[-71.188,9.118],[-71.194,9.124],[-71.199,9.131],[-71.203,9.138],[-71.208,9.146],[-71.211,9.154],[-71.218,9.159],[-71.225,9.163],[-71.23,9.156],[-71.237,9.15],[-71.244,9.144],[-71.251,9.14],[-71.258,9.135],[-71.265,9.131],[-71.275,9.128],[-71.283,9.129],[-71.291,9.122],[-71.299,9.116],[-71.306,9.112],[-71.313,9.108],[-71.32,9.103],[-71.327,9.098],[-71.334,9.093],[-71.342,9.089],[-71.352,9.085],[-71.362,9.082],[-71.371,9.081],[-71.38,9.081],[-71.388,9.077],[-71.396,9.075],[-71.406,9.072],[-71.414,9.07],[-71.427,9.065],[-71.436,9.062],[-71.444,9.06],[-71.455,9.056],[-71.473,9.051],[-71.482,9.048],[-71.49,9.047],[-71.498,9.044],[-71.506,9.043],[-71.514,9.042],[-71.522,9.041],[-71.535,9.039],[-71.546,9.037],[-71.556,9.037],[-71.576,9.036],[-71.584,9.036],[-71.603,9.037],[-71.621,9.039],[-71.635,9.041],[-71.652,9.044],[-71.659,9.049],[-71.665,9.057],[-71.657,9.059],[-71.651,9.065],[-71.657,9.071],[-71.665,9.075],[-71.674,9.071],[-71.679,9.064],[-71.688,9.062],[-71.696,9.058],[-71.706,9.066],[-71.712,9.073],[-71.718,9.08],[-71.715,9.088],[-71.723,9.092],[-71.732,9.094],[-71.741,9.099],[-71.749,9.113],[-71.757,9.112],[-71.756,9.104],[-71.764,9.099],[-71.76,9.106],[-71.768,9.109],[-71.776,9.106],[-71.769,9.111],[-71.76,9.114],[-71.766,9.121],[-71.758,9.122],[-71.755,9.13],[-71.756,9.138],[-71.758,9.146],[-71.752,9.14],[-71.753,9.131],[-71.748,9.138],[-71.744,9.145],[-71.739,9.152],[-71.738,9.16],[-71.743,9.169],[-71.75,9.179],[-71.755,9.186],[-71.758,9.194],[-71.751,9.188],[-71.755,9.196],[-71.752,9.204],[-71.752,9.213],[-71.75,9.224],[-71.748,9.234],[-71.756,9.233],[-71.763,9.226],[-71.772,9.224],[-71.767,9.215],[-71.765,9.205],[-71.771,9.214],[-71.779,9.225],[-71.786,9.236],[-71.795,9.235],[-71.8,9.227],[-71.808,9.221],[-71.817,9.224],[-71.812,9.233],[-71.816,9.241],[-71.806,9.247],[-71.796,9.251],[-71.788,9.254],[-71.778,9.257],[-71.77,9.261],[-71.77,9.27],[-71.771,9.28],[-71.776,9.287],[-71.768,9.284],[-71.757,9.287],[-71.75,9.281],[-71.741,9.269],[-71.733,9.271],[-71.74,9.281],[-71.733,9.288],[-71.731,9.297],[-71.732,9.305],[-71.731,9.314],[-71.733,9.324],[-71.744,9.331],[-71.742,9.342],[-71.733,9.343],[-71.726,9.338],[-71.719,9.342],[-71.726,9.348],[-71.735,9.348],[-71.739,9.356],[-71.731,9.36],[-71.728,9.369],[-71.722,9.379],[-71.714,9.384],[-71.725,9.38],[-71.736,9.376],[-71.744,9.369],[-71.75,9.358],[-71.758,9.355],[-71.761,9.346],[-71.764,9.337],[-71.772,9.332],[-71.78,9.337],[-71.777,9.345],[-71.77,9.349],[-71.763,9.354],[-71.77,9.36],[-71.776,9.368],[-71.782,9.375],[-71.788,9.383],[-71.793,9.392],[-71.8,9.399],[-71.799,9.391],[-71.799,9.383],[-71.797,9.375],[-71.804,9.369],[-71.795,9.365],[-71.804,9.362],[-71.799,9.355],[-71.806,9.362],[-71.81,9.373],[-71.811,9.382],[-71.808,9.393],[-71.806,9.403],[-71.809,9.411],[-71.815,9.417],[-71.823,9.422],[-71.831,9.424],[-71.833,9.415],[-71.826,9.411],[-71.832,9.405],[-71.834,9.414],[-71.842,9.416],[-71.852,9.414],[-71.86,9.416],[-71.868,9.42],[-71.877,9.426],[-71.885,9.427],[-71.884,9.418],[-71.882,9.407],[-71.874,9.401],[-71.884,9.405],[-71.891,9.398],[-71.892,9.39],[-71.901,9.386],[-71.912,9.39],[-71.91,9.399],[-71.904,9.408],[-71.898,9.414],[-71.891,9.424],[-71.887,9.431],[-71.875,9.435],[-71.865,9.436],[-71.854,9.434],[-71.843,9.432],[-71.851,9.441],[-71.859,9.444],[-71.867,9.447],[-71.885,9.457],[-71.892,9.461],[-71.899,9.467],[-71.908,9.471],[-71.92,9.473],[-71.928,9.478],[-71.931,9.487],[-71.937,9.496],[-71.945,9.495],[-71.947,9.486],[-71.957,9.478],[-71.96,9.468],[-71.969,9.462],[-71.981,9.457],[-71.991,9.457],[-71.999,9.461],[-71.999,9.453],[-71.998,9.444],[-72.001,9.453],[-72.006,9.462],[-72.012,9.47],[-72.017,9.479],[-72.013,9.487],[-72.02,9.494],[-72.018,9.502],[-72.016,9.511],[-72.011,9.503],[-72.007,9.493],[-71.998,9.492],[-71.993,9.499],[-71.992,9.49],[-71.981,9.485],[-71.973,9.481],[-71.964,9.481],[-71.956,9.485],[-71.949,9.491],[-71.958,9.49],[-71.959,9.499],[-71.951,9.504],[-71.958,9.509],[-71.965,9.504],[-71.973,9.501],[-71.986,9.504],[-71.993,9.509],[-72.001,9.508],[-71.994,9.513],[-71.987,9.508],[-71.979,9.506],[-71.971,9.513],[-71.964,9.517],[-71.964,9.525],[-71.967,9.533],[-71.972,9.542],[-71.976,9.552],[-71.978,9.56],[-71.986,9.558],[-71.996,9.554],[-72.008,9.557],[-72.009,9.567],[-72.005,9.576],[-71.998,9.58],[-71.991,9.573],[-71.984,9.579],[-71.983,9.587],[-71.988,9.594],[-71.979,9.586],[-71.975,9.573],[-71.972,9.565],[-71.967,9.556],[-71.964,9.548],[-71.957,9.538],[-71.948,9.527],[-71.939,9.517],[-71.934,9.51],[-71.938,9.517],[-71.949,9.53],[-71.954,9.537],[-71.959,9.545],[-71.964,9.553],[-71.967,9.567],[-71.966,9.576],[-71.967,9.589],[-71.973,9.603],[-71.977,9.611],[-71.984,9.621],[-71.992,9.632],[-72.001,9.645],[-72.012,9.656],[-72.017,9.663],[-72.024,9.673],[-72.03,9.679],[-72.041,9.69],[-72.053,9.705],[-72.06,9.714],[-72.067,9.722],[-72.074,9.73],[-72.081,9.738],[-72.086,9.745],[-72.099,9.76],[-72.106,9.772],[-72.113,9.784],[-72.119,9.794],[-72.126,9.799],[-72.132,9.805],[-72.133,9.813],[-72.126,9.82],[-72.128,9.828],[-72.126,9.837],[-72.118,9.837],[-72.109,9.838],[-72.108,9.846],[-72.102,9.853],[-72.095,9.857],[-72.085,9.864],[-72.081,9.871],[-72.078,9.879],[-72.073,9.887],[-72.067,9.894],[-72.061,9.902],[-72.056,9.909],[-72.05,9.917],[-72.046,9.924],[-72.041,9.931],[-72.038,9.939],[-72.035,9.948],[-72.032,9.956],[-72.03,9.965],[-72.026,9.974],[-72.02,9.98],[-72.016,9.989],[-72.015,9.997],[-72.011,10.004],[-72.007,10.014],[-72.004,10.024],[-72.0,10.034],[-71.999,10.044],[-71.997,10.052],[-71.994,10.062],[-71.991,10.073],[-71.985,10.079],[-71.978,10.087],[-71.969,10.092],[-71.962,10.096],[-71.956,10.102],[-71.947,10.105],[-71.939,10.105],[-71.926,10.11],[-71.916,10.114],[-71.907,10.118],[-71.9,10.126],[-71.898,10.134],[-71.896,10.142],[-71.889,10.152],[-71.883,10.162],[-71.873,10.165],[-71.868,10.175],[-71.863,10.183],[-71.86,10.195],[-71.852,10.202],[-71.843,10.208],[-71.839,10.218],[-71.836,10.231],[-71.832,10.238],[-71.828,10.246],[-71.826,10.257],[-71.822,10.266],[-71.816,10.276],[-71.807,10.284],[-71.804,10.296],[-71.8,10.303],[-71.796,10.315],[-71.792,10.324],[-71.784,10.333],[-71.778,10.34],[-71.771,10.346],[-71.764,10.354],[-71.755,10.361],[-71.745,10.37],[-71.736,10.378],[-71.726,10.383],[-71.718,10.388],[-71.709,10.392],[-71.698,10.399],[-71.689,10.408],[-71.683,10.415],[-71.675,10.421],[-71.668,10.426],[-71.659,10.432],[-71.649,10.436],[-71.639,10.44],[-71.631,10.438],[-71.633,10.447],[-71.632,10.455],[-71.636,10.462],[-71.637,10.471],[-71.628,10.478],[-71.628,10.486],[-71.633,10.493],[-71.635,10.501],[-71.633,10.509],[-71.632,10.517],[-71.63,10.525],[-71.626,10.532],[-71.622,10.539],[-71.618,10.546],[-71.618,10.554],[-71.616,10.562],[-71.612,10.569],[-71.612,10.578],[-71.614,10.586],[-71.614,10.595],[-71.61,10.602],[-71.606,10.609],[-71.606,10.617],[-71.612,10.623],[-71.614,10.631],[-71.613,10.639],[-71.603,10.637],[-71.599,10.644],[-71.594,10.651],[-71.59,10.658],[-71.589,10.666],[-71.588,10.674],[-71.592,10.681],[-71.596,10.688],[-71.592,10.695],[-71.589,10.703],[-71.594,10.71],[-71.6,10.716],[-71.607,10.72],[-71.614,10.726],[-71.621,10.73],[-71.628,10.735],[-71.635,10.739],[-71.639,10.746],[-71.645,10.752],[-71.652,10.76],[-71.658,10.768],[-71.666,10.776],[-71.675,10.794],[-71.678,10.803],[-71.685,10.823],[-71.696,10.842],[-71.705,10.857],[-71.709,10.867],[-71.714,10.886],[-71.716,10.894],[-71.718,10.908],[-71.716,10.919],[-71.716,10.93],[-71.713,10.938],[-71.718,10.949],[-71.722,10.957],[-71.729,10.963],[-71.737,10.969],[-71.744,10.978],[-71.75,10.985],[-71.754,10.992],[-71.763,10.992],[-71.775,10.994],[-71.782,11.0],[-71.773,11.001],[-71.764,11.01],[-71.755,11.014],[-71.747,11.017],[-71.738,11.018],[-71.726,11.014],[-71.717,11.008],[-71.706,11.005],[-71.697,10.998],[-71.688,10.998],[-71.677,10.997],[-71.669,10.996],[-71.67,10.984],[-71.675,10.977],[-71.667,10.979],[-71.657,10.978],[-71.652,10.985],[-71.645,10.99],[-71.638,10.981],[-71.628,10.987],[-71.619,10.994],[-71.616,10.986],[-71.607,10.987],[-71.615,10.991],[-71.621,10.997],[-71.629,11.005],[-71.638,11.012],[-71.646,11.018],[-71.654,11.025],[-71.662,11.031],[-71.672,11.036],[-71.689,11.041],[-71.711,11.05],[-71.735,11.064],[-71.744,11.07],[-71.763,11.086],[-71.785,11.105],[-71.795,11.116],[-71.809,11.13],[-71.815,11.136],[-71.822,11.145],[-71.842,11.168],[-71.846,11.175],[-71.854,11.186],[-71.862,11.196],[-71.868,11.204],[-71.872,11.212],[-71.879,11.223],[-71.883,11.231],[-71.891,11.245],[-71.901,11.261],[-71.905,11.271],[-71.917,11.296],[-71.925,11.313],[-71.93,11.323],[-71.933,11.332],[-71.938,11.346],[-71.945,11.367],[-71.951,11.379],[-71.953,11.388],[-71.958,11.414],[-71.964,11.434],[-71.964,11.454],[-71.968,11.486],[-71.968,11.499],[-71.969,11.514],[-71.968,11.524],[-71.966,11.537],[-71.964,11.552],[-71.962,11.563],[-71.961,11.571],[-71.958,11.581],[-71.944,11.597],[-71.926,11.6],[-71.915,11.601],[-71.904,11.604],[-71.894,11.612],[-71.884,11.617],[-71.876,11.622],[-71.858,11.624],[-71.85,11.628],[-71.84,11.633],[-71.832,11.635],[-71.821,11.637],[-71.813,11.644],[-71.8,11.643],[-71.788,11.644],[-71.778,11.648],[-71.761,11.658],[-71.747,11.657],[-71.723,11.659],[-71.715,11.661],[-71.707,11.663],[-71.697,11.667],[-71.688,11.671],[-71.677,11.675],[-71.664,11.68],[-71.647,11.68],[-71.64,11.684],[-71.632,11.688],[-71.624,11.689],[-71.615,11.685],[-71.605,11.689],[-71.592,11.691],[-71.58,11.693],[-71.568,11.694],[-71.556,11.695],[-71.547,11.695],[-71.536,11.7],[-71.526,11.704],[-71.513,11.704],[-71.505,11.704],[-71.497,11.707],[-71.484,11.708],[-71.473,11.712],[-71.464,11.713],[-71.457,11.718],[-71.449,11.72],[-71.44,11.72],[-71.435,11.727],[-71.431,11.734],[-71.427,11.741],[-71.42,11.745],[-71.412,11.744],[-71.404,11.745],[-71.397,11.749],[-71.389,11.75],[-71.382,11.754],[-71.381,11.762],[-71.377,11.769],[-71.384,11.774],[-71.376,11.773],[-71.369,11.778],[-71.359,11.781],[-71.351,11.784],[-71.344,11.79],[-71.342,11.8],[-71.344,11.808],[-71.345,11.817],[-71.343,11.826],[-71.341,11.829],[-71.341,11.83]]],[[[-71.047,9.359],[-71.052,9.35],[-71.051,9.341],[-71.054,9.33],[-71.058,9.319],[-71.064,9.311],[-71.076,9.306],[-71.083,9.302],[-71.094,9.294],[-71.105,9.287],[-71.116,9.282],[-71.126,9.279],[-71.133,9.274],[-71.144,9.266],[-71.154,9.258],[-71.16,9.252],[-71.169,9.246],[-71.177,9.243],[-71.186,9.235],[-71.192,9.229],[-71.203,9.214],[-71.21,9.203],[-71.218,9.202],[-71.213,9.195],[-71.206,9.19],[-71.198,9.188],[-71.19,9.185],[-71.183,9.181],[-71.177,9.175],[-71.171,9.169],[-71.167,9.161],[-71.159,9.16],[-71.155,9.153],[-71.147,9.151],[-71.139,9.151],[-71.131,9.153],[-71.123,9.154],[-71.115,9.153],[-71.105,9.152],[-71.097,9.152],[-71.089,9.149],[-71.084,9.142],[-71.08,9.135],[-71.079,9.126],[-71.076,9.118],[-71.068,9.112],[-71.059,9.108],[-71.051,9.105],[-71.042,9.102],[-71.035,9.097],[-71.032,9.089],[-71.0,9.11],[-70.988,9.12],[-70.96,9.143],[-70.95,9.151],[-70.937,9.162],[-70.903,9.189],[-70.898,9.196],[-70.898,9.204],[-70.904,9.21],[-70.907,9.219],[-70.899,9.223],[-70.892,9.228],[-70.895,9.237],[-70.899,9.244],[-70.9,9.255],[-70.901,9.263],[-70.91,9.27],[-70.915,9.277],[-70.923,9.278],[-70.932,9.281],[-70.94,9.284],[-70.948,9.29],[-70.95,9.298],[-70.954,9.305],[-70.962,9.313],[-70.971,9.319],[-70.978,9.323],[-70.983,9.33],[-70.99,9.336],[-71.0,9.335],[-71.008,9.336],[-71.016,9.338],[-71.022,9.344],[-71.029,9.349],[-71.037,9.35],[-71.044,9.354],[-71.047,9.358],[-71.047,9.359]]],[[[-71.59,10.693],[-71.59,10.693],[-71.59,10.693]]],[[[-71.623,10.735],[-71.624,10.735],[-71.624,10.735],[-71.623,10.735]]],[[[-71.623,10.737],[-71.623,10.737],[-71.623,10.737]]],[[[-71.62,10.737],[-71.62,10.737],[-71.62,10.737]]],[[[-71.631,10.859],[-71.632,10.859],[-71.633,10.859],[-71.631,10.859]]],[[[-71.629,10.868],[-71.63,10.868],[-71.631,10.866],[-71.629,10.868]]],[[[-71.627,10.871],[-71.626,10.873],[-71.626,10.876],[-71.627,10.871]]],[[[-71.622,10.882],[-71.622,10.884],[-71.623,10.885],[-71.622,10.882]]],[[[-71.622,10.889],[-71.622,10.891],[-71.622,10.892],[-71.622,10.889]]],[[[-71.62,10.899],[-71.62,10.9],[-71.62,10.9],[-71.62,10.899]]],[[[-71.499,10.936],[-71.504,10.944],[-71.514,10.945],[-71.512,10.936],[-71.502,10.934],[-71.499,10.935],[-71.499,10.936]]],[[[-71.598,10.913],[-71.595,10.921],[-71.593,10.929],[-71.591,10.937],[-71.59,10.946],[-71.597,10.942],[-71.604,10.936],[-71.6,10.928],[-71.601,10.92],[-71.601,10.91],[-71.598,10.913]]],[[[-71.648,10.961],[-71.657,10.964],[-71.666,10.965],[-71.674,10.959],[-71.682,10.961],[-71.675,10.955],[-71.665,10.951],[-71.655,10.95],[-71.647,10.953],[-71.638,10.953],[-71.63,10.952],[-71.635,10.959],[-71.645,10.959],[-71.648,10.961]]],[[[-71.27,10.974],[-71.278,10.971],[-71.285,10.966],[-71.294,10.967],[-71.301,10.963],[-71.311,10.963],[-71.32,10.962],[-71.329,10.961],[-71.337,10.961],[-71.346,10.963],[-71.355,10.964],[-71.364,10.967],[-71.373,10.968],[-71.382,10.969],[-71.391,10.97],[-71.401,10.97],[-71.409,10.969],[-71.419,10.969],[-71.432,10.967],[-71.442,10.965],[-71.453,10.963],[-71.461,10.962],[-71.468,10.958],[-71.476,10.953],[-71.486,10.953],[-71.496,10.952],[-71.503,10.948],[-71.494,10.947],[-71.487,10.951],[-71.479,10.949],[-71.475,10.942],[-71.471,10.935],[-71.465,10.927],[-71.458,10.922],[-71.453,10.915],[-71.445,10.911],[-71.439,10.905],[-71.431,10.901],[-71.423,10.904],[-71.416,10.908],[-71.41,10.914],[-71.412,10.906],[-71.417,10.899],[-71.419,10.891],[-71.425,10.884],[-71.433,10.884],[-71.441,10.881],[-71.447,10.874],[-71.446,10.866],[-71.444,10.856],[-71.441,10.846],[-71.437,10.835],[-71.434,10.826],[-71.433,10.817],[-71.432,10.809],[-71.432,10.799],[-71.439,10.793],[-71.45,10.792],[-71.463,10.793],[-71.473,10.795],[-71.481,10.797],[-71.49,10.797],[-71.498,10.799],[-71.507,10.798],[-71.516,10.799],[-71.525,10.799],[-71.539,10.798],[-71.548,10.797],[-71.558,10.796],[-71.566,10.795],[-71.576,10.794],[-71.587,10.798],[-71.592,10.791],[-71.584,10.784],[-71.575,10.782],[-71.567,10.777],[-71.563,10.769],[-71.553,10.763],[-71.542,10.76],[-71.536,10.754],[-71.536,10.745],[-71.531,10.734],[-71.525,10.726],[-71.525,10.718],[-71.53,10.709],[-71.526,10.702],[-71.522,10.695],[-71.526,10.686],[-71.531,10.678],[-71.534,10.67],[-71.528,10.663],[-71.522,10.657],[-71.525,10.647],[-71.531,10.638],[-71.523,10.63],[-71.514,10.627],[-71.507,10.622],[-71.5,10.616],[-71.496,10.609],[-71.5,10.602],[-71.509,10.601],[-71.517,10.597],[-71.524,10.593],[-71.532,10.589],[-71.534,10.579],[-71.533,10.57],[-71.532,10.56],[-71.538,10.552],[-71.534,10.545],[-71.525,10.541],[-71.52,10.532],[-71.514,10.523],[-71.507,10.517],[-71.5,10.513],[-71.492,10.509],[-71.484,10.506],[-71.476,10.502],[-71.469,10.498],[-71.462,10.491],[-71.458,10.484],[-71.458,10.475],[-71.454,10.465],[-71.452,10.455],[-71.454,10.445],[-71.461,10.435],[-71.467,10.427],[-71.467,10.417],[-71.472,10.407],[-71.476,10.399],[-71.477,10.391],[-71.469,10.387],[-71.461,10.383],[-71.455,10.373],[-71.446,10.37],[-71.439,10.365],[-71.431,10.356],[-71.426,10.346],[-71.421,10.339],[-71.417,10.33],[-71.416,10.321],[-71.412,10.312],[-71.406,10.302],[-71.401,10.295],[-71.396,10.288],[-71.389,10.281],[-71.381,10.272],[-71.376,10.264],[-71.373,10.256],[-71.37,10.246],[-71.369,10.235],[-71.366,10.227],[-71.36,10.219],[-71.355,10.212],[-71.347,10.205],[-71.342,10.198],[-71.334,10.197],[-71.327,10.193],[-71.319,10.187],[-71.311,10.182],[-71.305,10.175],[-71.295,10.171],[-71.287,10.163],[-71.282,10.156],[-71.276,10.146],[-71.271,10.138],[-71.264,10.128],[-71.26,10.121],[-71.256,10.113],[-71.253,10.105],[-71.249,10.095],[-71.243,10.08],[-71.239,10.07],[-71.236,10.057],[-71.236,10.048],[-71.237,10.039],[-71.232,10.031],[-71.228,10.023],[-71.23,10.014],[-71.221,10.011],[-71.217,10.002],[-71.215,9.992],[-71.215,9.983],[-71.212,9.973],[-71.204,9.969],[-71.195,9.97],[-71.185,9.97],[-71.153,9.953],[-71.144,9.942],[-71.138,9.936],[-71.131,9.927],[-71.125,9.919],[-71.118,9.91],[-71.11,9.899],[-71.094,9.875],[-71.09,9.867],[-71.085,9.857],[-71.081,9.849],[-71.077,9.837],[-71.078,9.829],[-71.081,9.821],[-71.082,9.829],[-71.088,9.822],[-71.09,9.812],[-71.085,9.803],[-71.078,9.793],[-71.067,9.779],[-71.058,9.767],[-71.053,9.758],[-71.049,9.751],[-71.042,9.746],[-71.035,9.737],[-71.031,9.728],[-71.029,9.719],[-71.026,9.711],[-71.035,9.71],[-71.041,9.703],[-71.048,9.696],[-71.05,9.685],[-71.047,9.675],[-71.046,9.666],[-71.05,9.659],[-71.051,9.651],[-71.051,9.64],[-71.053,9.632],[-71.059,9.625],[-71.061,9.617],[-71.054,9.61],[-71.045,9.606],[-71.036,9.603],[-71.028,9.605],[-71.018,9.603],[-71.009,9.6],[-70.999,9.599],[-70.99,9.598],[-70.982,9.595],[-70.97,9.595],[-70.962,9.592],[-70.954,9.59],[-70.945,9.591],[-70.937,9.593],[-70.929,9.594],[-70.922,9.588],[-70.918,9.595],[-70.91,9.59],[-70.909,9.582],[-70.903,9.588],[-70.896,9.592],[-70.888,9.588],[-70.879,9.588],[-70.87,9.589],[-70.862,9.591],[-70.853,9.587],[-70.845,9.585],[-70.79,9.69],[-70.78,9.688],[-70.771,9.686],[-70.764,9.691],[-70.763,9.7],[-70.761,9.708],[-70.757,9.715],[-70.753,9.722],[-70.748,9.73],[-70.747,9.738],[-70.746,9.749],[-70.743,9.758],[-70.735,9.76],[-70.728,9.756],[-70.721,9.752],[-70.713,9.753],[-70.705,9.757],[-70.695,9.76],[-70.692,9.77],[-70.69,9.778],[-70.687,9.787],[-70.687,9.796],[-70.683,9.804],[-70.676,9.808],[-70.669,9.815],[-70.669,9.826],[-70.672,9.834],[-70.672,9.842],[-70.677,9.849],[-70.681,9.856],[-70.683,9.864],[-70.688,9.871],[-70.695,9.876],[-70.7,9.883],[-70.709,9.884],[-70.72,9.887],[-70.73,9.891],[-70.738,9.893],[-70.745,9.9],[-70.744,9.91],[-70.751,9.916],[-70.759,9.918],[-70.767,9.921],[-70.777,9.919],[-70.785,9.918],[-70.83,9.974],[-70.845,9.996],[-70.865,10.024],[-70.881,10.047],[-70.88,10.055],[-70.871,10.058],[-70.865,10.065],[-70.858,10.07],[-70.848,10.071],[-70.842,10.077],[-70.842,10.088],[-70.842,10.096],[-70.813,10.11],[-70.787,10.121],[-70.779,10.128],[-70.772,10.134],[-70.764,10.133],[-70.756,10.137],[-70.75,10.143],[-70.742,10.147],[-70.736,10.153],[-70.735,10.161],[-70.734,10.17],[-70.731,10.178],[-70.727,10.187],[-70.721,10.194],[-70.711,10.197],[-70.705,10.203],[-70.706,10.213],[-70.709,10.222],[-70.707,10.23],[-70.702,10.24],[-70.699,10.248],[-70.696,10.256],[-70.695,10.265],[-70.696,10.273],[-70.694,10.281],[-70.691,10.29],[-70.691,10.298],[-70.7,10.304],[-70.711,10.303],[-70.722,10.304],[-70.731,10.306],[-70.738,10.315],[-70.745,10.322],[-70.755,10.326],[-70.763,10.33],[-70.761,10.339],[-70.761,10.348],[-70.764,10.357],[-70.766,10.367],[-70.76,10.373],[-70.758,10.381],[-70.759,10.389],[-70.761,10.398],[-70.768,10.404],[-70.773,10.414],[-70.773,10.422],[-70.781,10.428],[-70.785,10.437],[-70.791,10.445],[-70.795,10.455],[-70.798,10.463],[-70.802,10.47],[-70.81,10.468],[-70.818,10.464],[-70.828,10.464],[-70.839,10.459],[-70.846,10.454],[-70.853,10.459],[-70.861,10.461],[-70.867,10.454],[-70.874,10.45],[-70.882,10.45],[-70.887,10.458],[-70.894,10.462],[-70.901,10.466],[-70.909,10.465],[-70.917,10.468],[-70.925,10.467],[-70.936,10.468],[-70.944,10.467],[-70.952,10.466],[-70.958,10.472],[-70.957,10.48],[-70.964,10.485],[-70.971,10.489],[-70.971,10.498],[-70.978,10.502],[-70.986,10.5],[-70.991,10.507],[-70.998,10.512],[-71.003,10.505],[-71.012,10.505],[-71.019,10.511],[-71.02,10.519],[-71.019,10.527],[-71.021,10.535],[-71.02,10.544],[-71.024,10.552],[-71.028,10.559],[-71.025,10.567],[-71.026,10.575],[-71.034,10.575],[-71.041,10.579],[-71.048,10.583],[-71.048,10.592],[-71.053,10.599],[-71.059,10.605],[-71.067,10.606],[-71.074,10.61],[-71.078,10.617],[-71.084,10.623],[-71.086,10.632],[-71.082,10.64],[-71.083,10.648],[-71.083,10.656],[-71.086,10.666],[-71.089,10.674],[-71.096,10.679],[-71.095,10.687],[-71.089,10.694],[-71.09,10.702],[-71.096,10.708],[-71.093,10.716],[-71.094,10.724],[-71.095,10.732],[-71.095,10.74],[-71.101,10.746],[-71.095,10.752],[-71.099,10.759],[-71.098,10.767],[-71.102,10.774],[-71.108,10.78],[-71.115,10.784],[-71.122,10.79],[-71.129,10.794],[-71.131,10.802],[-71.138,10.807],[-71.146,10.81],[-71.153,10.814],[-71.161,10.815],[-71.168,10.82],[-71.175,10.825],[-71.182,10.829],[-71.187,10.836],[-71.19,10.844],[-71.196,10.851],[-71.199,10.859],[-71.2,10.867],[-71.201,10.875],[-71.204,10.883],[-71.209,10.89],[-71.213,10.897],[-71.217,10.904],[-71.217,10.912],[-71.22,10.92],[-71.221,10.928],[-71.225,10.935],[-71.233,10.936],[-71.241,10.939],[-71.249,10.941],[-71.256,10.945],[-71.265,10.945],[-71.269,10.952],[-71.271,10.96],[-71.269,10.968],[-71.27,10.973],[-71.27,10.974]]],[[[-71.635,10.98],[-71.644,10.983],[-71.642,10.974],[-71.633,10.975],[-71.629,10.982],[-71.633,10.979],[-71.635,10.98]]],[[[-71.608,10.98],[-71.617,10.983],[-71.621,10.991],[-71.626,10.984],[-71.628,10.976],[-71.63,10.968],[-71.62,10.968],[-71.613,10.963],[-71.607,10.956],[-71.607,10.965],[-71.611,10.973],[-71.607,10.978],[-71.608,10.98]]],[[[-71.578,10.988],[-71.585,10.992],[-71.595,10.989],[-71.591,10.981],[-71.582,10.983],[-71.576,10.975],[-71.566,10.972],[-71.559,10.967],[-71.552,10.963],[-71.544,10.96],[-71.544,10.951],[-71.535,10.948],[-71.538,10.956],[-71.541,10.965],[-71.549,10.973],[-71.557,10.978],[-71.569,10.983],[-71.578,10.988]]]]}},{"type":"Feature","id":25,"properties":{"adm1_name":"Dependencias Federales","adm1_pcode":null,"source_id":25},"geometry":{"type":"MultiPolygon","coordinates":[[[[-65.307,10.976],[-65.314,10.971],[-65.323,10.972],[-65.332,10.973],[-65.341,10.974],[-65.349,10.97],[-65.359,10.969],[-65.367,10.97],[-65.374,10.963],[-65.385,10.959],[-65.393,10.953],[-65.398,10.946],[-65.407,10.939],[-65.413,10.931],[-65.421,10.926],[-65.423,10.918],[-65.415,10.917],[-65.407,10.918],[-65.395,10.911],[-65.387,10.913],[-65.377,10.911],[-65.368,10.91],[-65.363,10.903],[-65.355,10.902],[-65.343,10.898],[-65.335,10.893],[-65.324,10.89],[-65.316,10.889],[-65.309,10.884],[-65.298,10.883],[-65.29,10.884],[-65.28,10.887],[-65.27,10.887],[-65.262,10.888],[-65.253,10.891],[-65.246,10.897],[-65.237,10.898],[-65.244,10.892],[-65.236,10.894],[-65.228,10.895],[-65.219,10.896],[-65.21,10.895],[-65.202,10.898],[-65.209,10.903],[-65.205,10.91],[-65.206,10.919],[-65.212,10.925],[-65.219,10.93],[-65.224,10.94],[-65.224,10.948],[-65.226,10.956],[-65.227,10.948],[-65.236,10.944],[-65.244,10.946],[-65.254,10.948],[-65.263,10.952],[-65.273,10.957],[-65.281,10.96],[-65.292,10.968],[-65.299,10.974],[-65.305,10.975],[-65.307,10.976]]],[[[-61.855,10.641],[-61.863,10.641],[-61.871,10.639],[-61.863,10.638],[-61.855,10.64],[-61.855,10.641]]],[[[-65.43,10.964],[-65.437,10.959],[-65.432,10.959],[-65.43,10.964]]],[[[-65.416,10.968],[-65.425,10.969],[-65.418,10.963],[-65.415,10.966],[-65.416,10.968]]],[[[-65.385,10.992],[-65.379,10.986],[-65.383,10.992],[-65.385,10.992]]],[[[-63.738,11.2],[-63.735,11.192],[-63.728,11.187],[-63.729,11.195],[-63.736,11.201],[-63.737,11.2],[-63.738,11.2]]],[[[-63.718,11.205],[-63.719,11.206],[-63.72,11.207],[-63.718,11.205]]],[[[-63.753,11.211],[-63.75,11.203],[-63.752,11.211],[-63.753,11.211]]],[[[-63.729,11.213],[-63.729,11.213],[-63.73,11.214],[-63.729,11.213]]],[[[-63.766,11.218],[-63.767,11.218],[-63.767,11.219],[-63.766,11.218]]],[[[-63.08,11.365],[-63.082,11.373],[-63.091,11.373],[-63.086,11.365],[-63.082,11.365],[-63.08,11.365]]],[[[-63.106,11.358],[-63.113,11.362],[-63.118,11.372],[-63.116,11.383],[-63.129,11.38],[-63.14,11.38],[-63.135,11.371],[-63.124,11.363],[-63.113,11.351],[-63.111,11.35],[-63.106,11.358]]],[[[-64.4,11.717],[-64.402,11.726],[-64.406,11.719],[-64.404,11.716],[-64.4,11.717]]],[[[-66.733,11.778],[-66.741,11.777],[-66.748,11.773],[-66.755,11.769],[-66.762,11.765],[-66.77,11.762],[-66.777,11.758],[-66.783,11.752],[-66.79,11.748],[-66.798,11.745],[-66.809,11.743],[-66.818,11.744],[-66.826,11.741],[-66.835,11.74],[-66.844,11.739],[-66.852,11.744],[-66.848,11.736],[-66.839,11.736],[-66.831,11.738],[-66.822,11.74],[-66.813,11.741],[-66.804,11.742],[-66.793,11.745],[-66.786,11.749],[-66.778,11.755],[-66.769,11.758],[-66.762,11.762],[-66.753,11.767],[-66.743,11.774],[-66.734,11.776],[-66.726,11.774],[-66.732,11.778],[-66.733,11.778]]],[[[-64.417,11.783],[-64.425,11.787],[-64.42,11.781],[-64.417,11.783]]],[[[-66.891,11.793],[-66.89,11.794],[-66.89,11.795],[-66.891,11.793]]],[[[-66.596,11.822],[-66.595,11.822],[-66.596,11.822]]],[[[-66.113,11.824],[-66.121,11.822],[-66.13,11.82],[-66.139,11.818],[-66.148,11.817],[-66.157,11.816],[-66.166,11.815],[-66.174,11.815],[-66.183,11.815],[-66.193,11.815],[-66.202,11.814],[-66.198,11.806],[-66.193,11.799],[-66.185,11.795],[-66.176,11.788],[-66.165,11.781],[-66.157,11.777],[-66.148,11.771],[-66.139,11.768],[-66.13,11.768],[-66.12,11.77],[-66.115,11.777],[-66.109,11.785],[-66.104,11.792],[-66.101,11.801],[-66.1,11.809],[-66.103,11.818],[-66.11,11.823],[-66.112,11.823],[-66.113,11.824]]],[[[-66.941,11.82],[-66.948,11.825],[-66.942,11.819],[-66.934,11.82],[-66.941,11.819],[-66.941,11.82]]],[[[-66.605,11.826],[-66.613,11.823],[-66.621,11.822],[-66.621,11.811],[-66.616,11.802],[-66.618,11.794],[-66.625,11.79],[-66.626,11.781],[-66.631,11.774],[-66.638,11.77],[-66.645,11.764],[-66.654,11.761],[-66.663,11.758],[-66.672,11.757],[-66.68,11.759],[-66.689,11.761],[-66.696,11.766],[-66.704,11.767],[-66.695,11.763],[-66.686,11.76],[-66.679,11.756],[-66.67,11.752],[-66.661,11.756],[-66.65,11.759],[-66.637,11.759],[-66.625,11.76],[-66.613,11.759],[-66.602,11.764],[-66.59,11.768],[-66.583,11.774],[-66.591,11.777],[-66.595,11.77],[-66.604,11.766],[-66.611,11.772],[-66.607,11.78],[-66.6,11.786],[-66.605,11.778],[-66.598,11.782],[-66.596,11.791],[-66.597,11.799],[-66.589,11.8],[-66.588,11.808],[-66.589,11.816],[-66.599,11.816],[-66.598,11.808],[-66.602,11.801],[-66.606,11.794],[-66.607,11.802],[-66.61,11.81],[-66.612,11.818],[-66.607,11.825],[-66.605,11.825],[-66.605,11.826]]],[[[-66.118,11.828],[-66.118,11.828],[-66.119,11.827],[-66.118,11.828]]],[[[-66.595,11.824],[-66.594,11.824],[-66.594,11.825],[-66.595,11.824]]],[[[-66.953,11.832],[-66.953,11.832],[-66.953,11.832]]],[[[-66.568,11.832],[-66.568,11.832],[-66.568,11.832]]],[[[-66.124,11.833],[-66.123,11.834],[-66.123,11.834],[-66.124,11.833]]],[[[-66.596,11.83],[-66.597,11.838],[-66.597,11.83],[-66.596,11.83]]],[[[-66.568,11.835],[-66.568,11.835],[-66.567,11.836],[-66.568,11.835]]],[[[-66.568,11.841],[-66.568,11.841],[-66.568,11.842],[-66.568,11.841]]],[[[-66.592,11.843],[-66.59,11.835],[-66.586,11.827],[-66.582,11.818],[-66.58,11.807],[-66.581,11.796],[-66.583,11.787],[-66.58,11.795],[-66.578,11.806],[-66.58,11.819],[-66.585,11.83],[-66.59,11.839],[-66.59,11.842],[-66.592,11.843]]],[[[-66.604,11.847],[-66.6,11.839],[-66.602,11.847],[-66.603,11.847],[-66.604,11.847]]],[[[-66.93,11.849],[-66.925,11.842],[-66.929,11.849],[-66.93,11.849]]],[[[-66.574,11.848],[-66.574,11.848],[-66.574,11.849],[-66.574,11.848]]],[[[-66.58,11.85],[-66.58,11.85],[-66.58,11.85]]],[[[-66.597,11.851],[-66.598,11.851],[-66.598,11.85],[-66.597,11.851]]],[[[-66.574,11.85],[-66.574,11.851],[-66.574,11.851],[-66.574,11.85]]],[[[-66.938,11.852],[-66.938,11.852],[-66.938,11.852]]],[[[-66.814,11.854],[-66.815,11.854],[-66.816,11.854],[-66.814,11.854]]],[[[-66.598,11.857],[-66.598,11.857],[-66.599,11.858],[-66.598,11.857]]],[[[-66.117,11.858],[-66.117,11.859],[-66.117,11.859],[-66.117,11.858]]],[[[-66.773,11.859],[-66.78,11.855],[-66.788,11.853],[-66.779,11.853],[-66.771,11.854],[-66.772,11.858],[-66.773,11.859]]],[[[-66.579,11.861],[-66.579,11.861],[-66.579,11.862],[-66.579,11.861]]],[[[-66.577,11.862],[-66.576,11.862],[-66.576,11.863],[-66.577,11.862]]],[[[-66.606,11.849],[-66.607,11.858],[-66.614,11.864],[-66.617,11.856],[-66.617,11.847],[-66.608,11.843],[-66.606,11.847],[-66.606,11.849]]],[[[-66.711,11.865],[-66.719,11.863],[-66.727,11.862],[-66.736,11.862],[-66.745,11.862],[-66.753,11.861],[-66.761,11.86],[-66.769,11.862],[-66.761,11.858],[-66.754,11.854],[-66.748,11.86],[-66.74,11.86],[-66.732,11.861],[-66.724,11.862],[-66.716,11.862],[-66.71,11.865],[-66.711,11.865]]],[[[-66.818,11.866],[-66.81,11.864],[-66.802,11.863],[-66.794,11.864],[-66.786,11.861],[-66.778,11.858],[-66.785,11.863],[-66.793,11.865],[-66.804,11.866],[-66.813,11.866],[-66.816,11.866],[-66.818,11.866]]],[[[-66.584,11.866],[-66.583,11.866],[-66.583,11.867],[-66.584,11.866]]],[[[-66.098,11.87],[-66.1,11.862],[-66.094,11.856],[-66.094,11.847],[-66.098,11.839],[-66.106,11.838],[-66.112,11.832],[-66.105,11.827],[-66.098,11.833],[-66.095,11.841],[-66.092,11.849],[-66.093,11.857],[-66.093,11.865],[-66.098,11.869],[-66.098,11.87]]],[[[-66.852,11.872],[-66.86,11.87],[-66.868,11.866],[-66.872,11.859],[-66.866,11.865],[-66.858,11.869],[-66.85,11.868],[-66.851,11.872],[-66.852,11.872]]],[[[-66.593,11.869],[-66.593,11.87],[-66.592,11.87],[-66.593,11.869]]],[[[-66.581,11.871],[-66.58,11.871],[-66.58,11.871],[-66.581,11.871]]],[[[-66.575,11.872],[-66.575,11.872],[-66.575,11.872]]],[[[-66.685,11.873],[-66.693,11.874],[-66.689,11.866],[-66.691,11.858],[-66.684,11.862],[-66.685,11.871],[-66.685,11.872],[-66.685,11.873]]],[[[-66.596,11.874],[-66.595,11.874],[-66.595,11.874],[-66.596,11.874]]],[[[-66.722,11.876],[-66.73,11.873],[-66.722,11.871],[-66.714,11.872],[-66.721,11.876],[-66.722,11.876]]],[[[-66.592,11.877],[-66.592,11.877],[-66.592,11.878],[-66.592,11.877]]],[[[-66.846,11.884],[-66.846,11.885],[-66.847,11.885],[-66.846,11.884]]],[[[-66.825,11.888],[-66.826,11.888],[-66.826,11.888],[-66.825,11.888]]],[[[-66.799,11.89],[-66.794,11.883],[-66.786,11.881],[-66.778,11.883],[-66.786,11.885],[-66.794,11.886],[-66.799,11.889],[-66.799,11.89]]],[[[-66.607,11.881],[-66.605,11.889],[-66.609,11.882],[-66.608,11.881],[-66.607,11.881]]],[[[-66.6,11.877],[-66.594,11.884],[-66.589,11.891],[-66.595,11.885],[-66.601,11.879],[-66.6,11.876],[-66.6,11.877]]],[[[-66.654,11.894],[-66.648,11.888],[-66.647,11.88],[-66.64,11.884],[-66.633,11.88],[-66.626,11.873],[-66.62,11.867],[-66.612,11.866],[-66.606,11.86],[-66.61,11.867],[-66.616,11.873],[-66.622,11.88],[-66.629,11.884],[-66.635,11.89],[-66.643,11.892],[-66.651,11.893],[-66.653,11.894],[-66.654,11.894]]],[[[-66.578,11.89],[-66.577,11.882],[-66.571,11.876],[-66.567,11.868],[-66.57,11.86],[-66.569,11.852],[-66.567,11.844],[-66.567,11.852],[-66.568,11.86],[-66.566,11.852],[-66.565,11.844],[-66.566,11.836],[-66.567,11.828],[-66.569,11.82],[-66.57,11.812],[-66.574,11.805],[-66.573,11.796],[-66.579,11.789],[-66.58,11.781],[-66.571,11.793],[-66.569,11.802],[-66.566,11.811],[-66.563,11.824],[-66.562,11.832],[-66.562,11.847],[-66.561,11.856],[-66.563,11.865],[-66.566,11.873],[-66.569,11.881],[-66.573,11.888],[-66.576,11.89],[-66.578,11.89]]],[[[-64.562,11.816],[-64.557,11.823],[-64.555,11.836],[-64.558,11.847],[-64.562,11.856],[-64.569,11.866],[-64.58,11.878],[-64.588,11.882],[-64.597,11.89],[-64.605,11.893],[-64.617,11.892],[-64.621,11.877],[-64.633,11.857],[-64.64,11.853],[-64.647,11.845],[-64.646,11.835],[-64.643,11.826],[-64.632,11.817],[-64.623,11.814],[-64.604,11.814],[-64.596,11.81],[-64.587,11.808],[-64.574,11.807],[-64.567,11.811],[-64.562,11.816]]],[[[-66.808,11.898],[-66.804,11.891],[-66.807,11.898],[-66.808,11.898]]],[[[-66.877,11.898],[-66.869,11.896],[-66.861,11.894],[-66.853,11.892],[-66.846,11.888],[-66.852,11.894],[-66.86,11.895],[-66.868,11.897],[-66.876,11.898],[-66.877,11.898]]],[[[-66.739,11.902],[-66.735,11.895],[-66.733,11.887],[-66.727,11.881],[-66.727,11.89],[-66.733,11.896],[-66.738,11.901],[-66.739,11.902]]],[[[-66.822,11.913],[-66.822,11.913],[-66.823,11.914],[-66.822,11.913]]],[[[-66.832,11.914],[-66.84,11.914],[-66.833,11.914],[-66.832,11.914]]],[[[-66.633,11.938],[-66.641,11.935],[-66.633,11.933],[-66.625,11.935],[-66.632,11.938],[-66.633,11.938]]],[[[-66.66,11.934],[-66.654,11.928],[-66.653,11.936],[-66.66,11.933],[-66.66,11.934]]],[[[-66.649,11.948],[-66.648,11.949],[-66.648,11.949],[-66.649,11.948]]],[[[-66.648,11.955],[-66.649,11.955],[-66.649,11.955],[-66.648,11.955]]],[[[-66.62,11.954],[-66.629,11.958],[-66.637,11.957],[-66.635,11.949],[-66.625,11.95],[-66.617,11.945],[-66.613,11.938],[-66.607,11.93],[-66.603,11.923],[-66.596,11.918],[-66.599,11.927],[-66.604,11.938],[-66.611,11.947],[-66.616,11.952],[-66.62,11.954]]],[[[-66.692,11.957],[-66.685,11.951],[-66.676,11.945],[-66.667,11.946],[-66.671,11.953],[-66.679,11.954],[-66.687,11.955],[-66.691,11.957],[-66.692,11.957]]],[[[-66.642,11.96],[-66.643,11.961],[-66.643,11.961],[-66.642,11.96]]],[[[-66.646,11.966],[-66.654,11.968],[-66.656,11.96],[-66.649,11.964],[-66.647,11.966],[-66.646,11.966]]],[[[-70.901,12.362],[-70.9,12.362],[-70.9,12.363],[-70.901,12.362]]],[[[-70.857,12.389],[-70.857,12.391],[-70.858,12.392],[-70.857,12.389]]],[[[-70.917,12.486],[-70.916,12.487],[-70.915,12.487],[-70.917,12.486]]],[[[-70.925,12.495],[-70.923,12.495],[-70.923,12.496],[-70.925,12.495]]]]}}]}